Frame,Time,C7_X,C7_Y,C7_Z,STRN_X,STRN_Y,STRN_Z,RSHO_X,RSHO_Y,RSHO_Z,RELB_X,RELB_Y,RELB_Z,RWRA_X,RWRA_Y,RWRA_Z,LSHO_X,LSHO_Y,LSHO_Z,LELB_X,LELB_Y,LELB_Z,LWRA_X,LWRA_Y,LWRA_Z
1,0.0,10.371257,1342.2026,-213.27336,22.09025,1070.1969,20.245041,-126.3393,1332.296,-123.2481,-236.74844,999.04828,-144.21698,-193.85774,801.78174,-24.902079,144.98352,1343.0668,-131.39452,263.9292,1008.9338,-133.01175,214.70886,798.06238,-47.525852
2,0.01,10.37074,1342.2014,-213.3138,22.024797,1070.1833,20.289583,-126.34184,1332.3063,-123.24979,-236.78181,999.06989,-144.17046,-193.86971,801.83777,-24.811504,144.99509,1343.0405,-131.37987,263.86801,1008.8595,-132.92471,214.54152,798.03455,-47.411449
3,0.02,10.375268,1342.1747,-213.29483,21.978617,1070.1614,20.303293,-126.36349,1332.3268,-123.23796,-236.82127,999.07428,-144.12109,-193.94936,801.86591,-24.725323,144.99452,1343.0012,-131.38168,263.80035,1008.7875,-132.86159,214.40958,797.98822,-47.285782
4,0.03,10.369243,1342.1169,-213.21069,21.978619,1070.1614,20.303288,-126.34908,1332.3361,-123.23432,-236.8475,999.12207,-144.06683,-193.9877,801.90631,-24.660385,144.9944,1342.9663,-131.38142,263.69763,1008.7087,-132.77843,214.2718,797.95868,-47.1717
5,0.04,10.350795,1342.1301,-213.20895,21.938648,1070.1588,20.338011,-126.35513,1332.3342,-123.19437,-236.883,999.12012,-144.0473,-194.06769,801.91583,-24.57935,145.03368,1342.9197,-131.36653,263.60693,1008.6459,-132.69119,214.16422,797.89734,-47.096409
6,0.05,10.368984,1342.1207,-213.2128,21.913,1070.1799,20.388998,-126.33644,1332.3455,-123.15553,-236.87915,999.15735,-143.9615,-194.07161,801.94427,-24.472637,145.03087,1342.8934,-131.37872,263.54636,1008.5814,-132.59789,214.02786,797.8924,-46.976696
7,0.06,10.368997,1342.1207,-213.21043,21.902933,1070.1597,20.42264,-126.31657,1332.3632,-123.12857,-236.90674,999.19452,-143.90265,-194.18298,801.96924,-24.374821,145.03255,1342.844,-131.37761,263.465,1008.5179,-132.52365,213.92627,797.87909,-46.809746
8,0.07,10.376246,1342.0739,-213.17825,21.882248,1070.1522,20.414492,-126.31388,1332.3644,-123.00008,-236.94054,999.20667,-143.8172,-194.23619,801.99298,-24.258703,145.03282,1342.8271,-131.37831,263.37643,1008.4616,-132.45741,213.80278,797.79285,-46.743073
9,0.08,10.372022,1342.0551,-213.13367,21.865833,1070.1351,20.454603,-126.30936,1332.3785,-123.04127,-236.9563,999.24951,-143.76202,-194.28893,802.01611,-24.141073,145.05191,1342.7942,-131.31174,263.31873,1008.4131,-132.39287,213.67032,797.79077,-46.617767
10,0.09,10.366913,1342.0374,-213.06049,21.834198,1070.1356,20.49509,-126.26711,1332.3741,-122.97466,-237.00375,999.26215,-143.66333,-194.3732,802.03705,-24.074219,145.05678,1342.7468,-131.28227,263.29419,1008.3428,-132.3201,213.51401,797.76453,-46.494858
11,0.1,10.366063,1342.038,-213.06134,21.822424,1070.1176,20.520685,-126.2558,1332.4047,-122.9684,-237.05528,999.27979,-143.60335,-194.42557,802.0741,-23.959337,145.07288,1342.7401,-131.27692,263.22763,1008.2913,-132.25677,213.40591,797.78992,-46.340908
12,0.11,10.389334,1342.0369,-212.99771,21.813189,1070.0863,20.534323,-126.24225,1332.3949,-122.86293,-237.0428,999.29681,-143.51666,-194.5065,802.09406,-23.86162,145.08406,1342.7059,-131.22479,263.19937,1008.2458,-132.16734,213.31444,797.74707,-46.273022
13,0.12,10.366269,1341.9839,-212.87808,21.800192,1070.0817,20.567057,-126.24219,1332.4092,-122.82011,-237.10979,999.31964,-143.41664,-194.56038,802.16736,-23.810713,145.08559,1342.6775,-131.20245,263.11896,1008.1672,-132.11081,213.2341,797.75568,-46.110497
14,0.13,10.347728,1342.0021,-212.90068,21.796625,1070.0682,20.621315,-126.22183,1332.4114,-122.73465,-237.10519,999.33752,-143.37445,-194.61464,802.18036,-23.704023,145.07822,1342.6433,-131.17412,263.05356,1008.129,-132.07047,213.09952,798.22168,-44.753632
15,0.14,10.366953,1341.9811,-212.80545,21.767418,1070.0448,20.658344,-126.23929,1332.4064,-122.69786,-237.15686,999.3739,-143.26674,-194.66479,802.21423,-23.604097,145.09566,1342.6348,-131.1537,263.01199,1008.0929,-131.9977,213.0507,798.18097,-44.644634
16,0.15,10.369553,1341.9932,-212.78467,21.790079,1070.0309,20.724428,-126.23176,1332.4047,-122.65153,-237.20767,999.38422,-143.17737,-194.76898,802.24072,-23.51,145.11597,1342.6051,-131.11407,262.9494,1008.0472,-131.99411,212.94798,798.13654,-44.64875
17,0.16,10.397661,1341.9982,-212.75453,21.743616,1070.0142,20.751137,-126.21179,1332.3942,-122.53709,-237.27647,999.38196,-143.06418,-194.83421,802.23492,-23.335867,145.1077,1342.6006,-131.03841,262.89706,1008.0104,-131.92514,212.88243,798.12677,-44.536568
18,0.17,10.391864,1341.973,-212.63576,21.745701,1070.0107,20.728565,-126.21841,1332.415,-122.50311,-237.31168,999.39465,-143.00984,-194.86186,802.25964,-23.264351,145.13205,1342.5835,-131.02525,262.87265,1007.9766,-131.88773,212.83755,798.11737,-44.436409
19,0.18,10.394749,1341.9471,-212.54416,21.72171,1069.9949,20.757837,-126.20579,1332.4095,-122.41424,-237.32021,999.38605,-142.91672,-194.90974,802.25702,-23.150763,145.13747,1342.5681,-130.92976,262.84479,1007.9738,-131.80847,212.75987,798.11591,-44.380081
20,0.19,10.417043,1341.9937,-212.51761,21.710619,1069.9504,20.813606,-126.2061,1332.4137,-122.33632,-237.3497,999.409,-142.84648,-194.9796,802.30151,-23.051769,145.15646,1342.5618,-130.86328,262.80911,1007.9471,-131.72733,212.67078,798.08734,-44.332741
21,0.2,10.425258,1341.9807,-212.45392,21.683525,1069.8994,20.822044,-126.18929,1332.4166,-122.24879,-237.37883,999.40479,-142.80823,-195.00945,802.34027,-22.976543,145.14421,1342.5448,-130.77513,262.79724,1007.9146,-131.71385,212.62259,798.08551,-44.211491
22,0.21,10.442612,1341.9965,-212.38098,21.639669,1069.895,20.828522,-126.19433,1332.4172,-122.19088,-237.42838,999.45569,-142.73553,-195.04211,802.34882,-22.898714,145.15105,1342.5063,-130.71135,262.77731,1007.8748,-131.69843,212.58681,798.08557,-44.117729
23,0.22,10.468542,1341.994,-212.29906,21.627789,1069.8434,20.864815,-126.17512,1332.4435,-122.08315,-237.45604,999.46979,-142.6503,-195.06601,802.38202,-22.786768,145.1619,1342.4893,-130.64909,262.78632,1007.832,-131.62965,212.58031,798.06909,-44.05542
24,0.23,10.491628,1342.0303,-212.25243,21.604811,1069.8463,20.940741,-126.16867,1332.4651,-122.07153,-237.46434,999.48029,-142.55301,-195.07033,802.40906,-22.725014,145.13998,1342.4454,-130.60454,262.78711,1007.7842,-131.63058,212.50681,798.01935,-43.980873
25,0.24,10.46631,1342.0211,-212.22067,21.579496,1069.8221,20.953772,-126.1963,1332.4603,-122.0273,-237.46103,999.50671,-142.55363,-195.0787,802.4209,-22.629023,145.18002,1342.4314,-130.54004,262.75946,1007.7502,-131.62048,212.50406,797.95319,-44.019325
26,0.25,10.489502,1342.01,-212.17365,21.528954,1069.8417,20.957994,-126.17397,1332.4766,-121.96251,-237.45297,999.50085,-142.51898,-195.09572,802.4267,-22.593752,145.16908,1342.3932,-130.48569,262.76651,1007.6913,-131.61079,212.51033,797.94434,-43.950768
27,0.26,10.513495,1341.9657,-212.06953,21.510748,1069.7921,20.999067,-126.1892,1332.5007,-121.89958,-237.442,999.50269,-142.44463,-195.10973,802.42999,-22.514746,145.18871,1342.3853,-130.44708,262.74985,1007.6714,-131.59688,212.50322,797.90173,-43.962929
28,0.27,10.495743,1341.979,-212.06891,21.489035,1069.7629,21.042091,-126.18445,1332.4836,-121.80814,-237.46828,999.51251,-142.40697,-195.10855,802.45709,-22.493736,145.18675,1342.3608,-130.41208,262.7088,1007.6459,-131.573,212.49965,797.90063,-43.824398
29,0.28,10.491884,1341.9626,-212.00677,21.468046,1069.7603,21.043417,-126.18301,1332.4978,-121.86263,-237.4693,999.51263,-142.40552,-195.05786,802.46216,-22.48411,145.16193,1342.333,-130.3781,262.69623,1007.6338,-131.52751,212.55533,797.8429,-43.967621
30,0.29,10.495079,1341.9695,-211.97527,21.434387,1069.7708,21.014565,-126.19072,1332.4779,-121.74345,-237.45972,999.52576,-142.37502,-195.06595,802.50092,-22.440742,145.18793,1342.3053,-130.31375,262.68481,1007.6295,-131.5294,212.5728,797.81494,-44.006676
31,0.3,10.497442,1341.979,-211.99345,21.416782,1069.7843,21.010612,-126.21555,1332.479,-121.73206,-237.50336,999.52911,-142.31894,-195.06227,802.50739,-22.449717,145.16672,1342.3055,-130.28204,262.69919,1007.6307,-131.52631,212.53996,797.83105,-43.974354
32,0.31,10.49179,1341.9612,-211.92917,21.395563,1069.7532,21.023151,-126.20488,1332.4896,-121.72276,-237.49834,999.50281,-142.30473,-195.08521,802.4704,-22.430025,145.16982,1342.2869,-130.24992,262.68478,1007.6161,-131.54747,212.55806,797.76819,-44.106441
33,0.32,10.494521,1341.9688,-211.90042,21.381084,1069.7336,21.032862,-126.22939,1332.4862,-121.68186,-237.48267,999.47955,-142.30035,-195.0612,802.47845,-22.419731,145.15759,1342.2802,-130.22772,262.68784,1007.5908,-131.55214,212.54883,797.74597,-44.080486
34,0.33,10.464225,1341.9407,-211.80045,21.372301,1069.7271,21.108793,-126.23727,1332.4972,-121.69852,-237.42731,999.46484,-142.34465,-195.04723,802.49622,-22.436169,145.17229,1342.2825,-130.15637,262.6813,1007.5805,-131.59189,212.54601,797.67413,-44.285198
35,0.34,10.491245,1341.9575,-211.77992,21.370905,1069.681,21.104765,-126.25359,1332.4757,-121.6741,-237.42717,999.44989,-142.33647,-195.03845,802.4834,-22.382584,145.15463,1342.2815,-130.14058,262.6908,1007.5817,-131.60333,212.58182,797.69873,-44.280224
36,0.35,10.480017,1342.0084,-211.79666,21.390789,1069.7152,21.046062,-126.24921,1332.4437,-121.65926,-237.42273,999.41095,-142.35446,-195.05931,802.39282,-22.394924,145.13997,1342.2839,-130.07077,262.68457,1007.5493,-131.63979,212.52519,797.67303,-44.311001
37,0.36,10.476255,1341.9927,-211.73447,21.367422,1069.6992,21.022928,-126.2374,1332.4407,-121.61447,-237.41023,999.39667,-142.33495,-195.02721,802.42639,-22.405758,145.15428,1342.2549,-130.02193,262.68289,1007.5595,-131.68417,212.54207,797.65216,-44.371529
38,0.37,10.505747,1342.0156,-211.75336,21.344009,1069.6387,21.137373,-126.25244,1332.4187,-121.60435,-237.35899,999.37585,-142.37971,-195.00301,802.37738,-22.42931,145.15373,1342.2531,-129.98253,262.69254,1007.5421,-131.69878,212.53091,797.677,-44.35051
39,0.38,10.474534,1341.9824,-211.70425,21.344324,1069.6635,21.072041,-126.24155,1332.4194,-121.61234,-237.34601,999.34827,-142.36212,-194.95453,802.34998,-22.433786,145.16068,1342.2417,-129.95322,262.69843,1007.5228,-131.72345,212.52174,797.65533,-44.434418
40,0.39,10.493016,1341.9628,-211.63274,21.360603,1069.6621,21.047594,-126.23818,1332.38,-121.56009,-237.30254,999.3266,-142.40799,-194.94116,802.33569,-22.474735,145.19777,1342.243,-129.91049,262.69382,1007.5228,-131.75581,212.51448,797.66132,-44.459671
41,0.4,10.518801,1341.9701,-211.59126,21.329361,1069.6019,21.141684,-126.21642,1332.3909,-121.6594,-237.26645,999.33496,-142.51187,-194.8914,802.30841,-22.509727,145.18756,1342.2516,-129.89352,262.72238,1007.5127,-131.75993,212.45821,797.63751,-44.523663
42,0.41,10.523272,1341.9956,-211.63774,21.339376,1069.5863,21.143581,-126.22495,1332.3666,-121.59939,-237.20874,999.31464,-142.55901,-194.86171,802.27594,-22.583874,145.20218,1342.2538,-129.84587,262.70572,1007.5231,-131.76976,212.49118,797.04504,-46.115925
43,0.42,10.523872,1341.9973,-211.64087,21.333849,1069.5714,21.123116,-126.22766,1332.3544,-121.60452,-237.18694,999.28748,-142.54549,-194.82225,802.23132,-22.648163,145.20131,1342.2842,-129.82108,262.70529,1007.5148,-131.76483,212.43683,797.04828,-46.170593
44,0.43,10.566996,1341.974,-211.54248,21.331074,1069.554,21.13397,-126.22783,1332.3694,-121.65297,-237.14706,999.25806,-142.60117,-194.75928,802.1944,-22.705542,145.2124,1342.296,-129.80386,262.69244,1007.5238,-131.76105,212.40999,797.06976,-46.174419
45,0.44,10.591461,1341.988,-211.54398,21.332275,1069.5399,21.140167,-126.21561,1332.3685,-121.61903,-237.08855,999.25909,-142.63144,-194.739,802.16742,-22.780485,145.21121,1342.3055,-129.7598,262.69385,1007.5321,-131.76512,212.3933,797.08783,-46.117348
46,0.45,10.622025,1342.007,-211.55061,21.337561,1069.5541,21.13183,-126.21413,1332.3575,-121.60953,-237.00835,999.23547,-142.6552,-194.65372,802.09631,-22.917685,145.24919,1342.316,-129.76343,262.67999,1007.5441,-131.75107,212.3667,797.0672,-46.117668
47,0.46,10.616025,1341.9871,-211.48204,21.388643,1069.5365,21.149166,-126.2157,1332.3513,-121.59061,-236.95596,999.22406,-142.74612,-194.63304,802.03998,-22.978052,145.2509,1342.3248,-129.76624,262.67355,1007.5592,-131.75302,212.3643,797.07532,-46.160538
48,0.47,10.612197,1342.0057,-211.48889,21.424309,1069.5194,21.126026,-126.18665,1332.3322,-121.48676,-236.89047,999.20996,-142.75182,-194.61169,802.01898,-23.093212,145.26765,1342.311,-129.74516,262.65909,1007.557,-131.72093,212.36948,797.05042,-46.159393
49,0.48,10.642867,1342.0062,-211.49046,21.421753,1069.4916,21.13534,-126.18783,1332.3098,-121.48399,-236.84421,999.16406,-142.81187,-194.55412,801.95624,-23.221107,145.272,1342.3268,-129.70465,262.64719,1007.5382,-131.67783,212.41586,797.04559,-46.109776
50,0.49,10.643561,1342.005,-211.48715,21.482368,1069.5298,21.091204,-126.16409,1332.2996,-121.44487,-236.82669,999.18219,-142.87279,-194.5215,801.91785,-23.287487,145.28424,1342.3101,-129.70654,262.64545,1007.5353,-131.64417,212.41701,797.0462,-46.107876
51,0.5,10.636827,1341.9785,-211.39056,21.502785,1069.5339,21.135778,-126.16119,1332.2939,-121.41571,-236.33119,999.1792,-143.17735,-194.46878,801.83075,-23.403433,145.31213,1342.3033,-129.68913,262.65399,1007.5188,-131.60573,212.39752,797.52179,-44.804623
52,0.51,10.636103,1341.9753,-211.38342,21.538864,1069.5084,21.148478,-126.16198,1332.2899,-121.46383,-236.30078,999.14978,-143.13513,-194.39224,801.79474,-23.506804,145.32877,1342.2849,-129.66821,262.6568,1007.5177,-131.5703,212.39964,797.46912,-44.814022
53,0.52,10.664987,1341.9968,-211.39732,21.538656,1069.4475,21.167387,-126.11949,1332.287,-121.39885,-236.61737,999.11267,-142.97302,-194.34537,801.75073,-23.572239,145.32155,1342.3019,-129.6265,262.6712,1007.5363,-131.52411,212.39642,797.46631,-44.75193
54,0.53,10.666306,1342.0165,-211.40504,21.541893,1069.4456,21.169901,-126.11967,1332.2751,-121.38396,-236.58647,999.1059,-143.03328,-194.29578,801.70538,-23.701328,145.35326,1342.3044,-129.63664,262.66818,1007.5177,-131.52422,212.38718,797.45984,-44.709702
55,0.54,10.696336,1342.0443,-211.44353,21.561008,1069.4337,21.193075,-126.1203,1332.251,-121.34731,-236.5565,999.11389,-143.09706,-194.22105,801.66376,-23.765305,145.37151,1342.321,-129.61818,262.68134,1007.5189,-131.45752,212.42766,797.48999,-44.624424
56,0.55,10.672157,1342.0367,-211.41104,21.588564,1069.4352,21.190722,-126.12076,1332.2599,-121.33068,-236.49663,999.10516,-143.13676,-194.18959,801.62787,-23.78705,145.38316,1342.3239,-129.61082,262.66638,1007.5063,-131.4471,212.43224,797.48425,-44.554699
57,0.56,10.670529,1342.019,-211.40933,21.614401,1069.4401,21.158094,-126.09628,1332.2461,-121.3125,-236.46069,999.07764,-143.13,-194.1821,801.55035,-23.858154,145.38449,1342.322,-129.60085,262.65686,1007.4978,-131.43112,212.45662,797.51483,-44.465145
58,0.57,10.645345,1342.0037,-211.36107,21.639868,1069.4558,21.17551,-126.11018,1332.2343,-121.29152,-236.06068,999.08923,-143.32483,-194.13826,801.52191,-23.892355,145.3721,1342.3287,-129.59784,262.6846,1007.52,-131.36575,212.46413,797.54633,-44.365166
59,0.58,10.658668,1341.9811,-211.33037,21.675142,1069.4222,21.167545,-126.09596,1332.2196,-121.24567,-236.01482,999.05878,-143.32399,-194.08524,801.48657,-23.890545,145.37912,1342.3182,-129.61732,262.69882,1007.522,-131.36522,212.48163,797.57458,-44.280273
60,0.59,10.660352,1341.9836,-211.33699,21.672831,1069.4202,21.13965,-126.08434,1332.1991,-121.23811,-236.3481,999.04749,-143.19125,-194.039,801.45789,-23.925402,145.38892,1342.326,-129.58086,262.73282,1007.5258,-131.34503,212.47571,797.57983,-44.250019
61,0.6,10.66125,1341.9788,-211.32597,21.696407,1069.424,21.14924,-126.07053,1332.1892,-121.23016,-236.30679,999.02631,-143.14572,-193.97752,801.43829,-23.968405,145.40038,1342.3119,-129.60152,262.7334,1007.5262,-131.34618,212.52498,797.633,-44.107262
62,0.61,10.662001,1341.9785,-211.32492,21.722422,1069.4297,21.173347,-126.07332,1332.1819,-121.2765,-236.27762,999.01245,-143.17863,-193.92542,801.45117,-23.924891,145.40033,1342.3105,-129.60304,262.76871,1007.5291,-131.28975,212.53395,797.6875,-43.936295
63,0.62,10.664954,1341.9498,-211.30273,21.745804,1069.4313,21.203871,-126.06296,1332.1581,-121.17539,-236.23792,999.00751,-143.17024,-193.90045,801.42822,-23.962141,145.41339,1342.3129,-129.58641,262.75336,1007.5361,-131.28094,212.51498,797.71478,-43.800995
64,0.63,10.69669,1341.9363,-211.34564,21.745039,1069.434,21.233192,-126.04108,1332.152,-121.32047,-236.22636,998.97076,-143.1367,-193.85487,801.41205,-23.936739,145.42345,1342.3119,-129.63504,262.75809,1007.5405,-131.22977,212.5311,797.72461,-43.721039
65,0.64,10.694309,1341.9196,-211.35637,21.775232,1069.4507,21.240866,-126.05345,1332.1305,-121.3455,-236.23476,998.96936,-143.15695,-193.80809,801.37024,-23.906252,145.40785,1342.3046,-129.65721,262.79083,1007.5203,-131.18849,212.54694,797.68573,-43.72509
66,0.65,10.706082,1341.9475,-211.44373,21.78586,1069.4668,21.238613,-126.04454,1332.1066,-121.30653,-236.19508,998.9137,-143.10352,-193.77205,801.37164,-23.846928,145.4455,1342.3013,-129.68889,262.78305,1007.5219,-131.14693,212.54735,797.71503,-43.563374
67,0.66,10.725676,1341.892,-211.44513,21.810844,1069.4675,21.234394,-126.0408,1332.0649,-121.34111,-236.21918,998.90015,-143.06203,-193.68953,801.33661,-23.790663,145.45917,1342.2925,-129.69049,262.80145,1007.4951,-131.08833,212.57608,797.672,-43.545353
68,0.67,10.723083,1341.8547,-211.43097,21.807045,1069.4689,21.2337,-126.01057,1332.0688,-121.49207,-236.1783,998.84467,-142.99867,-193.65744,801.34705,-23.75775,145.45811,1342.2753,-129.71696,262.81122,1007.4868,-131.01492,212.59146,797.64008,-43.590469
69,0.68,10.760135,1341.8323,-211.45621,21.825924,1069.4735,21.240116,-126.0235,1332.0361,-121.46847,-236.14035,998.83154,-142.94548,-193.61626,801.35339,-23.71347,145.47403,1342.2656,-129.75151,262.80682,1007.4868,-130.96828,212.60948,797.61877,-43.54438
70,0.69,10.792885,1341.7994,-211.5294,21.828375,1069.4905,21.259968,-126.00778,1332.0393,-121.50922,-236.11113,998.79285,-142.92583,-193.55823,801.36731,-23.611826,145.48666,1342.2552,-129.75404,262.79929,1007.4838,-130.84032,212.61646,797.59601,-43.500206
71,0.7,10.783998,1341.7728,-211.51007,21.825693,1069.4868,21.268837,-125.98796,1332.0387,-121.5226,-236.08078,998.7804,-142.87437,-193.49144,801.38312,-23.539989,145.51302,1342.2344,-129.8194,262.78119,1007.4933,-130.8083,212.65868,797.56781,-43.478615
72,0.71,10.836273,1341.7886,-211.55663,21.831432,1069.4801,21.310074,-125.97614,1332.0171,-121.50195,-236.04332,998.7373,-142.81844,-193.45847,801.40741,-23.460003,145.52467,1342.2482,-129.81956,262.77664,1007.4843,-130.71211,212.6554,797.51605,-43.418743
73,0.72,10.840819,1341.718,-211.54718,21.866749,1069.5272,21.285467,-125.94298,1332.0143,-121.60715,-236.02235,998.71771,-142.80807,-193.41478,801.38647,-23.368351,145.56575,1342.235,-129.79529,262.77585,1007.4854,-130.65056,212.68158,797.47821,-43.422775
74,0.73,10.865855,1341.718,-211.54555,21.889553,1069.5253,21.311441,-125.92197,1331.9893,-121.59986,-235.9469,998.70905,-142.76924,-193.34926,801.38391,-23.314325,145.5878,1342.2349,-129.8103,262.76715,1007.4625,-130.58041,212.71884,797.41003,-43.529259
75,0.74,10.892403,1341.6879,-211.54269,21.890541,1069.5247,21.311392,-125.89951,1331.9865,-121.67188,-235.88475,998.69165,-142.75127,-193.27234,801.40839,-23.190042,145.58638,1342.2095,-129.8047,262.79391,1007.4479,-130.51344,212.71252,797.41724,-43.400677
76,0.75,10.925975,1341.7017,-211.66454,21.889982,1069.5299,21.300055,-125.86304,1331.9878,-121.70787,-235.85193,998.64777,-142.63589,-193.24625,801.39355,-23.128763,145.62173,1342.2015,-129.79155,262.80682,1007.4395,-130.43947,212.72958,797.35388,-43.429771
77,0.76,10.997181,1341.6644,-211.6208,21.933014,1069.5306,21.314617,-125.84488,1331.97,-121.73614,-235.80827,998.63812,-142.57141,-193.17307,801.41608,-23.06604,145.66063,1342.1826,-129.79356,262.80594,1007.4171,-130.35904,212.76015,797.3075,-43.295464
78,0.77,11.012964,1341.627,-211.60483,21.934826,1069.5199,21.366379,-125.78587,1331.9512,-121.7965,-235.74388,998.59924,-142.5347,-193.12434,801.4068,-22.937254,145.67075,1342.1625,-129.79915,262.80508,1007.4077,-130.27156,212.77342,797.23792,-43.354012
79,0.78,11.070753,1341.5919,-211.6183,21.931299,1069.5359,21.352772,-125.76403,1331.9663,-121.88164,-235.69731,998.59698,-142.45747,-193.05196,801.40051,-22.849033,145.71353,1342.1534,-129.85086,262.81076,1007.3714,-130.16917,212.84103,797.14453,-43.439293
80,0.79,11.092124,1341.5999,-211.69601,21.93037,1069.5321,21.360464,-125.72742,1331.9542,-121.86237,-235.63684,998.55402,-142.37825,-192.99649,801.37756,-22.782232,145.75278,1342.146,-129.85219,262.79825,1007.357,-130.04051,212.84766,797.09564,-43.425751
81,0.8,11.163524,1341.5786,-211.66423,21.949963,1069.52,21.381943,-125.70473,1331.9575,-121.90401,-235.59167,998.5304,-142.33463,-192.91988,801.36383,-22.682909,145.75407,1342.1082,-129.84753,262.76114,1007.351,-129.93808,212.94049,796.9978,-43.597511
82,0.81,11.176405,1341.5607,-211.73112,21.994486,1069.5306,21.356169,-125.69271,1331.9692,-122.00287,-235.33243,998.45673,-142.31071,-192.85469,801.34241,-22.683289,145.81223,1342.1082,-129.86971,262.77612,1007.353,-129.85841,212.96474,796.94666,-43.607643
83,0.82,11.203574,1341.5613,-211.73137,22.011786,1069.5151,21.395233,-125.66601,1331.9473,-121.99242,-234.95972,998.4696,-142.39262,-192.78223,801.2995,-22.564417,145.84019,1342.1101,-129.82339,262.74625,1007.3415,-129.77933,212.98837,796.94519,-43.493729
84,0.83,11.227935,1341.5609,-211.77448,22.08901,1069.5302,21.483027,-125.6159,1331.9275,-121.99372,-235.23428,998.45313,-142.15875,-192.74115,801.24152,-22.528454,145.86375,1342.1122,-129.79724,262.73706,1007.3309,-129.72478,213.01146,796.90155,-43.523746
85,0.84,11.299835,1341.5342,-211.72041,22.127697,1069.5331,21.524858,-125.61623,1331.9268,-121.98884,-234.79922,998.39569,-142.21159,-192.6689,801.19922,-22.466604,145.91147,1342.1318,-129.82649,262.7377,1007.3526,-129.63434,213.03708,796.89221,-43.445278
86,0.85,11.355368,1341.5609,-211.81705,22.131226,1069.5171,21.577826,-125.55796,1331.9182,-122.04648,-235.0842,998.37122,-141.97523,-192.6044,801.12872,-22.470818,145.96941,1342.1415,-129.81589,262.76135,1007.3547,-129.56488,213.03423,796.87646,-43.447277
87,0.86,11.384521,1341.5259,-211.75768,22.170818,1069.5215,21.590824,-125.5355,1331.9048,-121.99869,-235.02,998.36108,-141.91269,-192.51988,801.05731,-22.465229,146.00392,1342.1432,-129.79237,262.77295,1007.356,-129.48517,213.05431,796.78668,-43.7486
88,0.87,11.405273,1341.5121,-211.70256,22.201513,1069.5006,21.674706,-125.50715,1331.8832,-121.96832,-234.96602,998.35596,-141.9037,-192.46283,800.98499,-22.470375,146.04228,1342.1445,-129.80717,262.77451,1007.3671,-129.4308,213.06267,796.78778,-43.632118
89,0.88,11.433464,1341.5001,-211.72662,22.238398,1069.4955,21.689341,-125.47227,1331.8589,-121.99251,-234.94925,998.31348,-141.77368,-192.35683,800.91809,-22.390781,146.07556,1342.1465,-129.79547,262.78299,1007.3581,-129.3902,213.04826,796.72992,-43.70734
90,0.89,11.434667,1341.505,-211.73639,22.295712,1069.4675,21.761486,-125.46258,1331.8215,-122.00311,-234.99669,998.23785,-141.68329,-192.27789,800.82532,-22.366299,146.10818,1342.125,-129.79468,262.8316,1007.3396,-129.34296,213.04787,796.67572,-43.752899
91,0.9,11.435197,1341.5043,-211.73099,22.32851,1069.4821,21.799219,-125.41898,1331.7552,-122.07763,-235.09601,998.16943,-141.61639,-192.17203,800.80719,-22.203339,146.12338,1342.0709,-129.82588,262.91171,1007.2987,-129.25456,213.00902,796.63477,-43.651451
92,0.91,11.437763,1341.5154,-211.78468,22.375513,1069.4344,21.87274,-125.41686,1331.6354,-122.05737,-234.88759,998.1062,-141.68588,-192.07603,800.78168,-22.066158,146.16553,1341.9587,-129.89073,263.01559,1007.2034,-129.15504,213.00864,795.92731,-45.421581
93,0.92,11.431817,1341.4928,-211.81192,22.397089,1069.4371,21.935759,-125.39632,1331.5151,-122.05196,-235.09627,997.99286,-141.50647,-192.20387,800.86023,-21.667362,146.18262,1341.8641,-129.96118,263.17697,1007.0358,-128.90456,212.99066,795.84491,-45.266624
94,0.93,11.441274,1341.4489,-211.78824,22.460608,1069.4193,21.959635,-125.4345,1331.3446,-121.98628,-235.73053,997.90594,-141.23058,-192.52271,801.02124,-21.140694,146.22256,1341.709,-130.04155,263.43887,1006.8727,-128.62621,213.20139,796.0827,-44.091606
95,0.94,11.409682,1341.3867,-211.79601,22.534548,1069.4095,22.017403,-125.46974,1331.1744,-121.99622,-236.07576,997.85852,-141.13763,-193.02715,801.45721,-20.269909,146.27737,1341.4933,-130.08676,263.75189,1006.7188,-128.41724,213.53897,796.25769,-43.13073
96,0.95,11.35734,1341.2856,-211.83127,22.576092,1069.3729,21.999557,-125.53149,1330.985,-122.00937,-236.14197,997.81439,-141.20219,-193.91463,801.90869,-18.778622,146.34325,1341.2618,-130.14934,264.09225,1006.6443,-128.25787,214.20306,796.41718,-42.216316
97,0.96,11.366514,1341.2307,-211.95142,22.631945,1069.311,22.000765,-125.56206,1330.7802,-122.04276,-237.06216,997.71704,-140.91072,-194.96323,802.64862,-17.100351,146.37646,1340.9244,-130.26593,264.48044,1006.6299,-128.07301,215.21674,796.51569,-40.920132
98,0.97,11.367668,1341.1353,-211.97989,22.690805,1069.2493,21.967524,-125.6086,1330.5505,-122.07553,-237.84013,997.67871,-140.71123,-196.38408,803.62128,-14.681102,146.36137,1340.6185,-130.38377,265.0433,1006.5829,-127.74403,216.43311,796.79291,-39.042618
99,0.98,11.340781,1341.006,-211.99091,22.734308,1069.1957,21.955875,-125.64068,1330.3491,-122.23376,-238.66553,997.59308,-140.40739,-198.01614,805.09955,-11.624435,146.34418,1340.2761,-130.50438,265.9639,1006.523,-127.07204,218.04337,796.69037,-38.009224
100,0.99,11.324738,1341.0,-212.16753,22.760349,1069.1025,21.940157,-125.64908,1330.1169,-122.29733,-239.92152,997.58221,-139.99519,-199.8568,807.11487,-8.0369654,146.286,1339.9137,-130.6115,267.17593,1006.4496,-126.23268,219.98341,797.90137,-33.452026
101,1.0,11.324117,1340.9917,-212.25682,22.730515,1069.0206,21.839762,-125.633,1329.9802,-122.5256,-241.56837,997.75391,-139.56361,-202.13145,809.72089,-3.5404069,146.21873,1339.5686,-130.76282,268.86139,1006.4749,-125.18543,222.57434,799.12006,-29.448513
102,1.01,11.295609,1340.9738,-212.30412,22.705482,1068.9094,21.677095,-125.571,1329.8264,-122.70838,-243.41446,997.97662,-139.04211,-204.82352,813.16888,1.7890532,146.13406,1339.2476,-130.93059,270.96719,1006.7234,-123.95527,225.83484,800.54102,-25.593105
103,1.02,11.306683,1341.0028,-212.5246,22.656313,1068.8059,21.518993,-125.49847,1329.7393,-122.95605,-245.44441,998.32684,-138.44652,-208.11739,817.49634,7.8691783,146.03633,1338.9976,-131.09842,273.41678,1007.2151,-122.79295,229.80074,803.73743,-18.039642
104,1.03,11.303969,1341.0002,-212.7068,22.617908,1068.7411,21.288443,-125.36859,1329.6917,-123.32515,-247.71802,998.8324,-137.81017,-212.06932,822.84369,15.065587,145.86911,1338.7871,-131.29808,276.23199,1007.9213,-121.58129,234.54321,806.94489,-11.792195
105,1.04,11.269517,1340.9536,-212.75734,22.576059,1068.6437,21.066954,-125.19485,1329.6949,-123.71487,-250.08452,999.44043,-137.07059,-216.47462,829.42755,23.123398,145.7018,1338.6587,-131.62889,279.28683,1008.7906,-120.70322,239.89819,812.14294,-2.1440034
106,1.05,11.253507,1341.0157,-213.04597,22.542217,1068.6392,20.8134,-125.03384,1329.7399,-124.03083,-252.58743,1000.3102,-136.30878,-221.36209,837.32178,32.068699,145.4836,1338.6239,-131.96181,282.64935,1009.9505,-119.6966,245.68042,817.98322,6.5380316
107,1.06,11.260096,1341.0295,-213.28922,22.527416,1068.6559,20.587862,-124.85419,1329.832,-124.45029,-255.28148,1001.3249,-135.38788,-226.52531,846.33362,41.033169,145.2706,1338.62,-132.37517,286.24701,1011.3233,-118.66618,252.03865,825.54144,17.09421
108,1.07,11.266212,1341.0692,-213.61922,22.522623,1068.7471,20.345694,-124.672,1329.9485,-124.9911,-257.93683,1002.6069,-134.25621,-231.89999,856.85974,50.771816,145.06992,1338.7078,-132.87827,290.10596,1012.9124,-117.5761,258.88205,834.87677,29.051346
109,1.08,11.263235,1341.1119,-214.00812,22.513002,1068.8796,20.174389,-124.44137,1330.1512,-125.82001,-260.59232,1003.9638,-133.02118,-237.41464,868.84491,60.767368,144.88889,1338.8329,-133.41721,294.21283,1014.9713,-116.19689,266.08847,845.74243,41.012154
110,1.09,11.26157,1341.0562,-214.28917,22.526707,1069.0345,19.979261,-124.23309,1330.3312,-126.47198,-263.17386,1005.416,-131.34181,-242.82674,882.30054,70.847969,144.70711,1338.9928,-133.94751,298.21829,1017.7712,-114.81143,273.42557,858.33777,53.08498
111,1.1,11.27714,1341.0704,-214.74367,22.605942,1069.2438,19.780769,-124.01316,1330.5221,-127.19621,-265.81668,1007.0657,-129.25949,-248.21658,897.26141,80.855499,144.55286,1339.184,-134.60635,302.06659,1021.2203,-113.5503,280.55734,872.70245,65.297691
112,1.11,11.310719,1341.0721,-215.30379,22.697184,1069.4779,19.54599,-123.7916,1330.7491,-127.89018,-268.65579,1009.0483,-126.6916,-253.43895,913.79114,90.388206,144.40747,1339.3729,-135.25436,305.78763,1024.8518,-112.06237,287.40353,888.83862,77.37207
113,1.12,11.363064,1340.9725,-215.67792,22.73517,1069.7231,19.391466,-123.54379,1331.0062,-128.64507,-271.39865,1011.3318,-123.84664,-258.48322,931.75488,99.448212,144.27577,1339.6469,-135.9485,308.77902,1028.6747,-110.31074,293.95712,906.65765,88.870842
114,1.13,11.408493,1340.9525,-216.30379,22.797054,1069.946,19.250145,-123.26096,1331.3154,-129.52344,-273.95953,1013.9249,-120.55456,-263.38464,950.9696,107.87711,144.05878,1339.9015,-136.61844,311.11792,1032.6116,-107.94911,300.03802,926.09991,99.709702
115,1.14,11.421036,1340.8798,-216.90916,22.875521,1070.2211,19.1373,-122.98158,1331.5432,-130.08359,-276.51395,1016.9171,-117.01582,-267.98944,971.36182,115.47488,143.8812,1340.1826,-137.32739,313.53513,1037.1243,-104.78099,305.62683,947.06854,109.67731
116,1.15,11.476943,1340.7694,-217.49498,22.928873,1070.4738,19.002985,-122.67953,1331.8679,-130.95883,-279.04343,1020.2831,-113.11146,-272.17023,992.58704,122.14951,143.69279,1340.5165,-138.00302,315.95776,1042.0907,-101.74312,310.77371,969.2699,118.48653
117,1.16,11.58298,1340.6071,-218.19743,23.043171,1070.7505,18.839262,-122.32315,1332.2012,-131.82652,-281.48163,1024.0807,-109.06403,-275.80939,1014.4365,127.88946,143.49753,1340.8835,-138.72816,318.54214,1047.3547,-98.867195,315.27567,992.89264,126.0955
118,1.17,11.657904,1340.4607,-218.8436,23.098722,1071.0452,18.758457,-121.94533,1332.5066,-132.56152,-283.90866,1028.1213,-104.45733,-279.07748,1036.8607,132.35779,143.26642,1341.2347,-139.38036,320.92908,1052.9963,-95.97258,319.0824,1016.4855,132.75084
119,1.18,11.768683,1340.239,-219.407,23.177258,1071.3282,18.647936,-121.57471,1332.7869,-133.20415,-286.61374,1032.3192,-99.513893,-281.38287,1058.8882,135.68669,143.01117,1341.5538,-140.03595,323.13126,1058.808,-92.814674,321.8194,1040.6559,138.27994
120,1.19,11.834344,1340.0654,-220.10658,23.257767,1071.5984,18.602066,-121.14323,1333.1105,-133.95102,-289.3605,1036.8191,-94.508331,-283.15829,1081.3361,137.72792,142.82021,1341.8646,-140.67259,325.18384,1064.7737,-89.538933,324.7225,1064.8959,141.21674
121,1.2,11.952501,1339.9259,-220.85858,23.300629,1071.886,18.617208,-120.68826,1333.4121,-134.73267,-292.00183,1041.7709,-89.387451,-285.01254,1102.9695,138.39122,142.60364,1342.1226,-141.26178,326.80392,1070.6661,-86.214485,326.44412,1089.1061,143.44576
122,1.21,12.085106,1339.708,-221.54823,23.366354,1072.2208,18.606659,-120.238,1333.6949,-135.40865,-294.66403,1046.9894,-84.089806,-285.74594,1124.7549,138.09338,142.33055,1342.4304,-141.83244,328.62463,1076.863,-82.768944,327.51877,1112.8652,144.12254
123,1.22,12.163092,1339.407,-222.03331,23.379843,1072.6045,18.641178,-119.84142,1334.0215,-136.15317,-297.25995,1052.457,-78.799431,-286.02982,1146.0492,136.48529,142.04021,1342.7058,-142.37379,330.26367,1083.0962,-79.464462,328.05978,1136.1932,143.42966
124,1.23,12.281535,1339.0629,-222.6026,23.412758,1072.943,18.734953,-119.39585,1334.2983,-136.75386,-299.87708,1058.1438,-73.646606,-285.90921,1166.7496,133.89619,141.77354,1343.0261,-142.84494,331.81671,1089.2714,-76.123291,328.20612,1159.0198,140.68645
125,1.24,12.355187,1338.7529,-223.22177,23.442663,1073.2686,18.888786,-118.98127,1334.5835,-137.3632,-302.4462,1064.0437,-68.721931,-285.47324,1186.7612,130.18503,141.44969,1343.342,-143.28227,333.59253,1095.6451,-72.631767,327.03748,1182.1379,134.58072
126,1.25,12.455043,1338.4386,-223.77635,23.317535,1073.4987,19.598375,-118.5696,1334.8827,-137.98848,-304.92493,1070.0431,-63.971325,-284.7803,1205.8263,125.59836,141.13388,1343.7043,-143.66391,335.77094,1102.3318,-69.165977,326.95499,1202.299,131.63492
127,1.26,12.546583,1338.1572,-224.21309,23.332537,1073.9475,20.124432,-118.17668,1335.16,-138.4866,-307.39694,1076.0646,-59.243473,-283.75372,1223.9138,120.20398,140.83763,1344.0775,-143.99963,337.88904,1108.8878,-65.7229,325.39661,1221.9635,126.51254
128,1.27,12.661783,1337.8615,-224.67439,23.357618,1074.2878,20.417639,-117.74244,1335.4735,-138.99936,-309.80161,1082.3214,-54.849194,-282.27487,1240.9003,114.32886,140.54588,1344.4329,-144.27972,339.91751,1115.3066,-62.282936,323.33063,1240.0963,121.35683
129,1.28,12.779883,1337.5228,-224.92928,23.36307,1074.6357,20.684202,-117.25079,1335.8232,-139.40605,-311.93085,1088.4647,-50.465759,-280.49881,1256.7167,107.79362,140.24181,1344.7845,-144.46773,341.91467,1121.7678,-59.012665,321.03891,1257.7708,114.89245
130,1.29,12.937773,1337.2355,-225.25824,23.351938,1074.9745,21.046349,-116.81132,1336.2046,-139.94987,-314.12781,1094.7834,-46.723667,-278.42007,1271.3197,100.71453,139.90546,1345.0979,-144.65129,343.78946,1128.1564,-56.182362,318.8187,1273.5892,108.56014
131,1.3,13.061622,1336.9006,-225.56834,23.371927,1075.2762,21.374409,-116.39182,1336.5859,-140.43636,-316.13397,1100.9547,-43.266453,-276.03726,1284.7986,93.256058,139.56975,1345.3506,-144.80855,345.44794,1134.3495,-53.639881,315.7193,1289.4365,100.60493
132,1.31,13.194424,1336.6382,-225.91267,23.354729,1075.588,21.80587,-116.035,1336.9646,-140.90997,-318.15024,1107.0879,-40.227283,-273.87503,1297.1552,85.126007,139.28905,1345.6118,-144.9973,347.01556,1140.49,-51.368202,312.55511,1303.8287,92.889725
133,1.32,13.333706,1336.3142,-226.17557,23.340511,1075.868,22.199749,-115.63338,1337.2878,-141.32634,-320.15619,1112.9677,-37.332344,-271.01193,1308.3165,77.414299,139.13481,1345.77,-145.38336,348.55191,1146.4968,-49.411858,309.11194,1316.0854,85.52285
134,1.33,13.418941,1335.9757,-226.40414,23.319956,1076.1603,22.723495,-115.27763,1337.5682,-141.54015,-322.00952,1118.6785,-34.950146,-268.40158,1318.5789,69.098694,138.56772,1346.0773,-145.13371,349.93808,1152.2356,-47.835434,305.74625,1327.9099,76.924942
135,1.34,13.493211,1335.5881,-226.57405,23.360781,1076.4462,23.154369,-114.94422,1337.8311,-141.92357,-323.8569,1124.2657,-32.933086,-265.78375,1327.8936,60.646534,138.25624,1346.2891,-145.28949,351.15341,1157.8046,-46.442451,302.27756,1338.5675,68.098373
136,1.35,13.621729,1335.2585,-226.83493,23.417715,1076.7747,23.739336,-114.61674,1338.074,-142.24741,-325.51285,1129.4683,-30.966566,-263.08951,1336.1481,52.215958,137.93559,1346.5554,-145.53032,352.30212,1163.1936,-45.260185,298.7438,1348.1064,59.319809
137,1.36,13.686424,1334.9385,-227.0609,23.463575,1077.0905,24.273584,-114.3305,1338.2936,-142.62692,-327.14148,1134.5759,-29.333271,-260.48422,1343.5411,43.566254,137.62378,1346.7651,-145.65488,353.39655,1168.2883,-44.420044,295.17191,1356.5464,50.192005
138,1.37,13.717715,1334.6206,-227.21964,23.506767,1077.3807,24.799047,-114.06454,1338.4454,-142.96257,-328.63425,1139.3063,-28.040581,-257.6275,1349.7928,35.254684,137.28505,1346.9684,-145.80669,354.39734,1173.0355,-43.756584,291.64755,1363.9005,41.415966
139,1.38,13.75598,1334.2688,-227.27127,23.565512,1077.7111,25.319254,-113.79111,1338.5728,-143.21635,-330.12747,1143.8927,-27.038671,-254.89873,1355.1655,27.015051,136.97719,1347.2051,-145.96898,355.35397,1177.4274,-43.395161,288.11639,1370.2526,32.466957
140,1.39,13.765264,1333.9675,-227.44376,23.57785,1078.0134,25.807003,-113.53484,1338.6973,-143.54758,-331.51617,1147.9653,-26.185343,-252.0564,1359.6603,18.90707,136.67284,1347.4393,-146.12483,356.32321,1181.454,-43.23061,284.5592,1375.4429,24.130514
141,1.4,13.799537,1333.6123,-227.48378,23.604887,1078.323,26.403158,-113.32655,1338.7814,-143.84189,-332.95139,1151.9497,-25.742641,-249.20477,1363.2903,10.888461,136.37411,1347.6139,-146.21875,357.12354,1185.0455,-43.400501,281.05798,1379.6926,16.101173
142,1.41,13.879374,1333.3416,-227.7245,23.663284,1078.6127,26.84129,-113.13396,1338.79,-144.08972,-334.28049,1155.5015,-25.372715,-246.42268,1366.2361,3.0730042,136.1057,1347.7645,-146.37445,357.90775,1188.2292,-43.753151,277.59995,1383.0996,7.575623
143,1.42,13.858557,1333.006,-227.81941,23.682566,1078.8834,27.377407,-112.98611,1338.787,-144.39284,-335.62234,1158.7377,-25.266994,-243.70215,1368.4093,-4.5686016,135.87479,1347.8667,-146.43181,358.63177,1190.97,-44.410732,274.19519,1385.646,-0.76043379
144,1.43,13.904211,1332.6863,-227.82434,23.763678,1079.16,27.85006,-112.84464,1338.687,-144.5706,-336.92203,1161.625,-25.268068,-240.99002,1369.9601,-12.106687,135.6725,1347.9497,-146.53925,359.30884,1193.2252,-45.24968,270.82001,1387.2739,-8.7933941
145,1.44,13.936974,1332.3998,-227.90607,23.777142,1079.4031,28.345856,-112.74711,1338.582,-144.79317,-338.17004,1164.2302,-25.45018,-238.34477,1370.8193,-19.50157,135.37619,1347.9586,-146.37988,359.95959,1195.078,-46.1856,267.53455,1388.1167,-16.437834
146,1.45,13.96146,1332.1089,-227.84756,23.803415,1079.6278,28.772148,-112.68924,1338.4413,-145.03181,-339.32355,1166.4689,-25.601297,-235.70056,1371.0895,-26.676023,135.38631,1348.0441,-146.71376,360.62177,1196.4496,-47.283031,264.27594,1388.215,-23.86166
147,1.46,13.962049,1331.8458,-227.90691,23.807283,1079.7834,29.163755,-112.69939,1338.2695,-145.23076,-340.40906,1168.3252,-26.430429,-233.07471,1370.7762,-33.578815,135.31091,1347.9509,-146.72507,361.20328,1197.4004,-48.5177,261.08026,1387.5411,-30.982161
148,1.47,13.968,1331.5726,-227.85641,23.758005,1079.9326,29.519293,-112.72475,1338.0652,-145.38969,-341.45786,1170.0662,-26.859324,-230.4623,1369.9005,-40.21851,135.29321,1347.8092,-146.72975,361.70364,1197.7513,-49.745411,257.89902,1386.1257,-37.758297
149,1.48,13.981444,1331.3394,-227.88589,23.726444,1080.0509,29.829693,-112.82214,1337.8523,-145.56422,-342.50818,1171.4467,-27.767439,-227.84808,1368.5182,-46.613491,135.33191,1347.6504,-146.74008,362.22467,1197.6252,-51.082737,254.61676,1383.8258,-43.705742
150,1.49,14.035838,1331.1213,-227.78088,23.71315,1080.1259,30.133726,-112.93681,1337.5939,-145.7925,-343.67215,1172.2328,-28.200487,-225.30302,1366.6871,-52.834846,135.42305,1347.4008,-146.63934,362.66498,1197.0198,-52.451694,251.34825,1381.0624,-49.725433
151,1.5,14.067564,1330.8749,-227.68297,23.650391,1080.1614,30.446913,-113.05746,1337.2827,-145.8423,-344.51932,1172.996,-29.298492,-222.70807,1364.4025,-58.91098,135.5638,1347.1456,-146.6367,362.8877,1195.9525,-53.946983,248.01308,1377.6626,-55.503014
152,1.51,14.068696,1330.6958,-227.58653,23.639015,1080.1743,30.751125,-113.17989,1336.9131,-145.95291,-345.27682,1173.3815,-30.154284,-220.14313,1361.7993,-64.740875,135.69597,1346.8416,-146.60953,363.0368,1194.4126,-55.533321,244.57338,1373.759,-61.093468
153,1.52,14.07583,1330.4908,-227.49629,23.621897,1080.1981,31.100368,-113.33218,1336.5553,-145.93915,-345.94662,1173.6219,-31.251869,-217.55267,1358.7894,-70.346588,135.87694,1346.499,-146.56178,362.96997,1192.4404,-57.072418,241.09309,1369.3257,-66.150833
154,1.53,14.098745,1330.3773,-227.44156,23.630297,1080.2214,31.448017,-113.49987,1336.177,-146.0024,-346.46164,1173.6318,-32.381329,-214.93527,1355.4712,-75.694298,136.13008,1346.1262,-146.60544,362.75223,1190.1274,-58.698658,237.4707,1364.499,-71.094208
155,1.54,14.125187,1330.2406,-227.33328,23.709558,1080.4893,32.027092,-113.65475,1335.7992,-146.03137,-346.95154,1173.3621,-33.426872,-212.34505,1351.953,-80.755455,136.41176,1345.7194,-146.60229,362.42233,1187.5367,-60.251862,233.74472,1359.3502,-75.453842
156,1.55,14.173866,1330.1285,-227.15309,23.622459,1080.2493,32.145695,-113.77512,1335.4116,-146.10464,-347.41254,1172.9711,-34.824474,-209.72939,1348.2999,-85.410515,136.72476,1345.3152,-146.68387,361.94662,1184.7836,-61.798649,230.20311,1354.0405,-80.097389
157,1.56,14.296471,1330.02,-227.00726,23.730021,1080.3992,32.169926,-113.88614,1335.0339,-146.21117,-347.76315,1172.4906,-36.119106,-207.23895,1344.6644,-89.70356,137.04761,1344.8035,-146.77222,361.29163,1181.9794,-63.321583,226.66554,1348.7356,-83.468353
158,1.57,14.395253,1329.9618,-226.94928,23.662132,1080.3268,32.296009,-113.97115,1334.6165,-146.3744,-348.18268,1172.0179,-37.519218,-204.98793,1341.2024,-93.534843,137.41185,1344.1722,-146.91182,360.51218,1179.2493,-64.700188,223.51007,1343.8638,-85.4478
159,1.58,14.489854,1329.8517,-226.85765,23.640854,1080.281,32.521523,-114.04004,1334.2334,-146.53038,-348.47568,1171.4888,-38.84985,-203.20271,1338.0847,-96.877808,137.78053,1343.8043,-146.79715,359.59528,1176.5472,-65.952225,221.19504,1339.7205,-87.264992
160,1.59,14.652193,1329.8063,-226.97188,23.629789,1080.29,32.867264,-114.11858,1333.9471,-146.83752,-348.80664,1171.0828,-40.245762,-201.99493,1335.3938,-99.798706,138.16695,1343.2644,-147.0554,358.59171,1173.8497,-66.940636,220.13095,1336.7006,-88.095757
161,1.6,14.729255,1329.7094,-227.14948,23.695093,1080.3162,33.164043,-114.12745,1333.6533,-147.11864,-349.24844,1170.6523,-41.521862,-201.4422,1333.3656,-102.17307,138.5284,1342.8103,-147.502,357.52725,1171.2832,-67.810951,219.79616,1334.5182,-88.804947
162,1.61,14.80327,1329.5111,-227.31281,23.749329,1080.3759,33.374805,-114.10616,1333.4596,-147.46629,-349.64151,1170.3339,-42.629383,-201.48875,1332.0404,-104.09571,138.80008,1342.4467,-147.98352,356.57822,1169.0508,-68.348183,220.45126,1333.2747,-89.251999
163,1.62,14.823321,1329.3475,-227.69707,23.830334,1080.486,33.533722,-114.04847,1333.317,-147.77431,-350.18295,1170.1637,-43.868683,-201.90999,1331.5621,-105.37357,138.9527,1342.2408,-148.45282,355.6105,1166.9948,-68.749702,221.81021,1332.8555,-89.291809
164,1.63,14.833366,1329.2516,-227.99403,23.930864,1080.5729,33.513958,-113.96484,1333.2793,-148.09163,-350.72174,1170.1315,-44.919941,-202.71397,1331.88,-106.09602,139.05946,1342.1682,-148.85033,354.78857,1165.0034,-68.844231,224.00714,1333.2737,-89.62606
165,1.64,14.81204,1329.1705,-228.23058,24.014091,1080.6628,33.459686,-113.9324,1333.3108,-148.1895,-351.33948,1170.22,-46.126575,-203.8217,1332.7813,-106.17928,139.16191,1342.1831,-149.07181,353.98242,1163.1898,-68.997635,226.04135,1333.6406,-89.333107
166,1.65,14.849172,1329.1344,-228.21126,24.026468,1080.7495,33.314308,-113.88152,1333.4089,-148.35161,-352.0972,1170.306,-47.235874,-205.21205,1334.0461,-105.95685,139.29321,1342.27,-149.15849,353.41461,1161.5804,-69.171997,228.63757,1334.4335,-89.110176
167,1.66,14.974284,1329.2103,-228.27396,24.037781,1080.8096,33.063435,-113.77055,1333.6389,-148.43614,-352.27777,1170.5627,-48.503922,-206.80109,1335.5935,-105.4651,139.44505,1342.3419,-149.05917,353.06274,1160.186,-69.569283,231.15623,1335.3816,-88.025192
168,1.67,15.146172,1329.3481,-228.23369,24.035809,1080.8335,32.843052,-113.59386,1333.8872,-148.29561,-353.44778,1170.7086,-49.513954,-208.58412,1337.3629,-104.95234,139.57738,1342.4833,-148.82614,352.98141,1158.9801,-70.087265,233.62129,1336.3789,-85.809845
169,1.68,15.348373,1329.5012,-228.15645,24.029293,1080.8518,32.57917,-113.42271,1334.1466,-148.0825,-354.27484,1170.8933,-50.694042,-210.59204,1339.2705,-104.34952,139.70139,1342.4836,-148.85172,353.02594,1157.9164,-70.698967,236.53589,1337.6448,-83.828232
170,1.69,15.497234,1329.663,-228.03568,23.94109,1080.8456,32.404419,-113.23814,1334.4529,-147.95897,-355.11526,1171.0629,-52.164619,-212.91783,1341.3792,-103.6885,139.78003,1342.6045,-148.52484,353.16644,1156.8691,-71.367043,239.98344,1339.2157,-81.059364
171,1.7,15.621964,1329.8656,-227.92444,23.852482,1080.8206,32.139744,-113.03387,1334.772,-147.7186,-355.93994,1171.0291,-53.545673,-215.61594,1343.6969,-102.78829,139.72971,1342.8132,-147.96104,353.25931,1155.9351,-72.112343,244.41556,1341.3541,-76.117828
172,1.71,15.690495,1330.0635,-227.83914,23.754847,1080.8044,32.077297,-112.84006,1335.1567,-147.65126,-356.80008,1170.8516,-55.059109,-218.9297,1346.3462,-101.88112,139.63358,1342.9984,-147.52579,353.4234,1155.012,-72.768951,249.36168,1343.6061,-72.230469
173,1.72,15.676856,1330.2626,-227.70404,23.624743,1080.7402,31.959585,-112.67871,1335.5227,-147.50211,-357.53906,1170.4661,-56.631512,-222.51936,1349.1577,-100.23352,139.53487,1343.1462,-147.25714,353.69299,1154.2078,-73.4067,255.02071,1345.9719,-68.443138
174,1.73,15.704155,1330.4929,-227.73166,23.482162,1080.6772,31.953938,-112.57397,1335.8434,-147.29886,-358.35925,1169.9368,-58.2146,-226.95064,1352.1971,-98.401642,139.39871,1343.2648,-147.06686,354.02771,1153.5293,-73.989799,261.69907,1348.5964,-65.340675
175,1.74,15.699074,1330.6686,-227.62012,23.336908,1080.6158,31.978802,-112.53336,1336.1328,-147.17574,-359.14581,1169.147,-59.892315,-232.23225,1355.4078,-96.310081,139.30099,1343.3798,-146.88606,354.42627,1152.8983,-74.526726,269.2309,1350.9651,-60.146339
176,1.75,15.644485,1330.8387,-227.60446,23.183264,1080.5791,31.977833,-112.56301,1336.3612,-147.02826,-359.91147,1168.0913,-61.407005,-237.91837,1358.6251,-93.460884,139.24582,1343.442,-146.78658,354.93405,1152.2505,-75.036751,277.81757,1353.3914,-55.859715
177,1.76,15.563392,1331.0199,-227.51378,23.026752,1080.5583,31.99371,-112.62134,1336.5859,-146.8596,-360.55264,1166.7711,-63.065872,-244.65819,1361.9092,-90.571175,139.23564,1343.499,-146.72478,355.47443,1151.6255,-75.63488,287.39066,1355.615,-50.808949
178,1.77,15.510764,1331.1769,-227.4801,22.863073,1080.538,31.913233,-112.73096,1336.8214,-146.77516,-361.12164,1165.2601,-64.659065,-252.12845,1365.0646,-87.279182,139.27245,1343.5237,-146.70081,356.11072,1151.0798,-76.223999,297.84845,1357.3381,-44.866405
179,1.78,15.465838,1331.2557,-227.43561,22.742653,1080.5315,31.789185,-112.81402,1337.0625,-146.71303,-361.60724,1163.3921,-66.233154,-260.38107,1367.9784,-83.662041,139.27608,1343.5409,-146.79681,356.86212,1150.505,-76.828949,309.01505,1358.5709,-38.405762
180,1.79,15.420899,1331.3892,-227.53963,22.57398,1080.5507,31.756866,-112.86752,1337.3376,-146.69409,-361.94849,1161.3251,-67.973999,-269.3475,1370.4702,-79.631035,139.27704,1343.563,-146.93973,357.70844,1150.0084,-77.430214,320.8085,1359.1241,-31.771776
181,1.8,15.344919,1331.479,-227.72958,22.488461,1080.6406,31.563543,-112.9298,1337.5698,-146.71994,-362.10727,1159.0264,-69.689857,-279.07614,1372.4645,-75.179031,139.25543,1343.6011,-147.16609,358.70044,1149.4731,-78.135849,333.18756,1358.9415,-23.890203
182,1.81,15.294814,1331.5615,-227.98317,22.380951,1080.7201,31.427477,-113.00191,1337.7764,-146.79031,-362.04343,1156.5466,-71.488495,-289.49985,1373.8107,-70.330826,139.22346,1343.6631,-147.50667,359.70364,1148.9276,-78.922256,345.84299,1357.6644,-15.313581
183,1.82,15.170078,1331.5969,-228.22417,22.243456,1080.7515,31.248533,-113.14063,1337.9425,-146.91638,-361.9845,1153.7963,-72.98394,-300.40634,1374.4337,-65.023758,139.16544,1343.7264,-147.85017,360.80875,1148.3795,-79.769119,358.82437,1355.345,-6.3520269
184,1.83,14.984449,1331.7086,-228.59622,22.156681,1080.8491,31.091974,-113.31354,1338.0767,-147.10684,-361.80176,1150.8953,-74.564041,-311.70734,1374.2249,-59.209217,139.11488,1343.8323,-148.29135,361.92426,1147.844,-80.659508,371.73047,1351.9706,3.5894725
185,1.84,14.857776,1331.813,-228.98148,22.118389,1080.9019,30.853046,-113.49995,1338.1948,-147.26434,-361.53381,1147.793,-76.001602,-323.38904,1373.098,-53.129501,139.03099,1343.9729,-148.7494,363.03265,1147.3202,-81.849487,385.09732,1347.5199,12.52722
186,1.85,14.682459,1331.8647,-229.25238,22.075817,1081.0079,30.723902,-113.69252,1338.3019,-147.45999,-361.06348,1144.6655,-77.477875,-335.37183,1371.0059,-46.924805,138.94865,1344.1174,-149.20233,364.25317,1147.0549,-82.916153,398.15573,1341.7272,22.527784
187,1.86,14.558733,1331.8988,-229.57298,22.031422,1081.1667,30.444456,-113.9144,1338.4088,-147.84621,-360.07574,1141.7583,-79.266113,-347.30936,1367.7758,-40.422211,138.81125,1344.2654,-149.71152,365.64618,1147.219,-83.795273,410.98056,1334.4752,33.166176
188,1.87,14.402779,1331.9185,-229.89731,22.015633,1081.2888,30.127497,-114.16699,1338.4584,-148.24191,-359.14163,1138.3097,-80.859291,-359.16284,1363.3468,-33.73917,138.62534,1344.4165,-150.27068,366.9841,1147.6763,-84.616348,423.33411,1325.7115,44.162437
189,1.88,14.168108,1331.8965,-230.28912,21.948437,1081.4047,29.798916,-114.46196,1338.4824,-148.67793,-358.21124,1134.6201,-82.424675,-370.82791,1357.7853,-26.864458,138.424,1344.5352,-150.80202,368.10391,1148.1772,-85.340164,435.08896,1315.2632,55.756462
190,1.89,13.90314,1331.8705,-230.70184,21.907476,1081.5702,29.492233,-114.7657,1338.4491,-148.98396,-357.30045,1130.7562,-84.116402,-382.29636,1351.0464,-19.686861,138.20511,1344.6896,-151.35608,369.07489,1148.4514,-86.255791,446.52036,1302.8893,66.325317
191,1.9,13.645193,1331.8344,-230.98759,21.88262,1081.6674,29.09388,-115.13129,1338.3401,-149.33516,-356.91296,1126.7561,-86.101349,-393.40842,1343.0028,-12.119375,137.98497,1344.8102,-151.95306,369.70111,1148.4044,-87.232323,456.7941,1288.7968,77.546028
192,1.91,13.379076,1331.861,-231.40085,21.873817,1081.748,28.725832,-115.55193,1338.1523,-149.67783,-355.97583,1122.7322,-88.117439,-404.13824,1333.6969,-4.1285834,137.76022,1344.8895,-152.45862,370.68753,1148.3555,-88.51799,466.00323,1272.8357,88.242699
193,1.92,13.109152,1331.9319,-231.6615,21.889622,1081.8101,28.427752,-115.99716,1337.9236,-149.96448,-355.01364,1118.5605,-90.053429,-414.4259,1323.2677,3.9409003,137.54848,1344.9779,-152.93661,372.40079,1148.5016,-88.416206,473.83148,1255.1635,98.286552
194,1.93,12.888803,1332.0077,-231.84151,21.922808,1081.8115,28.082125,-116.43423,1337.6887,-150.17328,-353.88925,1114.522,-92.084892,-423.71799,1311.6498,12.458595,137.37988,1345.0067,-153.30351,374.38071,1149.5562,-87.512421,480.14285,1236.1121,107.06818
195,1.94,12.711807,1332.1167,-232.08455,21.971315,1081.8219,27.863651,-116.89639,1337.4644,-150.36429,-352.31619,1110.9583,-94.430748,-432.39499,1298.8337,20.840605,137.24474,1344.9774,-153.59116,377.13788,1150.354,-86.367836,484.54462,1216.6908,116.3203
196,1.95,12.5407,1332.1543,-232.27327,21.851254,1082.0381,28.487049,-117.29432,1337.2115,-150.57288,-351.11658,1107.2203,-96.587929,-440.46341,1284.714,28.921844,137.1498,1344.9301,-153.80835,381.94424,1150.6624,-84.439713,488.20847,1195.1592,121.92102
197,1.96,12.423742,1332.1976,-232.45396,21.914003,1081.4867,28.22719,-117.67578,1336.8954,-150.62032,-349.81384,1103.4006,-98.573242,-447.53439,1269.4774,36.802849,137.00467,1344.8624,-153.92262,386.20328,1150.5916,-82.33728,490.38937,1173.9341,127.35029
198,1.97,12.252048,1332.2732,-232.55721,21.854416,1081.3661,27.949821,-118.07197,1336.5759,-150.72034,-348.19278,1099.6808,-100.62711,-453.76297,1253.2546,44.292274,136.88524,1344.7642,-153.97961,388.39673,1149.6436,-79.887772,491.45807,1151.8105,130.78214
199,1.98,12.095707,1332.3405,-232.63924,21.764765,1081.2563,27.673773,-118.41856,1336.2719,-150.68262,-346.47833,1096.1003,-102.77934,-459.14804,1236.0521,51.3717,136.81224,1344.6628,-153.88141,388.85791,1147.8439,-77.889603,490.83878,1129.3538,132.94606
200,1.99,12.010559,1332.3916,-232.61635,21.669682,1081.1101,27.408321,-118.78445,1335.9932,-150.74538,-345.04941,1092.5166,-104.71964,-463.71664,1218.0011,57.97678,136.71893,1344.5359,-153.72237,388.55374,1145.2567,-76.164215,488.47046,1107.1296,134.15601
201,2.0,12.035697,1332.5068,-232.59157,21.625654,1081.0435,26.838856,-119.09138,1335.738,-150.88466,-343.74469,1089.2111,-106.72575,-467.32431,1199.1531,64.158325,136.662,1344.4087,-153.39397,387.98981,1141.9581,-73.660919,484.68802,1084.704,134.31267
202,2.01,12.099092,1332.6049,-232.64941,21.508587,1080.8951,26.497925,-119.34715,1335.5116,-150.84824,-342.43442,1085.6949,-108.10343,-469.85562,1179.5226,69.885887,136.67792,1344.3007,-153.01312,388.20016,1138.0243,-70.555809,479.66928,1062.2227,132.8542
203,2.02,12.190864,1332.6724,-232.55777,21.365795,1080.7128,26.310776,-119.58252,1335.2646,-150.81525,-340.89423,1082.3777,-109.53162,-470.89896,1159.3827,74.953217,136.72588,1344.2092,-152.58215,387.41486,1133.1285,-66.955093,473.45267,1040.0624,129.79671
204,2.03,12.285114,1332.7421,-232.35031,21.203064,1080.511,26.040613,-119.83579,1335.0604,-150.71835,-339.06595,1079.0945,-110.99253,-470.59668,1138.6443,79.586082,136.83435,1344.0769,-152.11339,384.99344,1128.0569,-63.413074,466.02408,1018.5188,125.41865
205,2.04,12.409372,1332.8818,-232.21341,21.082985,1080.3119,25.807873,-120.06588,1334.7841,-150.39316,-337.12909,1075.7419,-112.08321,-468.47488,1117.6738,83.996758,137.02827,1343.9114,-151.52525,381.51498,1122.96,-60.446445,457.32358,997.604,120.01807
206,2.05,12.563854,1332.9741,-231.84747,20.926655,1080.0709,25.583862,-120.29936,1334.5436,-150.14355,-334.96881,1072.4863,-113.36024,-465.04321,1096.5017,87.111313,137.32356,1343.6855,-150.7975,377.52847,1117.9761,-57.930935,447.95544,977.78479,113.29419
207,2.06,12.786628,1333.0807,-231.48659,20.816597,1079.8298,25.387556,-120.47391,1334.3119,-149.71773,-333.03381,1069.0161,-114.37772,-460.43408,1074.8785,88.792236,137.62903,1343.4448,-150.01508,373.3063,1112.7739,-55.315563,437.64221,958.90698,105.7119
208,2.07,13.013493,1333.2936,-231.14861,20.721794,1079.5696,25.211613,-120.7086,1334.0748,-149.32613,-331.05164,1065.5315,-115.20837,-454.90256,1053.9985,89.62429,138.03619,1343.2378,-149.03131,368.74673,1106.875,-53.026424,426.59552,940.9942,97.706146
209,2.08,13.235795,1333.4419,-230.6441,20.577488,1079.2384,25.081234,-120.92524,1333.8394,-148.91678,-329.11026,1062.0779,-115.74701,-448.50406,1033.4521,89.485451,138.48569,1343.0149,-147.94881,363.63574,1100.291,-51.434978,415.12827,924.29565,89.678482
210,2.09,13.476297,1333.6494,-230.08751,20.485823,1078.9286,25.001627,-121.15081,1333.5125,-148.35579,-326.90771,1058.6686,-116.12214,-441.41187,1013.5659,88.182938,139.02866,1342.7751,-146.67487,358.10272,1092.9795,-50.798222,403.19727,908.73199,81.987572
211,2.1,13.790283,1333.8402,-229.4108,20.374474,1078.6061,24.896608,-121.39474,1333.1219,-147.81023,-324.63242,1055.0426,-116.26968,-433.5351,994.12402,86.198494,139.62315,1342.4824,-145.19978,351.9613,1084.7488,-51.447113,390.7724,894.16937,74.420776
212,2.11,14.057786,1334.0371,-228.66148,20.256443,1078.226,24.827717,-121.69561,1332.6678,-147.28387,-321.26813,1051.0432,-116.00983,-425.01508,975.47296,83.43898,140.33447,1342.0731,-143.65419,345.58939,1076.0682,-52.754948,377.86526,880.362,67.324081
213,2.12,14.419774,1334.2662,-227.79297,20.120369,1077.7727,24.84474,-122.02669,1332.1782,-146.58455,-317.8912,1047.0409,-115.95086,-415.6463,957.48016,79.814285,141.10693,1341.4999,-141.98692,339.17975,1067.385,-54.390011,364.63239,867.4505,59.663212
214,2.13,14.671562,1334.4698,-226.91301,19.977451,1077.2806,24.815519,-122.44026,1331.6016,-145.77629,-314.54993,1043.0656,-116.24644,-405.90857,940.31641,75.948112,141.90709,1340.738,-140.25925,332.71979,1058.9839,-56.12627,350.74786,855.19537,52.590263
215,2.14,14.967434,1334.6826,-225.94583,19.792852,1076.7926,24.785557,-122.87253,1331.0018,-144.86205,-310.08963,1038.738,-115.98899,-395.48386,924.02814,71.645584,142.74609,1339.85,-138.70168,325.89218,1050.8698,-58.131241,337.00824,843.95947,45.171104
216,2.15,15.211483,1334.8247,-224.8728,19.598364,1076.2756,24.912865,-123.3084,1330.4802,-144.00523,-306.30133,1034.7111,-115.97456,-384.69049,908.64502,66.774673,143.59422,1338.9584,-137.09061,318.88712,1043.318,-60.069016,323.20978,834.04041,37.42366
217,2.16,15.400072,1334.9875,-223.94719,19.387478,1075.6594,25.102934,-123.707,1329.9543,-142.94789,-301.82242,1031.0297,-115.79156,-373.23087,894.14941,61.683571,144.45042,1338.1547,-135.81963,311.94336,1036.4813,-62.058022,309.50906,825.17035,29.722389
218,2.17,15.527102,1335.2002,-223.01971,19.232533,1075.1758,25.364756,-124.03766,1329.5347,-141.76645,-296.92996,1027.5498,-115.37006,-361.72931,881.13916,56.447872,145.13345,1337.4988,-134.64175,305.21222,1030.4598,-63.970871,295.69855,817.06152,22.91114
219,2.18,15.529492,1335.4119,-222.04453,19.097408,1074.646,25.735561,-124.26805,1329.2668,-140.68994,-292.31754,1024.4497,-115.28545,-350.35742,869.25372,51.922314,145.65582,1337.0153,-133.82558,298.45715,1025.1162,-66.170532,282.03424,810.25421,15.441658
220,2.19,15.46009,1335.6898,-221.30612,19.017929,1074.2277,26.112488,-124.47068,1329.0524,-139.45898,-287.47983,1021.8807,-115.61211,-338.59964,858.31818,43.254143,145.96272,1336.6863,-133.18411,292.02631,1020.4009,-68.151283,268.78357,804.4115,8.2536097
221,2.2,15.333412,1335.9797,-220.50494,19.090057,1073.9041,26.484684,-124.51213,1329.0477,-138.50941,-282.48099,1019.4388,-116.04559,-327.41528,848.36914,36.956528,146.21021,1336.4747,-132.54694,285.62289,1016.274,-70.145325,256.15735,799.50775,1.3460706
222,2.21,15.18101,1336.214,-219.5616,19.201754,1073.6443,26.819544,-124.56554,1329.1396,-137.45506,-277.21686,1017.3638,-116.65453,-316.72455,839.85187,29.874439,146.39265,1336.3636,-131.91348,279.41479,1012.761,-72.135101,244.20923,795.43304,-5.2232757
223,2.22,15.048222,1336.5955,-218.99065,19.37406,1073.4691,27.128588,-124.71563,1329.245,-136.34811,-271.95734,1015.6549,-117.37492,-306.07477,831.56598,22.602352,146.49063,1336.3523,-131.30283,273.79889,1009.7165,-73.870544,232.97528,792.03534,-11.250766
224,2.23,14.876678,1336.9064,-218.38023,19.588652,1073.316,27.337524,-124.84776,1329.434,-135.30469,-266.68652,1014.1884,-117.99626,-295.73535,824.41199,15.243928,146.62633,1336.3866,-130.70901,268.46368,1007.0502,-75.612083,222.4576,789.1889,-16.954168
225,2.24,14.689366,1337.1188,-217.81773,19.888252,1073.2645,27.422295,-125.06823,1329.5341,-134.01192,-261.57632,1013.0585,-118.60276,-285.79837,817.98669,8.0950956,146.85803,1336.458,-130.08214,263.48199,1004.6581,-77.362488,212.74576,786.7804,-22.232357
226,2.25,14.502373,1337.3179,-217.23256,20.199984,1073.1837,27.557686,-125.33771,1329.6598,-132.97684,-257.05383,1012.1669,-119.20512,-276.40384,812.1994,0.94753885,147.15402,1336.5079,-129.59006,258.87915,1002.5164,-78.932709,203.83281,784.8407,-27.21085
227,2.26,14.376378,1337.4186,-216.49068,20.535006,1073.1282,27.696587,-125.61195,1329.7462,-131.92766,-253.01224,1011.1714,-119.86804,-267.47342,807.00671,-6.041378,147.45702,1336.5043,-129.14908,254.56628,1000.538,-80.46904,195.91554,783.32751,-31.918869
228,2.27,14.258801,1337.548,-216.01773,20.837656,1073.0479,27.8134,-125.90981,1329.7845,-130.76224,-249.39534,1009.9398,-120.80513,-259.12939,802.43768,-12.735926,147.78619,1336.4708,-128.79547,250.84114,998.81476,-81.917603,188.65477,782.39484,-35.713581
229,2.28,14.121102,1337.6361,-215.51634,21.155178,1072.9205,27.915237,-126.24924,1329.9021,-129.72632,-246.05554,1008.5438,-122.08614,-251.38376,798.51373,-19.188578,148.09056,1336.4336,-128.45874,247.81616,997.39734,-83.551689,182.94353,782.9472,-37.206223
230,2.29,13.885271,1337.6255,-214.87662,21.416208,1072.7905,28.001507,-126.61861,1329.9969,-128.59209,-243.14021,1007.2727,-123.58424,-244.17377,795.13092,-25.305557,148.23819,1336.351,-128.13721,245.60991,996.50134,-85.272118,180.09142,783.24347,-37.697918
231,2.3,13.598694,1337.6371,-214.32231,21.605156,1072.6357,28.213873,-126.99715,1330.0771,-127.36793,-240.40541,1006.1306,-125.38615,-237.63943,792.3382,-31.056549,148.17722,1336.2843,-127.86804,244.33195,996.33936,-86.756355,180.86555,782.83197,-37.959873
232,2.31,13.185326,1337.6744,-213.82343,21.688375,1072.4135,28.449509,-127.40427,1330.2094,-126.40573,-237.8383,1005.223,-127.35648,-231.98143,790.07178,-36.416229,147.9415,1336.2759,-127.70492,244.24234,996.96149,-87.850426,183.05527,782.75073,-37.916126
233,2.32,12.673453,1337.7322,-213.47386,21.717821,1072.1895,28.654432,-127.85882,1330.2152,-125.2812,-235.36015,1004.6358,-129.63698,-227.39597,788.18164,-41.488411,147.56493,1336.3831,-127.61548,245.48671,997.995,-88.51165,185.61171,783.09357,-37.472378
234,2.33,12.046195,1337.7761,-213.11145,21.662418,1071.9772,28.94759,-128.4193,1330.1497,-124.34988,-232.95796,1004.1752,-132.07863,-223.52429,786.49738,-46.085449,147.07802,1336.6149,-127.64491,247.90469,998.88055,-88.380318,188.41728,783.76135,-36.498188
235,2.34,11.421722,1337.8632,-212.87622,21.627203,1071.7977,29.097567,-128.97859,1330.0297,-123.61484,-230.65546,1003.6885,-134.68904,-220.20226,785.04163,-50.375782,146.58569,1336.9429,-127.6779,251.19031,999.71899,-87.996918,191.40976,784.73743,-34.943935
236,2.35,10.780344,1337.8523,-212.54768,21.641665,1071.6823,29.234331,-129.5045,1329.863,-123.02589,-228.63339,1003.0779,-137.38524,-217.41277,783.75854,-54.207844,146.03908,1337.3389,-127.75812,254.71031,1000.9219,-87.703758,194.74858,785.96198,-32.925217
237,2.36,10.250063,1337.9241,-212.33116,21.615885,1071.6083,29.23558,-130.03244,1329.6927,-122.49605,-226.99841,1002.3243,-139.87749,-214.94478,782.57184,-57.882397,145.49391,1337.7445,-127.76859,257.64282,1002.7278,-87.625031,198.26895,787.35712,-30.629944
238,2.37,9.8584976,1337.964,-212.09373,21.624727,1071.5918,29.186129,-130.49905,1329.5189,-122.11224,-225.54053,1001.6696,-142.34129,-212.94669,781.61578,-61.470985,144.96745,1338.2025,-127.74946,260.09586,1004.7131,-87.348236,201.54984,788.31268,-28.912483
239,2.38,9.537612,1338.0442,-211.94868,21.658291,1071.6261,29.222118,-130.91881,1329.3759,-121.99454,-224.11688,1001.2765,-144.67404,-211.52942,780.81592,-64.760811,144.4754,1338.6523,-127.62074,261.6442,1006.3194,-87.105873,204.7137,789.34039,-27.477922
240,2.39,9.2572803,1338.0796,-211.87088,21.593863,1071.7129,29.328825,-131.34761,1329.3241,-122.04173,-222.67595,1001.1158,-146.9664,-210.93968,780.32135,-67.789009,143.99704,1339.0684,-127.52805,262.39978,1007.4806,-86.759033,207.39073,790.2486,-26.484236
241,2.4,9.0216303,1338.0732,-211.75652,21.503489,1071.8538,29.5142,-131.74854,1329.2668,-122.22832,-221.09607,1001.1248,-149.38411,-211.30226,779.966,-70.313499,143.53496,1339.4672,-127.37193,262.74359,1008.3613,-86.305931,209.63208,791.11554,-25.762135
242,2.41,8.8251257,1338.0814,-211.72749,21.358587,1072.0389,29.772453,-132.09331,1329.2241,-122.5009,-219.45692,1001.2708,-152.01454,-212.37689,779.76611,-72.746048,143.08162,1339.8899,-127.19137,263.02747,1009.1766,-85.911949,211.46405,791.86865,-25.416365
243,2.42,8.6684275,1338.0542,-211.64568,21.213699,1072.2362,29.998762,-132.41927,1329.1923,-122.88601,-217.91719,1001.2851,-154.75169,-213.91356,779.67944,-75.012726,142.63133,1340.283,-126.98189,263.28275,1009.9217,-85.63942,213.04478,792.60992,-25.265541
244,2.43,8.5882854,1338.0123,-211.62946,20.971195,1072.4069,30.310858,-132.69991,1329.1334,-123.38732,-216.52502,1001.2083,-157.59081,-215.87993,779.70618,-77.115929,142.25632,1340.678,-126.80981,263.4801,1010.6883,-85.717682,214.57607,793.29303,-24.968569
245,2.44,8.5626097,1338.0011,-211.58946,20.693459,1072.6206,30.509298,-132.92329,1329.058,-123.81441,-214.97871,1001.2293,-160.41045,-218.22777,779.77368,-79.389778,141.91551,1340.9723,-126.63472,263.77707,1011.4671,-85.931938,216.06316,793.94543,-24.5488
246,2.45,8.6168633,1337.9672,-211.54753,20.363865,1072.7371,30.819941,-133.09047,1328.9453,-124.28689,-214.09827,1001.1396,-163.01944,-221.16531,779.9212,-81.81797,141.61014,1341.1982,-126.4163,264.12875,1012.0907,-86.469025,217.77608,794.50647,-23.969061
247,2.46,8.7027092,1337.9473,-211.56046,20.024435,1072.8214,31.081812,-133.16743,1328.858,-124.84942,-213.78459,1001.0681,-165.5593,-224.76706,780.16077,-84.422348,141.36374,1341.2826,-126.20784,264.45218,1012.4774,-87.260544,219.69608,795.01019,-23.222786
248,2.47,8.8780537,1337.8599,-211.5202,19.571735,1072.8315,31.378637,-133.21355,1328.7416,-125.59877,-213.03397,1001.0755,-167.84346,-229.15883,780.52502,-86.937027,141.21696,1341.2449,-125.93378,264.71133,1012.6134,-88.468025,221.82321,795.36426,-22.450895
249,2.48,9.0355616,1337.7594,-211.519,19.142349,1072.8379,31.565454,-133.20174,1328.5867,-126.28993,-212.30391,1001.1443,-170.6994,-234.04213,781.16193,-89.939331,141.11377,1341.0793,-125.68089,264.99164,1012.564,-89.805565,224.47389,795.71985,-21.372431
250,2.49,9.205451,1337.5692,-211.37556,18.781923,1072.8212,31.586863,-133.13016,1328.4269,-127.00833,-211.90762,1001.1663,-173.07964,-239.50792,782.11072,-93.032738,141.03416,1340.8274,-125.36787,265.34695,1012.3619,-91.440308,227.70969,796.09534,-20.144934
251,2.5,9.4299183,1337.4183,-211.16273,18.325169,1072.7577,31.707655,-132.97961,1328.2655,-127.68894,-211.59138,1001.2709,-175.31335,-245.50847,783.39911,-96.298058,141.04001,1340.5076,-125.04121,265.67242,1012.0248,-93.293648,230.87999,796.35443,-19.074249
252,2.51,9.7604237,1337.3979,-211.08441,17.724081,1072.5934,32.09457,-132.7621,1328.1718,-128.32077,-211.3902,1001.4943,-177.33113,-252.37527,785.23676,-99.90799,141.10815,1340.121,-124.74386,266.01126,1011.5834,-95.300438,234.27992,796.56683,-18.214842
253,2.52,10.182052,1337.3141,-210.93669,17.29582,1072.5062,32.309326,-132.40578,1328.1965,-129.17096,-210.96823,1002.5186,-180.70062,-260.17007,787.50494,-103.39577,141.27779,1339.7372,-124.41383,266.33936,1011.0323,-97.457695,237.80508,797.00409,-16.439409
254,2.53,10.714903,1337.2317,-210.84605,16.963358,1072.4316,32.620827,-131.83406,1328.2897,-129.86699,-211.25375,1003.4026,-183.19191,-269.0065,790.41864,-106.93536,141.50455,1339.3888,-124.13473,266.6987,1010.4753,-99.622849,241.25151,797.04315,-16.877085
255,2.54,11.44276,1337.0692,-210.77928,16.761595,1072.4606,32.852573,-131.1066,1328.5485,-130.86526,-212.27098,1004.5408,-185.56953,-278.83704,793.97632,-110.62862,141.85719,1339.0417,-123.86929,267.07651,1009.8318,-101.80283,244.8907,797.31,-15.987413
256,2.55,12.377233,1336.901,-210.78903,16.54899,1072.5551,33.184551,-130.18442,1328.8927,-132.01456,-213.97797,1005.8301,-187.7711,-289.69672,798.25372,-114.09346,142.30354,1338.7465,-123.63799,267.59723,1009.2545,-103.80672,248.39774,797.5791,-15.878117
257,2.56,13.537983,1336.7166,-210.76451,16.48588,1072.7131,33.573177,-129.02562,1329.3251,-133.24324,-216.53026,1007.5059,-189.96718,-301.65497,803.42413,-117.81484,142.86383,1338.4419,-123.41438,268.08624,1008.6768,-105.64616,251.86855,797.84277,-15.912416
258,2.57,14.82832,1336.5369,-210.87935,16.447735,1072.9954,33.922115,-127.62372,1329.8895,-134.57776,-219.98856,1009.6368,-192.04584,-314.75024,809.48126,-121.20857,143.55658,1338.2146,-123.09087,268.63086,1008.2379,-107.37315,255.13872,798.11395,-15.922807
259,2.58,16.333275,1336.361,-210.91226,16.438429,1073.2905,34.404324,-126.06388,1330.4712,-135.84639,-224.22108,1012.2887,-194.0117,-329.14166,816.7063,-124.86736,144.34659,1337.9714,-122.84061,269.32196,1007.8459,-108.77209,258.13593,798.23193,-16.204651
260,2.59,17.906744,1336.1252,-211.00383,16.505188,1073.6119,34.855488,-124.37069,1331.1858,-137.15233,-229.25864,1015.2906,-195.58429,-344.73325,825.31354,-128.45822,145.20193,1337.7474,-122.56796,270.11969,1007.4983,-109.83067,260.88998,798.40607,-16.571661
261,2.6,19.595764,1335.8925,-211.23427,16.594969,1073.9746,35.369274,-122.54179,1332.0393,-138.52428,-235.18298,1018.1639,-195.5097,-361.30334,835.47247,-132.10519,146.17915,1337.5762,-122.31152,271.07516,1007.2622,-110.54533,263.41925,798.43524,-17.045174
262,2.61,21.32065,1335.6046,-211.6125,16.817354,1074.3054,35.83276,-120.58883,1332.9568,-139.59875,-241.71869,1022.4434,-197.24294,-378.8519,847.37408,-135.76866,147.15038,1337.3999,-122.18047,272.06876,1007.1636,-111.02205,265.84756,798.36591,-17.611095
263,2.62,23.06885,1335.2328,-211.83772,17.089554,1074.6976,36.318821,-118.5345,1334.0741,-140.95436,-248.75235,1027.3948,-199.11719,-397.00781,861.10504,-139.65231,148.23241,1337.2186,-122.10056,273.17154,1007.0942,-111.4641,268.23132,798.23981,-18.24609
264,2.63,24.791363,1334.8695,-212.23236,17.402075,1075.1326,36.742222,-116.39181,1335.2822,-142.03973,-256.18454,1032.922,-201.06424,-415.76041,876.71136,-143.62634,149.33467,1336.9612,-122.13023,274.32428,1007.0058,-111.83387,270.62585,798.10016,-18.764725
265,2.64,26.563902,1334.5587,-212.68098,17.822771,1075.6167,37.075935,-114.19036,1336.4899,-143.22453,-263.95596,1039.0928,-202.99919,-434.66464,894.27917,-147.6349,150.50267,1336.7043,-122.24408,275.46332,1006.908,-112.16214,273.06042,797.89252,-19.219213
266,2.65,28.356121,1334.1791,-212.93063,18.282888,1076.0613,37.387184,-111.96566,1337.7728,-144.19681,-272.02972,1045.9904,-204.87248,-453.61215,913.87506,-151.90761,151.67201,1336.4086,-122.44143,276.69223,1006.6901,-112.46874,275.32941,797.64905,-19.691408
267,2.66,30.033434,1333.9058,-213.29384,18.738853,1076.4548,37.740498,-109.66049,1339.0537,-145.17123,-280.60675,1053.5438,-206.65192,-472.32196,935.50867,-156.43819,152.83434,1336.109,-122.64484,277.91486,1006.4396,-112.73759,277.41412,797.27258,-20.096037
268,2.67,31.691008,1333.6281,-213.46593,19.246254,1076.8563,38.118698,-107.22652,1340.2766,-146.15883,-289.37393,1061.9917,-208.43944,-490.44409,959.0946,-161.02209,154.05226,1335.8091,-122.90738,279.13693,1006.1292,-112.98598,279.2775,796.97205,-20.472612
269,2.68,33.269501,1333.4622,-213.95975,19.741041,1077.2629,38.555637,-104.68406,1341.5436,-147.244,-298.3385,1071.2786,-210.42627,-507.79324,984.73401,-166.1329,155.20357,1335.4935,-123.15623,280.33685,1005.8438,-113.23454,280.87012,796.7038,-20.813129
270,2.69,34.709415,1333.2125,-214.2504,20.211437,1077.678,38.911781,-102.08022,1342.7328,-147.94667,-307.51987,1081.2905,-212.60382,-523.79877,1012.0188,-170.87112,156.28822,1335.199,-123.44979,281.36411,1005.5622,-113.49541,282.16809,796.39685,-21.115879
271,2.7,36.114441,1332.9564,-214.51901,20.652542,1078.13,39.269516,-99.473427,1343.9867,-148.9521,-316.59308,1091.9683,-214.56906,-538.25995,1040.7603,-175.53366,157.3037,1334.8976,-123.75784,282.37567,1005.2558,-113.79505,283.33218,796.17212,-21.334042
272,2.71,37.40456,1332.6536,-214.73218,21.007132,1078.5492,39.64827,-96.906029,1345.1797,-149.88486,-325.43253,1103.4265,-216.35715,-551.12183,1070.9574,-180.04057,158.158,1334.6423,-124.12997,283.08139,1005.0538,-114.12227,284.44131,796.04218,-21.501127
273,2.72,38.591038,1332.3689,-214.99196,21.328304,1078.9674,39.943436,-94.489944,1346.3151,-150.70163,-334.10281,1115.7543,-218.0275,-562.17126,1102.2968,-184.35077,158.922,1334.373,-124.53917,283.78253,1004.8499,-114.39274,285.28915,795.90363,-21.673748
274,2.73,39.632561,1332.0885,-215.34186,21.582911,1079.4344,40.178631,-92.237122,1347.3157,-151.59245,-342.45157,1128.9774,-219.61531,-571.23749,1134.5145,-188.21989,159.57251,1334.1394,-124.94879,284.31674,1004.6782,-114.6664,286.02509,795.87323,-21.751171
275,2.74,40.435219,1331.9061,-215.69476,21.747311,1079.8701,40.335186,-90.269203,1348.3141,-152.54956,-350.40662,1143.0955,-221.37392,-578.15881,1167.4399,-192.01183,160.12022,1333.9172,-125.38144,284.61697,1004.5043,-114.85707,286.6438,795.81409,-21.802534
276,2.75,41.164654,1331.6725,-216.15004,21.789749,1080.3281,40.448574,-88.469963,1349.2247,-152.97589,-357.77933,1157.9005,-222.95126,-582.87018,1200.8286,-195.58966,160.51718,1333.6757,-125.78622,284.78409,1004.3633,-115.06387,287.15399,795.80695,-21.832752
277,2.76,41.765343,1331.3755,-216.4563,21.735086,1080.764,40.637012,-86.827751,1350.116,-153.62711,-364.33679,1173.2444,-224.44,-585.41748,1234.4977,-198.91641,160.82155,1333.4761,-126.16245,284.78528,1004.2755,-115.38925,287.57632,795.84363,-21.861107
278,2.77,42.215031,1331.0948,-216.78989,21.588663,1081.1843,40.812504,-85.360046,1350.865,-153.82701,-370.09821,1188.9691,-225.64774,-585.59387,1267.7982,-201.35812,161.03532,1333.2698,-126.56948,284.66919,1004.1394,-115.65078,287.87805,795.87286,-21.833721
279,2.78,42.527279,1330.8938,-217.13744,21.352541,1081.634,40.964455,-84.194191,1351.6071,-154.02126,-374.94821,1205.1425,-226.78323,-583.63654,1300.749,-203.53757,161.14644,1333.0597,-126.97675,284.45459,1003.9823,-115.81663,288.01736,795.85083,-21.812813
280,2.79,42.701069,1330.6855,-217.39224,21.013666,1082.072,41.162689,-83.086624,1352.4025,-154.36147,-378.85699,1221.5815,-228.19189,-579.52155,1333.3621,-205.91066,161.09464,1332.8401,-127.45271,284.19443,1003.8389,-115.99236,287.98697,795.87537,-21.731255
281,2.8,42.769474,1330.5889,-218.08461,20.683117,1082.4365,41.278008,-81.801933,1353.1841,-156.0947,-381.97729,1238.3555,-229.50916,-573.35736,1365.1809,-208.0482,160.98511,1332.6239,-127.91525,283.8446,1003.705,-116.10038,287.81305,795.88702,-21.639338
282,2.81,42.667301,1330.765,-219.07101,20.259838,1082.8148,41.452457,-81.078163,1353.748,-155.76521,-384.26724,1255.5619,-231.77063,-565.32507,1396.1123,-209.28868,160.74811,1332.4399,-128.37979,283.29727,1003.6116,-116.16809,287.45233,795.92712,-21.490953
283,2.82,42.513657,1330.1405,-218.31711,19.7714,1083.1683,41.507462,-80.114807,1354.4683,-157.05342,-385.48254,1272.0228,-232.713,-555.43054,1425.8789,-210.45868,160.46425,1332.2638,-128.77563,282.78253,1003.5536,-116.22025,286.98145,795.97229,-21.332926
284,2.83,42.375904,1330.2211,-219.18231,19.278061,1083.5428,41.513752,-79.361809,1355.0946,-157.47797,-385.80746,1288.4849,-233.72223,-543.92609,1454.4329,-211.29494,160.12338,1332.1301,-129.14569,282.19727,1003.5159,-116.22155,286.47693,796.03351,-21.163271
285,2.84,42.083515,1329.8567,-219.1463,18.742752,1083.8484,41.574352,-78.693764,1355.7352,-157.9305,-385.27341,1304.6394,-234.3752,-530.91504,1481.6372,-211.88222,159.69196,1332.0009,-129.51418,281.14575,1003.5238,-116.31214,285.93112,796.104,-21.006346
286,2.85,41.73539,1329.7058,-219.46086,18.144421,1084.1648,41.604626,-78.089348,1356.3806,-158.42058,-383.86868,1320.4386,-234.62051,-516.60657,1507.3071,-212.28595,159.19524,1331.8831,-129.90784,280.39648,1003.527,-116.23473,285.27518,796.17725,-20.788965
287,2.86,41.387661,1329.6273,-219.84348,17.524023,1084.4625,41.70863,-77.569077,1357.0713,-158.95796,-381.53668,1335.83,-234.81142,-501.17468,1531.4886,-212.40334,158.69257,1331.7968,-130.25839,279.8699,1003.5032,-116.0747,284.48947,796.18579,-20.592808
288,2.87,40.865341,1329.5458,-220.20055,16.905735,1084.7246,41.722012,-77.119026,1357.7754,-159.43539,-378.37631,1350.8998,-235.22136,-484.854,1554.1603,-212.33949,158.11108,1331.7416,-130.57825,279.00787,1003.5679,-115.89646,283.59323,796.22894,-20.389566
289,2.88,40.322899,1329.4456,-220.53461,16.236063,1085.0104,41.736595,-76.683952,1358.5787,-159.67662,-374.52136,1365.5514,-235.29059,-467.69818,1575.3754,-212.28209,157.49832,1331.6906,-130.89435,278.12262,1003.6219,-115.66186,282.56168,796.31628,-20.190763
290,2.89,39.722736,1329.3616,-220.88145,15.573223,1085.2561,41.740978,-76.381607,1359.278,-159.4971,-369.97714,1379.8451,-235.27254,-449.82431,1595.1681,-212.13937,156.86002,1331.6537,-131.16974,277.22748,1003.6978,-115.47023,281.44952,796.41669,-19.987839
291,2.9,39.090343,1329.29,-221.19719,14.885235,1085.5638,41.673416,-76.115723,1359.8336,-160.01414,-364.8714,1393.526,-234.92419,-431.28705,1613.4698,-211.85728,156.1739,1331.6309,-131.47441,276.29437,1003.8397,-115.24647,280.38446,796.54639,-19.767094
292,2.91,38.465199,1329.2864,-221.5193,14.242959,1085.812,41.756447,-75.81073,1360.6011,-160.24767,-359.19052,1406.5477,-234.31456,-412.44321,1630.3573,-211.26526,155.49994,1331.5999,-131.76436,275.35974,1003.9753,-115.05515,279.336,796.62616,-19.627199
293,2.92,37.791103,1329.3463,-221.81992,13.578457,1086.0433,41.753006,-75.458168,1361.4487,-160.44363,-352.94406,1419.0598,-233.66139,-393.27289,1645.9283,-210.69292,154.81232,1331.6052,-132.05629,274.4425,1004.063,-114.78662,278.30902,796.69659,-19.401413
294,2.93,37.09124,1329.4138,-222.01373,12.924666,1086.3535,41.754471,-74.930016,1362.4946,-160.65929,-346.41553,1431.257,-233.03258,-374.01001,1660.2231,-209.72945,154.17232,1331.6179,-132.34346,273.42545,1004.1475,-114.5956,277.26474,796.7605,-19.219791
295,2.94,36.360195,1329.5568,-222.30516,12.24836,1086.5258,41.808834,-74.241539,1363.7019,-160.9236,-339.3512,1442.6324,-232.16116,-354.8009,1673.3281,-208.48175,153.4742,1331.6198,-132.63332,272.52386,1004.2249,-114.30875,276.14551,796.84772,-19.025459
296,2.95,35.681847,1329.6958,-222.49005,11.619943,1086.6891,41.767872,-73.45385,1364.9703,-161.14674,-331.74777,1453.6688,-231.59959,-335.66724,1685.3527,-207.45374,152.78717,1331.6537,-132.88788,271.55701,1004.3361,-114.04851,275.04266,796.91895,-18.880978
297,2.96,35.027214,1329.8011,-222.70425,10.975704,1086.8354,41.691124,-72.495338,1366.1788,-161.41321,-323.82996,1464.3,-231.07344,-316.7655,1696.3334,-206.24567,152.07817,1331.6527,-133.24904,270.62335,1004.4711,-113.87987,273.96484,797.00195,-18.754599
298,2.97,34.387539,1329.9979,-223.05038,10.388884,1087.0073,41.706268,-71.399475,1367.3096,-161.7473,-315.44482,1474.4181,-230.7142,-298.22202,1706.3423,-205.13051,151.38976,1331.6877,-133.50418,269.59644,1004.6337,-113.73356,272.97742,797.08447,-18.667507
299,2.98,33.645805,1330.0319,-223.2292,9.8265791,1087.1968,41.630634,-70.210739,1368.2261,-162.16231,-306.6337,1483.8895,-230.02414,-279.94958,1715.4077,-204.13313,150.69313,1331.687,-133.79938,268.69473,1004.7344,-113.60201,271.98285,797.15338,-18.697031
300,2.99,33.012932,1330.0537,-223.45331,9.2165461,1087.3942,41.561321,-68.931755,1369.0675,-162.84319,-297.83353,1492.9403,-229.69986,-262.13858,1723.5605,-203.22513,150.05209,1331.6545,-134.09314,267.62698,1004.8119,-113.53951,271.03702,797.15887,-18.747179
301,3.0,32.416321,1330.0223,-223.80101,8.6232347,1087.579,41.554249,-67.519112,1369.76,-163.67883,-288.67877,1500.9175,-228.34979,-244.57251,1730.6912,-202.70857,149.38736,1331.6273,-134.34843,266.76416,1004.8137,-113.38762,270.09464,797.07312,-18.82753
302,3.01,32.059978,1330.0481,-224.3405,7.9700117,1087.8181,41.499191,-66.189758,1370.3601,-164.71904,-279.77502,1508.3572,-227.17969,-227.29042,1736.7833,-202.49072,148.77803,1331.5455,-134.61192,265.79752,1004.8473,-113.22939,269.14484,796.91449,-19.1007
303,3.02,31.6719,1329.8619,-224.67438,7.2873373,1088.0253,41.422161,-64.958313,1370.8556,-165.75455,-271.11923,1514.8595,-225.60478,-210.29694,1741.8093,-202.63855,148.20329,1331.4283,-134.87357,264.98227,1004.8233,-113.03168,268.23273,796.67188,-19.369041
304,3.03,31.264898,1329.5634,-224.94873,6.5952516,1088.2607,41.393513,-63.77206,1371.3203,-166.88632,-262.97336,1520.3595,-223.7066,-193.62552,1745.7065,-203.26746,147.73474,1331.2892,-135.08112,264.09964,1004.7416,-112.84506,267.32654,796.27972,-19.858089
305,3.04,31.141609,1329.5381,-225.51424,5.9070177,1088.5121,41.410721,-62.766403,1371.6289,-168.00995,-255.22726,1525.2667,-221.89949,-177.42647,1748.6796,-204.04739,147.33124,1331.1389,-135.20862,262.91278,1004.6954,-112.72733,266.46991,795.86401,-20.371475
306,3.05,30.827923,1329.1306,-225.57664,5.1347637,1088.7524,41.329964,-61.738708,1371.9133,-169.10715,-247.73367,1529.6492,-220.23557,-161.83351,1750.9065,-204.87709,146.99246,1330.9196,-135.2726,262.46719,1004.5041,-112.42477,265.57095,795.3623,-20.964973
307,3.06,30.731365,1328.9303,-225.8362,4.4990993,1088.9756,41.381359,-60.764538,1372.1891,-170.2883,-240.34827,1533.5413,-218.62668,-146.75061,1752.4091,-205.73669,146.73788,1330.7235,-135.25272,261.73495,1004.3276,-112.25434,264.73206,794.85284,-21.596582
308,3.07,30.861473,1328.8197,-226.26421,3.8487747,1089.2087,41.402424,-59.831486,1372.4321,-171.48335,-233.08687,1537.178,-217.21342,-132.40398,1753.2738,-206.59401,146.52635,1330.5219,-135.21712,261.06314,1004.1315,-112.07822,263.78177,794.27802,-22.278606
309,3.08,30.79215,1328.5847,-226.47423,3.2160687,1089.3491,41.505722,-58.89183,1372.6426,-172.6326,-226.15683,1540.3828,-215.87967,-118.79079,1753.5873,-207.53043,146.34756,1330.3335,-135.1208,260.41141,1003.9329,-111.93399,262.85764,793.74097,-23.047693
310,3.09,30.859247,1328.3666,-226.58008,2.7223628,1089.4801,41.615616,-57.954407,1372.84,-173.60356,-219.66501,1543.2875,-214.61238,-105.89442,1753.4462,-208.25458,146.28134,1330.1854,-134.97943,259.83389,1003.7227,-111.81718,261.87729,793.18036,-23.784723
311,3.1,30.963596,1328.1394,-226.65984,2.2809622,1089.6333,41.713902,-57.046314,1372.9503,-174.51076,-213.76826,1545.9259,-213.2963,-93.881416,1753.0093,-208.79892,146.30699,1330.0819,-134.85641,259.29587,1003.4771,-111.7537,260.89694,792.64459,-24.467836
312,3.11,31.048792,1327.7905,-226.56377,1.8903497,1089.7854,41.832951,-56.103958,1373.1113,-175.28764,-208.06369,1548.1818,-213.05452,-82.868996,1752.3873,-209.09419,146.40721,1329.9404,-134.75809,258.72534,1003.209,-111.80889,259.97705,792.12836,-25.185963
313,3.12,31.430061,1327.6543,-226.67789,1.6032662,1089.9541,41.939934,-55.055824,1373.2659,-176.0269,-202.80785,1550.2795,-212.88292,-72.931358,1751.7621,-209.07912,146.64584,1329.8281,-134.69373,258.23975,1002.9214,-111.8709,259.0419,791.62671,-25.884787
314,3.13,31.909119,1327.5546,-226.77574,1.291682,1090.1326,42.065796,-53.573822,1373.4736,-176.88857,-197.79103,1552.188,-213.3127,-64.0644,1751.2076,-208.96034,146.93642,1329.6862,-134.61049,257.42081,1002.6235,-112.10512,258.15054,791.07758,-26.53491
315,3.14,32.440575,1327.4508,-226.82666,1.0651144,1090.3671,42.229065,-52.558914,1373.559,-177.45184,-193.11723,1553.8226,-213.89268,-56.485886,1750.8358,-208.69098,147.34872,1329.54,-134.50883,257.31049,1002.1967,-112.1623,257.19443,790.5882,-27.075228
316,3.15,33.205032,1327.5762,-227.13359,0.84165716,1090.5892,42.536182,-51.550724,1373.6232,-177.9353,-188.87651,1555.0778,-214.40521,-50.164234,1750.6926,-208.36423,147.76788,1329.416,-134.47202,256.91992,1001.835,-112.33875,256.28088,790.1012,-27.622465
317,3.16,33.828651,1327.5026,-227.1106,0.69369054,1090.8256,42.760925,-50.562279,1373.6735,-178.35243,-185.18866,1556.1108,-215.03656,-45.148075,1750.8384,-208.0882,148.19841,1329.3113,-134.37816,256.54224,1001.4732,-112.48333,255.34612,789.60748,-28.199718
318,3.17,34.528667,1327.431,-227.16957,0.52735186,1091.0548,42.97707,-49.571983,1373.6663,-178.65436,-182.04276,1556.8831,-215.60825,-41.499958,1751.3015,-208.01105,148.73975,1329.2384,-134.19933,256.20197,1001.1109,-112.62801,254.45766,789.17743,-28.719067
319,3.18,35.216465,1327.3765,-227.22026,0.32932705,1091.2605,43.237103,-48.53598,1373.6719,-178.96236,-179.67273,1557.5266,-216.40172,-39.27029,1752.1473,-207.99733,149.31033,1329.1549,-134.00905,255.64122,1000.848,-112.83722,253.65424,788.80237,-29.150249
320,3.19,36.029953,1327.3319,-227.19304,0.11345719,1091.4342,43.389534,-47.645649,1373.6514,-179.18166,-178.02658,1557.9387,-217.06035,-38.488422,1753.2981,-208.26563,149.88475,1329.0353,-133.80548,255.44423,1000.5706,-112.92489,252.92625,788.43378,-29.51716
321,3.2,36.911205,1327.2338,-227.0824,-0.083103418,1091.5479,43.518993,-46.792206,1373.6615,-179.34285,-177.04483,1558.074,-217.53276,-39.078468,1754.793,-208.66013,150.53493,1328.9479,-133.49129,255.28098,1000.2276,-112.8594,252.26065,787.9798,-29.927181
322,3.21,37.764629,1327.2064,-226.9886,-0.30481648,1091.5464,43.670135,-45.916878,1373.7021,-179.16551,-176.64116,1558.0186,-218.23775,-41.074509,1756.6013,-209.31105,151.16556,1328.8098,-133.09322,255.30139,999.90527,-112.73866,251.70601,787.52509,-30.237015
323,3.22,38.667274,1327.248,-226.71574,-0.5616312,1091.4929,43.709118,-45.239071,1373.7441,-179.00786,-176.73351,1557.826,-219.24474,-44.495235,1758.6399,-210.05885,151.83569,1328.6721,-132.55031,255.61621,999.4917,-112.50859,251.22177,787.05591,-30.439388
324,3.23,39.530457,1327.3086,-226.35388,-0.74928707,1091.3995,43.789974,-44.599613,1373.7633,-178.72232,-177.36665,1557.3912,-220.56258,-49.347397,1760.9374,-210.93346,152.53326,1328.5479,-131.9299,255.4529,999.17792,-112.36106,250.74574,786.59406,-30.588385
325,3.24,40.148003,1327.1775,-225.668,-0.86777079,1091.2959,43.915527,-44.045616,1373.7914,-178.38956,-178.65384,1556.8154,-221.3188,-55.519863,1763.3695,-211.96739,153.16113,1328.3962,-131.32103,255.91138,998.7674,-112.00464,250.31313,786.18817,-30.627369
326,3.25,41.059135,1327.5004,-225.47018,-0.98880905,1091.1415,44.037724,-43.627201,1373.7821,-178.09314,-180.20496,1555.9266,-222.97833,-63.177525,1765.9479,-213.07162,153.85223,1328.2955,-130.67319,256.12442,998.45264,-111.80671,250.03146,785.87885,-30.562288
327,3.26,41.746738,1327.5737,-224.99402,-1.0672011,1091.0743,44.147408,-43.274593,1373.7581,-177.66396,-182.38345,1554.8561,-224.13553,-72.15995,1768.5548,-214.27763,154.44353,1328.2471,-129.97949,256.3927,998.18219,-111.58574,249.83961,785.61053,-30.454206
328,3.27,42.40694,1327.641,-224.46635,-1.0687091,1090.9862,44.387505,-42.973465,1373.6772,-177.20769,-184.91719,1553.6324,-225.57756,-82.479965,1771.1235,-215.57155,155.0421,1328.2076,-129.26057,256.6506,998.00244,-111.25154,249.85852,785.53363,-30.1633
329,3.28,43.039978,1327.708,-223.9657,-1.0096648,1090.8586,44.653557,-42.750561,1373.6007,-176.67284,-188.03349,1552.1116,-226.17827,-94.154221,1773.5262,-216.97208,155.57111,1328.2034,-128.65436,256.96274,997.85815,-110.91737,250.00757,785.44958,-29.842583
330,3.29,43.662628,1327.7534,-223.53799,-0.97858614,1090.7808,44.915909,-42.55257,1373.5372,-176.14752,-191.21065,1550.2931,-227.91042,-107.01192,1775.6411,-218.36893,156.04153,1328.2068,-128.08031,257.22946,997.79968,-110.59268,250.25061,785.43719,-29.452345
331,3.3,44.24564,1327.8118,-223.0782,-0.84513867,1090.6487,45.21032,-42.387058,1373.4919,-175.66499,-195.06458,1548.2079,-228.2523,-121.03081,1777.3237,-219.9166,156.55072,1328.2549,-127.47435,257.52966,997.75287,-110.21234,250.53,785.43768,-28.999435
332,3.31,44.750851,1327.9077,-222.63162,-0.70450377,1090.5575,45.431519,-42.318161,1373.4453,-175.11111,-199.03882,1545.9307,-229.68951,-136.09523,1778.3,-221.49579,156.97964,1328.2914,-126.90435,257.88223,997.77466,-109.8615,250.86313,785.49872,-28.427332
333,3.32,45.237263,1328.0184,-222.0741,-0.46460202,1090.3965,45.683002,-42.27972,1373.4047,-174.48602,-203.50555,1543.4816,-230.52744,-152.01123,1778.5439,-223.26028,157.44798,1328.4012,-126.33668,258.40781,997.77545,-109.36541,251.26073,785.63062,-27.64596
334,3.33,45.641674,1328.162,-221.51462,-0.1510191,1090.291,45.858192,-42.356361,1373.3386,-173.67191,-208.45294,1540.7184,-231.31964,-168.59671,1777.9468,-225.01144,157.93279,1328.5228,-125.80854,258.92709,997.81415,-108.90383,251.67793,785.81134,-26.830526
335,3.34,46.029236,1328.368,-220.9265,0.1978537,1090.1565,46.026989,-42.534985,1373.2566,-172.883,-213.84567,1537.6268,-232.59656,-185.89201,1776.4512,-226.78291,158.36053,1328.6434,-125.33852,259.17499,997.99554,-108.46276,252.12434,785.99841,-26.091904
336,3.35,46.426273,1328.5626,-220.37015,0.71994507,1089.98,46.154221,-42.77491,1373.1827,-172.03223,-219.5815,1534.0819,-234.04088,-203.71373,1774.0186,-228.4684,158.86951,1328.7836,-124.73376,260.1134,998.07135,-107.68977,252.63924,786.22693,-25.218359
337,3.36,46.865128,1328.7816,-219.80698,1.3092425,1089.7961,46.328621,-43.101887,1373.1267,-171.03697,-225.62648,1530.1746,-235.56964,-221.9588,1770.5658,-229.88412,159.38689,1328.9742,-124.21761,260.75485,998.17859,-107.00114,253.14043,786.48547,-24.228109
338,3.37,47.315491,1328.9226,-219.22716,1.9565935,1089.6465,46.475327,-43.527252,1373.0597,-169.99425,-231.89787,1526.1644,-236.5341,-240.55733,1766.1049,-231.43613,159.90161,1329.1035,-123.75966,261.49219,998.35583,-106.30674,253.65514,786.74701,-23.314697
339,3.38,47.623634,1328.875,-218.29565,2.6567781,1089.4255,46.640327,-44.256985,1372.9327,-168.8078,-237.73688,1521.9269,-238.3009,-259.54834,1760.5594,-232.59261,160.47681,1329.2782,-123.26662,262.24051,998.51868,-105.55529,254.16219,786.99316,-22.228434
340,3.39,48.200569,1329.229,-217.97261,3.4592481,1089.2451,46.780781,-44.828197,1372.8303,-167.72845,-243.91801,1517.0511,-239.41966,-278.71494,1753.9487,-233.78795,161.07289,1329.4099,-122.80574,263.05893,998.67694,-104.85193,254.77359,787.28143,-21.199072
341,3.4,48.514935,1329.2391,-217.13982,4.2889991,1089.0505,46.908035,-45.421482,1372.6976,-166.70573,-250.2654,1511.8574,-240.47833,-298.09348,1746.2202,-234.89064,161.64557,1329.556,-122.34089,263.8782,998.80695,-104.19034,255.44536,787.58618,-20.13238
342,3.41,48.949177,1329.3921,-216.5739,5.2145309,1088.843,47.047825,-46.065189,1372.5642,-165.75316,-256.95181,1506.2802,-241.53868,-317.56061,1737.4355,-235.57529,162.29778,1329.7155,-121.91415,264.67465,998.96875,-103.5723,256.16843,787.94519,-18.905018
343,3.42,49.566032,1329.7362,-216.27356,6.1258407,1088.6573,47.154953,-46.872776,1372.2781,-164.76093,-263.66757,1500.2168,-242.39575,-337.01529,1727.5333,-236.07146,162.94254,1329.875,-121.50991,265.49353,999.09338,-102.90207,256.88138,788.24658,-17.867109
344,3.43,50.081055,1329.8795,-215.72464,7.0770783,1088.4185,47.317741,-47.785759,1371.9833,-163.75288,-270.70892,1493.6206,-243.18559,-356.19553,1716.5337,-236.59927,163.59737,1330.0782,-121.15954,266.35147,999.18719,-102.30141,257.63113,788.6106,-16.623737
345,3.44,50.554066,1330.0095,-215.23045,8.1040611,1088.2432,47.311974,-48.739857,1371.5341,-162.70308,-277.8732,1486.6318,-244.07991,-374.93137,1704.3898,-237.13222,164.27754,1330.261,-120.8674,267.2114,999.3089,-101.75321,258.28616,788.94336,-15.499205
346,3.45,51.101547,1330.1648,-214.79156,9.0975075,1088.059,47.437588,-49.803917,1371.0741,-161.5901,-285.08945,1479.0498,-244.83867,-393.37796,1691.104,-237.4511,165.01741,1330.4139,-120.59721,268.08105,999.39435,-101.17661,258.95679,789.24921,-14.349812
347,3.46,51.668381,1330.291,-214.32748,10.13245,1087.8428,47.457829,-50.840961,1370.5536,-160.60498,-292.10977,1470.5049,-244.61938,-411.42923,1676.6932,-237.59097,165.77101,1330.5687,-120.38348,268.97565,999.50171,-100.50798,259.60754,789.59796,-13.22765
348,3.47,52.153114,1330.4457,-213.93605,11.214063,1087.6467,47.473949,-52.066799,1369.9471,-159.55055,-298.83286,1461.8441,-244.84413,-428.98605,1661.1619,-237.82083,166.49001,1330.717,-120.12189,269.92236,999.60767,-99.877861,260.1618,789.9082,-12.172879
349,3.48,52.587009,1330.5673,-213.46922,12.219677,1087.423,47.515423,-53.271896,1369.3152,-158.69815,-305.4137,1452.7633,-244.83585,-445.95084,1644.6888,-237.85976,167.22681,1330.9352,-119.89362,270.84341,999.79675,-99.247841,260.76331,790.29596,-11.062072
350,3.49,52.96077,1330.6711,-213.04022,13.259717,1087.2173,47.556141,-54.346016,1368.585,-157.92603,-311.78278,1442.949,-244.57957,-462.16357,1627.4338,-238.0065,167.92566,1331.1799,-119.6601,271.71802,1000.0019,-98.629944,261.2059,790.72174,-10.1779
351,3.5,53.110809,1330.5568,-212.40729,14.225398,1086.9897,47.607624,-55.253181,1367.8376,-157.13789,-318.05539,1432.5474,-244.37161,-477.78122,1609.1464,-237.93785,168.50766,1331.49,-119.41131,272.67972,1000.2874,-97.971214,261.61801,791.19519,-9.2185802
352,3.51,53.358734,1330.6396,-212.12448,15.242762,1086.7954,47.558327,-56.094467,1367.1156,-156.37302,-324.08832,1421.4767,-243.7795,-492.4903,1589.9282,-237.71861,169.00969,1331.8025,-119.23165,273.58163,1000.6636,-97.348152,262.0282,791.7135,-8.3096943
353,3.52,53.658443,1330.6997,-211.88528,16.136816,1086.5519,47.497604,-56.729328,1366.4309,-155.61185,-329.81522,1409.8094,-243.17004,-506.36304,1569.7438,-237.43407,169.49417,1332.0868,-119.06716,274.15457,1001.0977,-96.844795,262.54855,792.19342,-7.52423
354,3.53,54.112587,1330.8792,-211.92351,17.102619,1086.3112,47.40546,-57.248848,1365.9672,-154.85707,-335.13428,1397.4426,-242.25441,-519.3902,1548.5767,-237.10393,169.97298,1332.3016,-118.9222,275.34247,1001.3783,-96.1203,263.16711,792.64594,-6.6718979
355,3.54,54.426888,1330.8838,-211.69739,17.937862,1086.0548,47.380379,-57.86615,1365.3948,-154.31496,-339.85321,1385.0458,-241.39726,-531.54431,1526.5276,-236.80464,170.42708,1332.4366,-118.87724,276.19247,1001.6098,-95.59536,263.97272,793.0188,-5.7768769
356,3.55,54.641178,1330.9104,-211.56125,18.751076,1085.8446,47.284943,-58.611332,1364.7417,-153.48891,-343.80731,1372.4507,-240.31226,-542.77234,1503.7224,-236.51263,170.87538,1332.5151,-118.8638,277.05573,1001.7853,-95.103218,264.79642,793.31525,-5.0456572
357,3.56,54.736591,1330.9435,-211.37767,19.500862,1085.6432,47.234924,-59.390892,1364.0316,-152.78026,-347.25162,1359.5548,-238.1156,-553.03326,1480.3159,-235.92061,171.2892,1332.6113,-118.87382,277.80023,1001.9645,-94.791374,265.69519,793.70984,-4.2309055
358,3.57,54.701233,1331.032,-211.13173,20.288708,1085.4252,47.162495,-60.045795,1363.4584,-152.24313,-350.25861,1346.6664,-236.42236,-562.16559,1456.4447,-235.32727,171.67067,1332.7244,-118.96828,278.54724,1002.1517,-94.49202,266.63223,794.04626,-3.5015852
359,3.58,54.553436,1330.8268,-210.75815,20.966215,1085.1716,47.135029,-60.599167,1362.9073,-151.62242,-352.76114,1333.248,-234.86978,-569.97852,1432.1132,-233.7095,171.9928,1332.8018,-119.1076,279.24606,1002.3086,-94.22834,267.55505,794.40948,-2.7598319
360,3.59,54.718987,1330.9824,-210.8024,21.663731,1084.9215,47.066788,-61.038773,1362.3933,-151.05725,-354.7688,1319.2074,-233.33528,-576.50592,1407.4141,-232.61331,172.29504,1332.8694,-119.23203,279.93686,1002.4261,-93.988518,268.43332,794.7146,-2.1871471
361,3.6,54.81979,1330.9476,-210.66766,22.309202,1084.7394,46.893818,-61.480247,1361.968,-150.41113,-356.07919,1304.785,-231.70195,-581.76294,1382.1829,-231.33429,172.57184,1332.8981,-119.37411,280.58569,1002.5253,-93.777618,269.35458,795.05896,-1.4395382
362,3.61,54.948151,1331.0051,-210.67619,22.832907,1084.5187,46.81028,-62.11145,1361.5383,-149.76205,-356.72293,1290.1761,-229.95154,-585.72137,1356.6522,-230.01817,172.79608,1332.901,-119.52216,281.22064,1002.584,-93.59803,270.28952,795.23413,-0.87499493
363,3.62,55.0336,1331.0725,-210.59717,23.237127,1084.3018,46.695732,-62.951797,1360.9626,-149.09715,-356.69467,1275.6785,-227.94907,-588.57837,1330.7333,-228.63519,173.06836,1332.8866,-119.59901,281.79095,1002.5825,-93.564308,271.16251,795.43652,-0.32370961
364,3.63,55.030472,1331.1952,-210.56502,23.595673,1084.1168,46.635265,-63.926861,1360.2994,-148.47417,-355.97736,1261.6552,-225.89482,-590.3078,1304.6427,-227.01201,173.29868,1332.8701,-119.68715,282.2522,1002.5634,-93.59951,272.03513,795.62378,0.088698164
365,3.64,54.995445,1331.6968,-211.84038,23.94574,1083.9015,46.566765,-64.858665,1359.5619,-148.10069,-354.55856,1247.8585,-222.95119,-590.74591,1278.4489,-225.18658,173.41576,1332.8624,-119.83688,282.70074,1002.5875,-93.74176,272.86435,795.84381,0.40798551
366,3.65,54.768864,1331.3142,-210.65926,24.294235,1083.7021,46.52359,-65.703201,1358.7844,-147.63724,-352.42505,1234.3771,-220.67203,-589.88507,1252.4114,-222.79414,173.47099,1332.8944,-119.98666,282.98178,1002.6459,-93.919014,273.63315,796.11652,0.72099888
367,3.66,54.522846,1331.3138,-210.65651,24.583469,1083.4998,46.511913,-66.579567,1358.1108,-147.62234,-349.72879,1221.1815,-218.6604,-587.64844,1226.5795,-219.87917,173.39487,1332.9136,-120.1877,283.2666,1002.7659,-94.106018,274.27774,796.35681,0.93685049
368,3.67,54.316193,1331.6213,-211.40627,24.829845,1083.2897,46.408867,-67.615807,1357.3564,-147.31339,-346.53641,1208.2559,-216.83286,-584.2489,1201.1693,-216.57416,173.22935,1332.9623,-120.35866,283.41571,1002.8621,-94.309784,274.73099,796.56262,1.0173397
369,3.68,53.836609,1331.7687,-212.10503,25.056421,1083.0684,46.480843,-68.812737,1356.473,-147.04897,-342.86594,1195.8885,-215.06078,-579.73553,1176.2272,-212.86726,172.97562,1332.996,-120.53293,283.53448,1002.9242,-94.513252,275.0683,796.71753,1.0754145
370,3.69,53.431629,1331.1211,-210.96796,25.235819,1082.8582,46.506168,-70.057968,1355.4386,-146.79369,-339.03015,1184.0864,-213.45833,-574.24304,1151.8433,-209.19756,172.67137,1333.0292,-120.78168,283.63879,1002.9666,-94.719925,275.22836,796.84668,0.9770453
371,3.7,52.842205,1331.2146,-210.86182,25.371469,1082.653,46.525963,-71.836311,1354.0303,-144.82568,-335.00665,1172.6742,-211.7406,-567.91571,1128.1466,-205.27217,172.33398,1333.041,-121.07769,283.63873,1003.0085,-94.914444,275.29144,796.93738,0.83287406
372,3.71,52.270676,1331.2772,-211.04391,25.519375,1082.4181,46.526779,-73.347389,1352.7993,-144.51468,-330.72955,1161.6516,-210.27969,-560.7478,1105.2377,-201.37851,171.99231,1333.0419,-121.38285,283.48959,1003.0652,-95.186607,275.25089,796.9953,0.60095733
373,3.72,51.645828,1331.3364,-211.25539,25.640274,1082.1832,46.574177,-74.970154,1351.5581,-144.40765,-326.15115,1150.7565,-208.62396,-552.83594,1083.0936,-197.3754,171.62146,1333.0471,-121.71059,283.23596,1003.0914,-95.50676,275.19406,797.05145,0.35566226
374,3.73,50.948032,1331.2496,-211.16603,25.80537,1081.9392,46.591351,-76.761749,1350.2454,-144.40105,-321.43283,1140.1375,-207.11714,-544.21173,1061.8018,-193.31598,171.1804,1333.0105,-122.11971,282.90915,1003.0568,-95.954353,275.01733,797.05804,0.057738412
375,3.74,50.186569,1331.3329,-211.57355,25.886192,1081.7073,46.703285,-78.864357,1348.8021,-144.33653,-316.46191,1129.7061,-205.5753,-534.95093,1041.39,-189.49609,170.73625,1332.973,-122.4898,282.49649,1002.9197,-96.427109,274.74426,796.979,-0.29972169
376,3.75,49.35659,1331.2693,-211.6075,25.908665,1081.4724,46.79174,-81.338051,1347.2119,-144.2283,-311.2334,1119.6119,-204.05003,-525.09912,1021.8594,-185.69536,170.28252,1332.954,-122.8128,282.07083,1002.7449,-96.943947,274.29605,796.89465,-0.64240855
377,3.76,48.484898,1331.3025,-211.7408,25.900152,1081.271,46.854828,-83.931892,1345.6819,-143.79596,-305.63898,1110.0178,-202.39299,-514.62201,1003.2111,-182.2598,169.78862,1332.9647,-123.08766,281.57361,1002.5202,-97.483894,273.72565,796.78394,-1.1220554
378,3.77,47.525505,1331.3369,-211.91972,25.825617,1081.0675,46.940147,-86.27372,1344.5415,-143.15324,-299.69922,1100.9896,-200.77737,-503.6601,985.36511,-178.72803,169.2292,1332.9514,-123.43429,280.9162,1002.3549,-98.060699,272.96918,796.64813,-1.7262456
379,3.78,46.46685,1331.564,-212.34322,25.683308,1080.851,47.030914,-88.256683,1343.7024,-142.64966,-293.62515,1092.6649,-199.11986,-492.00696,968.27063,-175.15063,168.64534,1332.9587,-123.75033,280.19241,1002.2621,-98.676971,272.1593,796.54974,-2.3890774
380,3.79,45.266747,1331.6685,-212.56792,25.478117,1080.6735,47.032753,-90.186226,1342.7701,-142.16696,-287.66031,1084.9353,-197.43497,-479.77921,951.8443,-171.14787,167.96915,1333.0129,-124.10177,278.95264,1002.2057,-99.384659,271.27185,796.39288,-3.0849745
381,3.8,44.005161,1331.6052,-212.44756,25.229811,1080.4529,46.986588,-91.968033,1341.7889,-141.72122,-281.74905,1077.6292,-195.83376,-467.59396,936.50195,-167.83063,167.23233,1333.0349,-124.58494,278.05685,1002.1094,-100.02024,270.34335,796.28491,-3.7628014
382,3.81,42.742748,1331.7549,-212.53687,24.978279,1080.2963,46.918877,-93.723259,1340.8099,-141.1368,-275.74084,1070.6538,-194.26511,-455.27951,922.21271,-164.66106,166.55144,1333.038,-125.03848,277.33963,1001.932,-100.70085,269.34753,796.02606,-4.6018858
383,3.82,41.679733,1332.076,-212.88406,24.74815,1080.1871,46.859081,-95.455605,1339.8757,-140.41045,-269.49323,1063.9595,-192.72951,-442.89478,908.90509,-161.91658,165.82156,1333.0167,-125.5798,275.97595,1001.7798,-101.72657,268.28445,795.80823,-5.4436255
384,3.83,40.466396,1332.1772,-212.97997,24.499557,1080.0936,46.827614,-97.169342,1338.9956,-139.80858,-263.16357,1057.6495,-191.36716,-430.50479,896.63721,-159.29077,165.18698,1332.9757,-126.05031,275.08871,1001.4572,-102.57566,267.16043,795.50562,-6.213397
385,3.84,39.238091,1332.1141,-212.78227,24.270325,1080.1005,46.865276,-98.800529,1338.168,-139.28732,-256.73416,1051.7107,-189.9046,-418.16473,885.2688,-157.03252,164.52744,1332.8986,-126.61091,273.76602,1001.0241,-103.76241,265.88498,795.19452,-7.1280899
386,3.85,38.052074,1332.118,-212.70862,24.139233,1080.1263,46.881542,-100.34787,1337.4329,-139.06496,-250.26071,1046.2308,-188.53638,-405.91644,874.7522,-154.81877,163.93634,1332.7684,-127.24397,272.34088,1000.517,-105.01018,264.52426,794.83557,-7.9950347
387,3.86,36.905109,1332.1417,-212.67384,24.035059,1080.1743,46.98539,-101.85792,1336.6431,-138.8063,-244.01649,1041.2289,-187.1752,-393.87149,865.05115,-152.623,163.35078,1332.6123,-127.96877,270.80817,999.90228,-106.41998,263.11136,794.40778,-9.020483
388,3.87,35.737728,1332.1219,-212.65723,23.95348,1080.2385,47.184261,-103.1544,1335.7886,-138.43336,-238.07468,1036.8513,-185.79468,-382.01047,856.13544,-150.31235,162.74562,1332.4498,-128.68912,268.88486,999.31982,-108.02741,261.67035,794.02417,-10.103747
389,3.88,34.634537,1332.1398,-212.71242,23.885975,1080.3225,47.430252,-104.35422,1335.0513,-138.38078,-232.42445,1033.0131,-184.48439,-370.47229,848.0108,-148.14616,162.21788,1332.3048,-129.38225,267.40085,998.57617,-109.64095,260.16104,793.59332,-11.213102
390,3.89,33.64978,1332.1285,-212.73865,23.796293,1080.3812,47.629684,-105.46317,1334.4332,-138.21234,-227.15482,1029.667,-183.26714,-359.39554,840.70355,-145.78581,161.61642,1332.1371,-130.16187,265.51288,997.87219,-111.31161,258.56491,793.16455,-12.516429
391,3.9,32.678562,1332.1163,-212.8954,23.700672,1080.3948,47.88792,-106.61103,1333.9816,-138.15602,-222.27643,1026.7876,-182.12476,-348.97675,834.26666,-143.5338,161.0533,1332.049,-130.8035,263.56741,997.25763,-112.955,256.8197,792.7511,-13.969764
392,3.91,31.767807,1332.0759,-213.00633,23.602533,1080.4277,48.072235,-107.53716,1333.6012,-137.98299,-217.81618,1024.3807,-181.04042,-339.11322,828.65558,-141.35606,160.41107,1331.9163,-131.39822,261.19153,996.83881,-114.81409,255.0611,792.38538,-15.501262
393,3.92,30.795595,1332.0961,-213.23776,23.5091,1080.4653,48.226936,-108.45422,1333.2487,-137.77934,-213.96643,1022.4503,-180.02318,-330.12985,823.82343,-139.21602,159.75395,1331.766,-131.91452,259.53876,996.39746,-116.27061,253.44139,791.97473,-17.200006
394,3.93,29.761065,1332.0793,-213.32353,23.378986,1080.4822,48.341728,-109.42683,1332.9209,-137.48286,-210.71446,1020.7861,-178.93622,-322.1904,819.69055,-137.20705,158.98958,1331.5741,-132.51639,257.65503,996.13562,-117.75311,252.1367,791.60419,-18.902353
395,3.94,28.686222,1332.1124,-213.47932,23.205536,1080.4659,48.438274,-110.48148,1332.6288,-137.10269,-208.17342,1019.3672,-177.95743,-315.25793,816.13135,-135.0163,158.18808,1331.3241,-133.01482,255.90924,995.96832,-119.20176,251.40753,791.18829,-20.665215
396,3.95,27.426977,1332.2363,-213.68102,23.039129,1080.4739,48.473835,-111.48093,1332.354,-136.60884,-206.22818,1018.1762,-177.05801,-309.51489,813.16492,-133.31111,157.30933,1331.0441,-133.61772,254.38077,995.85107,-120.53017,251.34534,790.86072,-22.467665
397,3.96,26.114763,1332.4128,-213.97423,22.876717,1080.4427,48.526119,-112.51529,1332.1279,-136.03757,-204.82863,1017.1539,-176.24055,-304.9874,810.79663,-131.34187,156.37666,1330.7656,-134.17062,253.17148,995.89154,-121.82318,251.98218,790.7016,-24.135485
398,3.97,24.902037,1332.698,-214.30569,22.680273,1080.4324,48.545319,-113.52345,1332.0052,-135.58478,-203.97118,1016.2535,-175.49594,-301.64185,808.9314,-129.49872,155.46948,1330.5668,-134.81563,252.5258,996.32147,-123.16926,253.68309,790.86536,-25.783646
399,3.98,23.727421,1333.0287,-214.51956,22.42296,1080.4224,48.50124,-114.58228,1331.9609,-135.13342,-203.76654,1015.6492,-174.84183,-299.32315,807.63495,-127.77705,154.52591,1330.4895,-135.41518,252.69421,997.19067,-124.41805,256.83923,791.54547,-27.299103
400,3.99,22.589188,1333.1508,-214.56369,22.137508,1080.4399,48.454296,-115.58146,1331.9833,-134.55344,-204.23344,1015.327,-174.23637,-298.03949,806.74243,-126.18651,153.4765,1330.6018,-136.09854,253.59798,998.5119,-125.44991,261.95328,792.92377,-28.547195
401,4.0,21.324636,1333.137,-214.80986,21.775068,1080.4248,48.410789,-116.56731,1332.08,-133.89995,-205.24846,1015.2206,-173.65979,-297.72217,806.27063,-124.6938,152.2737,1330.9382,-136.64165,255.49883,1000.5721,-126.52017,269.06491,795.25012,-29.643196
402,4.01,19.925671,1333.0916,-214.9044,21.360752,1080.3674,48.320297,-117.52899,1332.2233,-133.22458,-206.72369,1015.3073,-173.15642,-298.34451,806.1507,-123.52365,150.92621,1331.4895,-137.23248,258.66638,1003.3045,-127.64928,278.15335,798.55725,-30.575827
403,4.02,18.442036,1333.1779,-215.20546,20.909262,1080.3582,48.250927,-118.56158,1332.3654,-132.6201,-208.51961,1015.4859,-172.68028,-299.89993,806.32709,-122.32935,149.39008,1332.2523,-137.88759,263.03421,1006.7414,-128.73914,289.67252,803.06757,-31.220638
404,4.03,16.832605,1333.2585,-215.19086,20.374384,1080.368,48.205654,-119.69856,1332.5132,-132.13664,-210.62512,1015.722,-172.27156,-302.3045,806.82507,-121.40785,147.71815,1333.1283,-138.46423,268.59601,1010.9482,-129.75204,303.55597,808.88147,-31.682585
405,4.04,15.120841,1333.3381,-215.15407,19.821392,1080.3898,48.186829,-120.87057,1332.5676,-131.57722,-212.94937,1015.9246,-171.95375,-305.43219,807.54816,-120.77557,145.87862,1334.1956,-138.91272,275.25876,1015.9728,-130.8448,319.8429,816.25366,-31.822889
406,4.05,13.319495,1333.4586,-215.06966,19.208452,1080.4103,48.158676,-122.07078,1332.566,-130.99667,-215.44398,1016.1415,-171.70686,-309.17801,808.45709,-120.17112,143.94431,1335.3608,-139.36896,282.74634,1021.9028,-131.82112,338.87543,825.68347,-31.57144
407,4.06,11.450019,1333.5988,-215.13156,18.579124,1080.453,48.280106,-123.34521,1332.4832,-130.43521,-218.02898,1016.3987,-171.66467,-313.36121,809.53625,-119.85115,141.82553,1336.6488,-139.83459,291.16159,1028.9274,-132.79723,359.55338,837.12531,-31.682152
408,4.07,9.5022497,1333.7676,-215.27521,17.914843,1080.4401,48.345211,-124.59599,1332.363,-130.10645,-220.72638,1016.593,-171.65874,-317.93796,810.75037,-119.77664,139.50291,1338.0542,-140.48946,300.50214,1037.1378,-133.68703,382.01923,851.11072,-31.701681
409,4.08,7.5365319,1333.8192,-215.40965,17.281542,1080.4871,48.537022,-125.83487,1332.1655,-129.78018,-223.38966,1016.7961,-171.66785,-322.57327,812.00317,-119.69819,137.00552,1339.5889,-141.21036,310.55438,1046.5636,-134.53079,405.81461,867.76563,-31.951412
410,4.09,5.6120377,1333.9042,-215.63753,16.699364,1080.5759,48.740219,-127.07137,1331.9222,-129.5256,-226.04237,1016.9493,-171.77875,-327.26852,813.31818,-119.96476,134.40239,1341.1691,-141.9883,321.04086,1057.3414,-135.45354,430.59378,887.16504,-32.259815
411,4.1,3.6768262,1333.8268,-215.72635,16.173998,1080.6913,48.908333,-128.28352,1331.6396,-129.25298,-228.58719,1017.0623,-171.88242,-331.88229,814.64319,-120.24647,131.68842,1342.8522,-142.7674,331.99649,1069.2961,-136.26494,455.47589,909.39685,-32.724285
412,4.11,1.9230454,1333.8201,-215.92245,15.643995,1080.854,49.123707,-129.37953,1331.4165,-129.23155,-230.8997,1017.2964,-172.03976,-336.38425,815.96484,-121.00395,128.92117,1344.6058,-143.7222,342.95734,1082.6578,-137.14709,479.90033,934.29962,-33.351044
413,4.12,0.23676768,1333.7756,-216.12932,15.18272,1081.1094,49.305618,-130.4277,1331.2059,-129.30034,-233.07321,1017.5053,-172.28557,-340.57568,817.26776,-121.64246,125.99573,1346.3258,-144.58051,353.91406,1097.2935,-137.88626,503.41296,961.77679,-33.973679
414,4.13,-1.2571158,1333.7649,-216.4496,14.819746,1081.3445,49.444054,-131.37636,1330.9911,-129.47699,-234.99864,1017.9661,-172.99266,-344.52438,818.60803,-122.64054,123.17049,1348.0889,-145.23935,364.7294,1113.5186,-138.8138,525.57092,991.81177,-34.534527
415,4.14,-2.5785999,1333.6843,-216.59163,14.461778,1081.6219,49.641418,-132.20105,1330.8197,-129.66824,-236.61862,1018.198,-172.94885,-348.10266,819.95325,-123.77086,120.29622,1349.7627,-145.76483,374.93689,1130.6737,-139.21176,545.90485,1024.2532,-34.49662
416,4.15,-3.6609905,1333.6611,-216.91966,14.226501,1081.9614,49.83062,-132.88892,1330.6803,-129.86639,-238.07285,1018.5096,-173.06616,-351.23355,821.25769,-124.87018,117.48466,1351.35,-146.07793,384.79843,1149.3158,-140.12592,564.66449,1058.4514,-35.954079
417,4.16,-4.514379,1333.6598,-217.13171,13.99649,1082.2883,50.008339,-133.40327,1330.6328,-130.23457,-239.24394,1018.8715,-173.44127,-354.10309,822.48456,-125.98276,114.74625,1352.8202,-146.20682,393.75909,1169.1729,-141.19492,581.24738,1094.8225,-37.299393
418,4.17,-5.0715075,1333.6631,-217.31046,13.796057,1082.6782,50.117874,-133.74718,1330.6171,-130.58083,-240.24789,1019.3406,-173.82204,-356.39951,823.62183,-126.7822,112.12209,1354.2528,-146.07965,401.7753,1190.0842,-142.4234,595.49414,1133.0262,-39.057159
419,4.18,-5.424325,1333.7174,-217.3705,13.551708,1083.0248,50.1581,-133.92918,1330.6296,-130.98848,-241.009,1019.771,-174.22987,-358.40527,824.71362,-127.59182,109.73905,1355.6171,-145.78542,408.43936,1211.8209,-143.79791,606.97021,1172.4779,-41.230122
420,4.19,-5.5214624,1333.8198,-217.49686,13.272225,1083.3219,50.311802,-133.96306,1330.7089,-131.47345,-241.58374,1020.1852,-174.6357,-360.02136,825.70502,-128.35036,107.61597,1356.9147,-145.40144,413.72641,1234.0564,-145.23901,615.55847,1212.8285,-44.024609
421,4.2,-5.3951516,1333.9276,-217.5184,13.031779,1083.6458,50.506359,-133.86021,1330.7642,-131.87202,-241.98186,1020.561,-175.08279,-361.39627,826.6618,-129.17175,105.56742,1358.1482,-145.04732,417.48111,1256.6658,-146.9283,621.2439,1253.8735,-47.179298
422,4.21,-5.1972351,1334.1825,-217.52403,12.86127,1083.9436,50.681885,-133.61446,1330.8425,-132.27957,-242.20027,1020.9496,-175.47063,-362.38663,827.43433,-129.73746,103.5799,1359.3179,-144.67876,419.62201,1279.3556,-148.68161,623.58405,1295.0688,-50.271591
423,4.22,-4.9276681,1334.4819,-217.44031,12.772067,1084.2208,50.876209,-133.28209,1330.9242,-132.63559,-242.23677,1021.3124,-175.8481,-363.1839,828.16949,-130.37718,101.69203,1360.3815,-144.23364,420.16815,1301.8834,-150.79506,622.73724,1336.02,-53.629265
424,4.23,-4.6101308,1334.8967,-217.44389,12.73807,1084.5172,51.082375,-132.83319,1330.9574,-133.0079,-242.01212,1021.6099,-176.21141,-363.70532,828.86981,-131.04671,99.930992,1361.4152,-143.7507,419.11264,1324.0824,-153.11459,618.65576,1376.1885,-56.498013
425,4.24,-4.2599759,1335.3452,-217.383,12.854355,1084.7903,51.259888,-132.33054,1330.9287,-133.32402,-241.68057,1021.8658,-176.56622,-363.99863,829.44678,-131.73367,98.239594,1362.3861,-143.18179,416.29767,1345.6873,-155.74052,611.54535,1415.0302,-60.455521
426,4.25,-3.8235219,1335.8782,-217.39104,13.017353,1085.0559,51.414616,-131.76378,1330.9233,-133.70778,-241.19376,1022.0479,-176.9066,-364.08588,829.94684,-132.29094,96.607498,1363.2523,-142.62578,411.72305,1366.5686,-158.76335,601.47656,1452.6112,-64.264832
427,4.26,-3.4103751,1336.3834,-217.19241,13.318595,1085.3025,51.497551,-131.14746,1330.8453,-134.11502,-240.52257,1022.1888,-177.34241,-364.03955,830.36871,-132.93408,95.075043,1363.9817,-142.01424,405.67868,1386.4713,-161.89015,588.70178,1488.3507,-68.281631
428,4.27,-2.8489804,1337.0096,-217.15839,13.587432,1085.5276,51.67289,-130.53209,1330.7738,-134.39534,-239.77101,1022.2347,-177.80121,-363.79721,830.73999,-133.60068,93.771072,1364.6367,-141.54617,398.50461,1405.1752,-164.81773,573.61902,1522.024,-72.398384
429,4.28,-2.1993961,1337.465,-217.10252,13.950557,1085.7347,51.760509,-129.87903,1330.7197,-134.8194,-238.86,1022.2505,-178.26564,-363.3475,830.9649,-134.16942,92.630959,1365.2164,-141.23441,390.28845,1422.7113,-167.52325,556.56201,1553.3984,-76.540672
430,4.29,-1.516237,1337.7513,-217.03326,14.318989,1085.8809,51.925621,-129.20088,1330.6458,-135.14888,-237.9286,1022.188,-178.7114,-362.71872,831.10828,-134.72015,91.549416,1365.7129,-141.02325,381.35272,1438.9036,-170.05754,537.77826,1582.5156,-81.046463
431,4.3,-0.69319141,1337.9985,-217.09322,14.727089,1086.0316,52.090321,-128.47498,1330.5894,-135.44061,-236.93571,1022.1974,-179.16626,-361.87579,831.16132,-135.20236,90.602547,1366.071,-140.9301,371.73532,1453.7744,-172.43929,517.6546,1609.2695,-85.558128
432,4.31,0.075400859,1338.0697,-217.12607,15.157416,1086.1917,52.292671,-127.71466,1330.5381,-135.65375,-235.9371,1022.2158,-179.53429,-360.86804,831.13196,-135.85226,89.825455,1366.3567,-140.88145,361.62924,1467.1884,-174.59373,496.46213,1633.7677,-90.147369
433,4.32,0.94639117,1338.1096,-217.31795,15.589641,1086.3326,52.48233,-126.9311,1330.5203,-135.92877,-234.88313,1022.2912,-179.99832,-359.6926,831.0459,-136.39641,89.01651,1366.5065,-140.78082,351.11783,1479.0361,-176.36,474.48138,1656.0183,-94.821999
434,4.33,1.7982035,1338.0441,-217.44182,16.025805,1086.4802,52.616665,-126.09716,1330.5121,-136.17007,-233.82446,1022.3651,-180.41113,-358.44391,830.9162,-136.99911,88.132507,1366.5376,-141.00867,340.44501,1489.53,-177.90276,451.93661,1676.0933,-99.606201
435,4.34,2.6820643,1337.9657,-217.63086,16.431211,1086.6014,52.868336,-125.29764,1330.6025,-136.55566,-232.66183,1022.4924,-180.77371,-357.04529,830.7608,-137.75856,87.288994,1366.5673,-141.22443,329.82019,1498.9152,-179.33299,429.39993,1693.8472,-103.46368
436,4.35,3.4680488,1337.87,-217.9113,16.867893,1086.7758,53.00449,-124.51367,1330.6605,-136.77769,-231.47336,1022.5611,-181.1862,-355.69434,830.60461,-138.57875,86.353424,1366.5076,-141.62262,319.4386,1507.1683,-180.49651,406.3703,1709.6152,-107.82002
437,4.36,4.2280512,1337.7745,-218.15854,17.311962,1086.8795,53.085754,-123.79371,1330.7681,-137.11957,-230.31213,1022.6066,-181.48871,-354.26816,830.42725,-139.29091,85.549881,1366.3931,-142.09143,309.2515,1514.3766,-181.33276,383.04553,1723.4354,-112.15984
438,4.37,4.8602924,1337.7435,-218.42352,17.764578,1086.9738,53.093395,-123.06188,1330.84,-137.30453,-229.16545,1022.7025,-181.89742,-352.82782,830.21399,-140.18982,84.769997,1366.3148,-142.6506,299.50977,1520.761,-182.02956,359.5799,1735.472,-116.72416
439,4.38,5.3922229,1337.7563,-218.77055,18.279612,1087.0938,52.990658,-122.42376,1330.9219,-137.43086,-228.1371,1022.7776,-182.2126,-351.38843,829.95416,-140.87144,84.204933,1366.1775,-143.25047,290.2392,1526.3944,-182.57243,336.07968,1745.7042,-121.04842
440,4.39,5.8696747,1337.75,-218.90851,18.783861,1087.163,52.890854,-121.83802,1330.9659,-137.60709,-227.18323,1022.8687,-182.52759,-350.03345,829.69537,-141.54871,83.346786,1366.1365,-144.28748,281.56076,1531.2247,-182.99649,313.01431,1754.0873,-126.15198
441,4.4,6.3444061,1337.8428,-219.17482,19.282829,1087.2711,52.679306,-121.28539,1331.0045,-137.72736,-226.37062,1022.9298,-182.80222,-348.68823,829.47369,-142.27332,82.661125,1366.0253,-145.37593,273.37753,1535.386,-183.28271,290.51855,1760.892,-130.0321
442,4.41,6.8334198,1337.8708,-219.43953,19.809557,1087.3094,52.438641,-120.7793,1331.0123,-137.79637,-225.55254,1023.0595,-183.18483,-347.40421,829.23175,-142.82233,82.205917,1365.8087,-146.1972,265.31702,1539.1243,-183.57814,268.85135,1766.2761,-133.07454
443,4.42,7.3342295,1337.7915,-219.62315,20.358133,1087.3523,52.238075,-120.30987,1331.0624,-137.99513,-224.83455,1023.1941,-183.51112,-346.14471,828.95081,-143.36586,81.783386,1365.557,-146.98833,257.06882,1542.6566,-183.56378,247.8596,1770.423,-135.36574
444,4.43,7.8006606,1337.7068,-219.93143,20.900763,1087.3687,52.132847,-119.78217,1331.0531,-138.16588,-224.0881,1023.3143,-183.84091,-344.9675,828.75824,-143.93149,81.29496,1365.3386,-147.80353,248.66565,1545.9558,-183.2886,227.60948,1773.4169,-137.3922
445,4.44,8.2626305,1337.6046,-220.41882,21.502447,1087.3932,51.932163,-119.18432,1331.0928,-138.42986,-223.382,1023.3992,-184.12717,-343.89493,828.59473,-144.32541,80.683609,1365.1643,-148.70496,240.25253,1548.8561,-182.7681,207.93822,1775.2316,-139.23062
446,4.45,8.7374134,1337.5215,-220.96135,22.035971,1087.4371,51.811539,-118.62079,1331.1355,-138.65012,-222.61388,1023.4965,-184.35399,-342.94464,828.49475,-144.7245,79.983955,1364.9442,-149.70743,232.26843,1551.2577,-181.88959,188.8347,1775.7184,-140.90413
447,4.46,9.2020807,1337.3993,-221.49298,22.586189,1087.5492,51.582638,-118.06114,1331.1727,-139.06606,-221.97517,1023.5585,-184.63298,-342.08719,828.42615,-145.01587,79.398102,1364.718,-150.77507,225.01883,1553.271,-180.86665,170.39139,1774.949,-142.53857
448,4.47,9.6328793,1337.316,-222.03131,23.136776,1087.6458,51.336117,-117.51425,1331.2206,-139.43031,-221.3652,1023.584,-184.95953,-341.41528,828.4126,-145.27698,79.057159,1364.6813,-151.64929,218.76183,1554.7112,-180.09517,153.09512,1773.2948,-143.81348
449,4.48,10.022204,1337.2744,-222.39044,23.632759,1087.7791,51.099972,-117.06073,1331.2692,-139.94566,-220.85364,1023.5679,-185.18663,-340.832,828.41144,-145.42972,78.858452,1364.5475,-152.429,213.29457,1555.9465,-179.26289,137.16476,1771.302,-144.63394
450,4.49,10.474657,1337.3199,-222.97433,24.031612,1087.8929,50.767784,-116.61085,1331.3153,-140.34328,-220.40204,1023.5773,-185.46245,-340.32657,828.42419,-145.54953,78.861732,1364.3779,-153.91985,208.46915,1557.1399,-179.1548,122.50337,1769.0487,-144.89752
451,4.5,10.884012,1337.2952,-223.38528,24.347349,1087.9988,50.56609,-116.2178,1331.3726,-140.90466,-220.00914,1023.5912,-185.60744,-339.93176,828.50934,-145.68018,78.617081,1364.2677,-154.81529,203.45872,1558.2885,-178.62938,109.28857,1766.0538,-141.32127
452,4.51,11.292466,1337.2377,-223.87871,24.604216,1088.1141,50.37738,-115.82861,1331.4229,-141.33882,-219.68488,1023.7095,-185.85065,-339.62634,828.6178,-145.72328,78.245613,1364.2433,-155.68178,198.75375,1559.1692,-177.7115,96.931877,1763.7941,-142.65176
453,4.52,11.646153,1337.1494,-224.39449,24.794285,1088.2546,50.184177,-115.42209,1331.5106,-141.71788,-219.46542,1023.8107,-185.9998,-339.42258,828.77783,-145.5934,77.913284,1364.2292,-156.4306,194.28928,1559.791,-176.24809,86.437355,1760.2207,-138.35205
454,4.53,11.956518,1336.9866,-224.74448,24.968435,1088.4106,49.917301,-115.14228,1331.5994,-142.14651,-219.35355,1023.9912,-186.10854,-339.31302,828.95642,-145.48315,77.753029,1364.1937,-156.93626,190.67847,1560.1261,-174.90471,77.169975,1756.9453,-136.39078
455,4.54,12.207776,1336.9824,-225.28815,25.030659,1088.4801,49.68803,-114.90066,1331.6981,-142.54338,-219.33319,1024.1624,-186.17668,-339.2504,829.1676,-145.31306,77.612228,1364.1479,-157.49146,187.62593,1560.1677,-173.94868,69.325653,1754.0863,-134.74458
456,4.55,12.337027,1336.9314,-225.54485,25.052614,1088.5615,49.413231,-114.69883,1331.7981,-142.80696,-219.40628,1024.3787,-186.24878,-339.35498,829.39594,-145.17232,77.584351,1364.0295,-158.0631,184.9281,1560.2296,-173.46841,62.722088,1752.3212,-135.41623
457,4.56,12.412352,1336.9462,-225.86623,24.968712,1088.5874,49.124096,-114.5664,1331.8905,-143.1226,-219.53354,1024.5652,-186.31287,-339.54129,829.61737,-144.98244,77.448692,1363.8516,-158.4593,182.40286,1560.4021,-173.24883,58.733547,1750.8856,-130.93951
458,4.57,12.430846,1336.9941,-226.38336,24.853828,1088.578,48.896721,-114.49745,1331.9879,-143.36839,-219.7942,1024.7657,-186.33469,-339.80014,829.87463,-144.696,77.197495,1363.7844,-158.81561,180.3584,1560.793,-173.21428,56.127792,1750.9504,-129.0983
459,4.58,12.359179,1336.9659,-226.7034,24.717541,1088.5887,48.657146,-114.46809,1332.094,-143.61101,-220.10081,1024.9988,-186.36848,-340.19901,830.16614,-144.51526,76.846527,1363.6652,-159.01245,178.15613,1561.2668,-172.33133,55.30077,1751.7269,-126.62688
460,4.59,12.185089,1336.9788,-226.99324,24.542673,1088.5573,48.486206,-114.53397,1332.1624,-143.77782,-220.53587,1025.2,-186.39528,-340.79144,830.47772,-144.48122,76.427032,1363.6858,-159.09799,177.33377,1561.6155,-172.09097,56.432579,1753.3973,-124.86208
461,4.6,11.949532,1337.0763,-227.17326,24.326988,1088.507,48.358479,-114.71696,1332.2151,-143.87021,-221.06166,1025.3922,-186.37987,-341.48434,830.7984,-144.38524,75.991264,1363.8727,-159.04895,176.58067,1561.8414,-171.35196,59.455696,1755.8058,-123.64027
462,4.61,11.718149,1337.1392,-227.0677,24.079903,1088.4852,48.185604,-114.98764,1332.2429,-143.85733,-221.67537,1025.6056,-186.46461,-342.31171,831.13379,-144.28204,75.706444,1364.0372,-158.90916,177.16484,1562.1072,-171.56482,64.393204,1758.9259,-122.70084
463,4.62,11.369748,1337.2913,-226.91812,23.768492,1088.5057,48.1301,-115.34666,1332.287,-143.84346,-222.3486,1025.7577,-186.49686,-343.26645,831.48328,-144.34546,75.361496,1364.2521,-158.88885,178.37042,1562.4744,-171.8912,71.153946,1762.7037,-122.25614
464,4.63,10.897189,1337.402,-226.66783,23.408415,1088.5122,48.034893,-115.84345,1332.3217,-143.70906,-223.07913,1025.913,-186.53592,-344.28043,831.80896,-144.42589,75.05442,1364.4078,-158.74367,179.98859,1562.7931,-172.18391,79.805481,1767.0206,-121.952
465,4.64,10.420596,1337.5906,-226.41628,23.035856,1088.5394,47.966854,-116.32272,1332.3832,-143.4447,-223.85477,1026.0867,-186.53064,-345.40665,832.19183,-144.60361,74.778969,1364.5803,-158.60497,182.87491,1563.0736,-173.22781,90.393265,1771.6093,-122.77711
466,4.65,9.8602858,1337.7242,-226.02727,22.569632,1088.5612,47.970989,-116.86092,1332.469,-143.18921,-224.67772,1026.3441,-186.52136,-346.61166,832.64825,-144.81776,74.503372,1364.7634,-158.33289,186.07117,1563.2303,-174.04121,102.48611,1775.8335,-122.67348
467,4.66,9.3199072,1337.9237,-225.71054,22.062809,1088.5442,47.951725,-117.38997,1332.5959,-142.92256,-225.56125,1026.6705,-186.63339,-347.82498,833.17468,-145.02048,74.271835,1365.0012,-157.91925,189.6123,1563.1971,-174.63322,116.12904,1779.9022,-123.80729
468,4.67,8.8587303,1338.0897,-225.38698,21.516392,1088.5375,47.942387,-117.90831,1332.7963,-142.60574,-226.42809,1027.0383,-186.60631,-349.18469,833.78931,-145.4068,74.080467,1365.2333,-157.54811,194.03249,1562.8816,-175.67233,131.25612,1783.6646,-126.19573
469,4.68,8.3744059,1338.248,-224.99341,20.986835,1088.4875,47.886009,-118.43441,1332.9668,-142.23244,-227.35103,1027.4929,-186.71326,-350.52353,834.43756,-145.62959,73.97155,1365.4543,-156.9832,199.01833,1562.2932,-176.60237,147.786,1786.3663,-127.09647
470,4.69,7.883028,1338.478,-224.58974,20.365578,1088.4114,47.895554,-118.96536,1333.2516,-141.98792,-228.36031,1028.0157,-186.7937,-351.9422,835.18195,-146.00342,73.910324,1365.6685,-156.49619,204.75664,1561.2942,-177.9783,165.44615,1788.1682,-128.02316
471,4.7,7.4014702,1338.7113,-224.29582,19.789383,1088.3329,47.918892,-119.52969,1333.5074,-141.68454,-229.38774,1028.5157,-186.77887,-353.3486,835.87018,-146.4109,73.945877,1365.8701,-156.03128,210.5815,1559.8837,-178.96747,184.01888,1788.8556,-128.6427
472,4.71,6.8242426,1338.9437,-223.87749,19.214418,1088.2308,47.911385,-120.14436,1333.7494,-141.23096,-230.48936,1029.0337,-186.85605,-354.88763,836.60571,-146.72678,74.037323,1366.0791,-155.12572,216.75343,1558.2935,-179.97649,203.26665,1788.3376,-129.12633
473,4.72,6.1856222,1339.1309,-223.4404,18.622803,1088.1707,47.816727,-120.74202,1334.0289,-140.87102,-231.60472,1029.5857,-186.88774,-356.41324,837.32654,-147.11858,74.311989,1366.2307,-154.37617,223.5585,1556.0587,-181.08275,223.1067,1786.5485,-129.45067
474,4.73,5.5427155,1339.3286,-222.92053,18.049995,1088.0859,47.772312,-121.39878,1334.3092,-140.49693,-232.83168,1030.1561,-186.88997,-358.02823,838.03479,-147.39589,74.576111,1366.4026,-153.51176,230.82915,1553.3712,-181.99144,243.32524,1783.5436,-129.44856
475,4.74,4.9006524,1339.5259,-222.57892,17.470312,1087.9735,47.746235,-122.0752,1334.5643,-140.07579,-234.04048,1030.6692,-186.92581,-359.68948,838.85974,-147.95149,75.01619,1366.505,-152.67459,238.45566,1550.0917,-182.83238,263.92661,1779.3834,-129.60492
476,4.75,4.1832862,1339.6062,-222.09531,16.845083,1087.8182,47.73621,-122.76432,1334.7933,-139.59059,-235.36853,1031.2283,-186.87856,-361.42343,839.58636,-148.18439,75.447739,1366.6702,-151.85344,246.32591,1546.4452,-183.46135,284.73822,1773.8741,-129.17531
477,4.76,3.5022335,1339.7292,-221.67862,16.236908,1087.7206,47.663067,-123.4313,1335.0327,-139.12544,-236.71629,1031.7656,-186.86153,-363.17111,840.33862,-148.37495,75.962311,1366.845,-151.27342,254.27202,1542.3119,-184.01804,305.6344,1767.1534,-128.93579
478,4.77,2.7959297,1339.851,-221.24689,15.707694,1087.6261,47.626785,-124.1101,1335.2532,-138.57356,-238.10297,1032.3397,-186.7738,-364.93103,841.14557,-148.57993,76.45742,1366.9292,-150.68336,262.2475,1537.8289,-184.47881,326.50778,1759.1217,-128.26132
479,4.78,2.1205192,1340.0098,-220.85516,15.12516,1087.5363,47.520111,-124.737,1335.4922,-138.20662,-239.45558,1032.9218,-186.72618,-366.77652,842.00269,-148.71352,77.009758,1366.9615,-150.04907,270.32397,1532.9191,-184.81584,347.02658,1749.9855,-126.83073
480,4.79,1.4872407,1340.1638,-220.53023,14.6088,1087.3958,47.391403,-125.38178,1335.7391,-137.76761,-240.81686,1033.5011,-186.6684,-368.60785,842.86151,-148.76646,77.48497,1366.9343,-149.46411,278.59839,1527.4684,-184.92586,367.3743,1739.6221,-126.55191
481,4.8,0.82288289,1340.2961,-220.22247,14.055279,1087.2919,47.282124,-125.95222,1335.9496,-137.33945,-242.08698,1034.0571,-186.52284,-370.42914,843.70837,-148.76866,77.926262,1366.8884,-148.80814,287.27713,1521.3254,-185.03488,387.36438,1728.1145,-126.25679
482,4.81,0.14817996,1340.3711,-219.92554,13.525515,1087.1804,47.21019,-126.52686,1336.1742,-136.98734,-243.38683,1034.5723,-186.36888,-372.2529,844.61115,-148.7592,78.372055,1366.9103,-148.35732,296.10086,1514.4766,-185.15648,406.84274,1715.5511,-126.03746
483,4.82,-0.44951612,1340.5117,-219.84448,13.007188,1087.0852,47.080395,-127.13145,1336.3992,-136.62773,-244.68556,1035.1039,-186.27182,-374.10107,845.47595,-148.56888,79.075737,1366.8818,-147.8037,304.80377,1507.0688,-185.21466,425.70499,1701.8813,-125.68699
484,4.83,-1.0110905,1340.588,-219.53687,12.434189,1087.0282,47.006741,-127.7277,1336.6115,-136.35657,-245.90308,1035.5428,-186.06766,-375.88837,846.32318,-148.3235,79.898994,1366.7838,-147.28383,313.1391,1499.2748,-185.10587,443.92685,1687.2775,-125.14377
485,4.84,-1.518245,1340.6815,-219.30505,11.870708,1086.9406,46.952496,-128.26317,1336.8099,-136.11066,-247.16971,1036.0356,-185.90309,-377.65295,847.17804,-147.98885,80.81002,1366.4972,-146.47813,321.16275,1491.0527,-184.83046,461.48315,1671.6554,-124.52871
486,4.85,-1.9936022,1340.7529,-219.04959,11.293195,1086.8417,46.847843,-128.77029,1337.0181,-135.87762,-248.43329,1036.5592,-185.66396,-379.35101,848.02002,-147.61226,81.442291,1366.126,-145.91782,328.88782,1482.2467,-184.42921,478.30154,1655.1198,-123.66638
487,4.86,-2.4975965,1340.8214,-218.92653,10.651983,1086.703,46.778908,-129.25044,1337.1783,-135.68513,-249.61484,1037.03,-185.40474,-380.98312,848.85535,-147.15343,81.869202,1365.7151,-145.30959,336.39413,1472.8457,-183.95186,494.40433,1637.6487,-122.90369
488,4.87,-2.9733479,1340.8911,-218.8568,10.104572,1086.5001,46.624397,-129.70465,1337.2981,-135.52246,-250.75359,1037.4216,-185.17813,-382.58344,849.62848,-146.79677,82.198547,1365.3677,-144.78798,343.66208,1462.8904,-183.59427,509.7894,1619.071,-122.27444
489,4.88,-3.3809807,1340.9125,-218.78697,9.4804306,1086.2877,46.616318,-130.15858,1337.3757,-135.49994,-251.93304,1037.7261,-184.95952,-384.17651,850.32275,-146.31897,82.549538,1365.0519,-144.30884,350.54529,1452.5222,-183.26729,524.3103,1599.778,-121.78886
490,4.89,-3.8137999,1340.8843,-218.57997,8.8698826,1086.0927,46.476212,-130.61264,1337.4198,-135.44666,-252.96429,1037.9622,-184.73605,-385.7168,850.9317,-145.75284,83.125603,1364.6483,-143.79443,356.91675,1441.9784,-182.99484,537.99817,1579.6359,-121.15392
491,4.9,-4.2228503,1340.8505,-218.394,8.3053818,1085.8915,46.410461,-131.09511,1337.4281,-135.32094,-253.93561,1038.0767,-184.44254,-387.14862,851.46967,-145.08391,83.914238,1364.1493,-143.3053,362.88263,1431.2515,-182.63861,550.74664,1558.9115,-120.57677
492,4.91,-4.4991364,1340.8234,-218.14842,7.7767615,1085.7061,46.291309,-131.55841,1337.4552,-135.33345,-254.85611,1038.2263,-184.242,-388.4985,851.99561,-144.55659,84.696381,1363.6636,-142.85957,368.50168,1419.8943,-182.13339,562.48401,1537.5985,-120.08678
493,4.92,-4.8305573,1340.8378,-218.04794,7.2262502,1085.5226,46.23064,-132.01216,1337.462,-135.27339,-255.69382,1038.3766,-183.99796,-389.72552,852.49335,-143.91357,85.250061,1363.191,-142.44559,373.92047,1407.8403,-181.6234,573.22272,1515.7805,-119.58676
494,4.93,-5.2130537,1340.7783,-217.94322,6.710187,1085.2977,46.129536,-132.4109,1337.447,-135.26567,-256.48114,1038.4534,-183.73843,-390.90494,852.90686,-143.49658,85.574402,1362.8304,-142.08888,379.03125,1394.8311,-181.32648,582.8501,1493.3667,-119.59716
495,4.94,-5.6247787,1340.7239,-217.86288,6.2782464,1085.1177,46.015907,-132.8188,1337.3677,-135.23199,-257.22653,1038.4865,-183.48608,-391.88599,853.1958,-143.00053,85.850197,1362.551,-141.62723,383.69073,1381.0885,-181.50081,591.47345,1470.0367,-119.55525
496,4.95,-6.0275583,1340.6967,-217.6523,5.905138,1084.9431,45.922501,-133.29289,1337.2778,-135.20686,-257.88693,1038.3823,-183.31352,-392.80298,853.30884,-142.55249,86.360519,1362.2632,-141.12756,387.47604,1366.876,-180.35751,598.95892,1446.2222,-120.01627
497,4.96,-6.4290767,1340.767,-217.48645,5.5919814,1084.7717,45.870396,-133.77609,1337.2084,-135.16214,-258.44791,1038.2645,-183.07678,-393.53436,853.36859,-142.05292,87.12291,1361.6748,-140.4882,390.42783,1352.5786,-180.03133,605.36511,1421.8723,-120.30796
498,4.97,-6.7472897,1340.8561,-217.31067,5.2423563,1084.6125,45.837044,-134.2076,1337.1305,-135.04103,-258.94885,1038.192,-182.94861,-394.06378,853.35303,-141.53459,87.898209,1361.1091,-139.92363,392.46021,1338.6704,-180.2628,610.61798,1397.0966,-120.55259
499,4.98,-7.0035162,1340.9248,-217.07845,4.9217601,1084.4336,45.799797,-134.6265,1337.1135,-135.01501,-259.33688,1038.1202,-182.81302,-394.45029,853.33624,-141.15431,88.535202,1360.6067,-139.51222,393.86432,1324.6886,-179.37766,614.75946,1371.9677,-120.6033
500,4.99,-7.2642803,1340.9095,-216.80681,4.6083298,1084.2424,45.733555,-134.98651,1337.0999,-134.92,-259.65677,1038.0912,-182.67787,-394.62659,853.26984,-140.78593,89.015678,1360.1613,-139.15961,394.69934,1310.9528,-178.78114,617.74945,1346.634,-120.50645
501,5.0,-7.4442625,1340.8898,-216.63461,4.3149538,1083.9989,45.631481,-135.24915,1337.1044,-134.81596,-259.84259,1038.0472,-182.58253,-394.62686,853.15179,-140.57083,89.325256,1359.7539,-138.88405,395.14374,1297.097,-178.2291,619.39532,1321.3409,-120.55239
502,5.01,-7.6862421,1340.8394,-216.42772,4.0597873,1083.8102,45.503033,-135.48486,1337.0809,-134.63785,-259.92938,1037.9344,-182.47528,-394.51605,852.88538,-140.37143,89.680496,1359.3574,-138.68671,395.03027,1282.99,-177.75484,619.91541,1296.002,-120.53693
503,5.02,-7.9586439,1340.9171,-216.2829,3.9131553,1083.6139,45.394703,-135.75252,1337.0225,-134.54077,-259.92426,1037.7568,-182.46269,-394.19559,852.48889,-140.25682,90.15271,1358.9125,-138.37387,394.21179,1268.7484,-177.41759,619.1214,1270.6788,-120.73946
504,5.03,-8.1634645,1341.0256,-216.1333,3.7395706,1083.4104,45.329967,-136.01872,1336.9081,-134.41298,-259.81961,1037.4587,-182.43085,-393.77222,851.95569,-140.21097,90.822487,1358.3674,-137.84117,392.72131,1254.7061,-176.98286,617.13751,1245.382,-121.02132
505,5.04,-8.3855715,1341.1078,-215.95697,3.6125898,1083.2205,45.331894,-136.26625,1336.7406,-134.1916,-259.60156,1037.0889,-182.3503,-393.20154,851.31964,-140.28183,91.564163,1357.7622,-137.34578,390.63785,1241.0892,-176.48013,613.97754,1220.1918,-121.09536
506,5.05,-8.5200548,1341.1617,-215.71625,3.5555494,1083.0262,45.354877,-136.52867,1336.5229,-134.02623,-259.32275,1036.6516,-182.30136,-392.60532,850.63678,-140.55414,92.430954,1357.1742,-136.80664,388.03979,1227.8431,-175.93901,609.63611,1195.1616,-120.90466
507,5.06,-8.6503973,1341.1638,-215.47182,3.5702388,1082.8704,45.419979,-136.72746,1336.2933,-133.80742,-258.90598,1036.214,-182.29694,-391.65161,849.77625,-140.53763,93.390457,1356.5878,-136.4343,384.94672,1214.9652,-175.52374,604.16357,1170.4253,-120.45753
508,5.07,-8.7143984,1341.115,-215.16835,3.6005456,1082.6396,45.499954,-136.88303,1336.0576,-133.5885,-258.30911,1035.6559,-182.37418,-390.62967,848.87775,-140.6198,94.52388,1356.0104,-135.97949,381.49533,1202.3628,-175.15543,597.55566,1146.0685,-119.85175
509,5.08,-8.7192049,1341.0828,-214.93195,3.686655,1082.4268,45.672184,-136.99962,1335.8063,-133.36659,-257.62836,1035.0604,-182.49319,-389.39801,847.89899,-140.71761,96.015694,1355.1924,-135.64499,377.58649,1189.9637,-174.83569,589.8653,1122.2545,-119.21513
510,5.09,-8.6274538,1341.0348,-214.67969,3.8156865,1082.1597,45.842323,-137.09964,1335.5806,-133.22282,-256.76514,1034.454,-182.65611,-388.03033,846.90363,-141.03824,98.071991,1354.1479,-135.33798,373.15527,1177.6956,-174.44998,581.2774,1099.1014,-118.4927
511,5.1,-8.4991531,1341.0092,-214.51009,3.9488907,1081.8904,46.043217,-137.19978,1335.3297,-133.01683,-255.75679,1033.7653,-182.88463,-386.44189,845.80267,-141.37949,100.81395,1352.8595,-135.19426,368.24667,1165.4519,-174.02849,571.75415,1076.6774,-117.64448
512,5.11,-8.3052425,1340.9059,-214.29434,4.1368175,1081.6083,46.160873,-137.2733,1335.1031,-132.93083,-254.64677,1033.0734,-183.0396,-384.62836,844.60461,-141.64125,103.94511,1351.4379,-135.10429,362.81375,1153.261,-173.77852,561.40625,1054.916,-116.8987
513,5.12,-8.0218534,1340.8324,-214.07062,4.2582355,1081.3541,46.260887,-137.34456,1334.9066,-132.95882,-253.43314,1032.2667,-183.313,-382.52289,843.25616,-141.98192,107.1492,1350.0764,-134.86801,356.98407,1141.1838,-173.87941,550.24408,1033.6996,-116.31013
514,5.13,-7.696959,1340.7727,-213.92288,4.3754864,1081.095,46.459904,-137.39595,1334.7007,-132.93959,-252.17876,1031.5153,-183.64384,-380.24774,841.76953,-142.29857,110.03283,1348.9045,-134.22963,350.92676,1129.5837,-174.40468,538.3158,1013.0656,-116.33914
515,5.14,-7.2007656,1340.7212,-213.84581,4.445859,1080.9047,46.582977,-137.42107,1334.5304,-132.95113,-250.76894,1030.7013,-183.86292,-377.69263,840.19904,-142.71712,112.68433,1347.8004,-133.15718,344.28922,1118.2759,-174.57477,525.57117,992.91418,-116.78111
516,5.15,-6.6050801,1340.5638,-213.60266,4.5027604,1080.7095,46.690632,-137.38805,1334.3743,-132.95235,-249.34792,1029.9863,-184.13559,-374.9194,838.51556,-142.89728,115.15186,1346.6307,-132.10397,337.67148,1107.7434,-174.94142,512.1441,973.41168,-117.75732
517,5.16,-5.9698191,1340.483,-213.46199,4.5963311,1080.6168,46.781143,-137.29463,1334.2106,-132.93674,-247.83064,1029.2142,-184.35139,-372.07892,836.84625,-143.49207,117.04726,1345.3054,-131.76582,330.91718,1097.8435,-175.65298,497.86502,954.55292,-118.74398
518,5.17,-5.3032808,1340.2736,-213.28676,4.6520033,1080.504,46.882202,-137.10089,1334.0729,-132.96962,-246.19104,1028.5626,-184.58971,-368.99664,835.20325,-143.90811,118.27293,1343.8195,-131.91783,323.38962,1088.1389,-176.32556,483.0668,936.62952,-120.05225
519,5.18,-4.6231637,1340.11,-213.18121,4.7454662,1080.4415,47.167595,-136.88809,1333.9661,-133.02029,-244.43283,1027.871,-184.8493,-365.8161,833.61133,-144.39023,119.36517,1342.2813,-131.85999,315.37442,1078.7786,-177.10878,467.63556,919.72662,-121.61491
520,5.19,-4.0195179,1339.9872,-213.22208,4.8037181,1080.3573,47.562405,-136.65616,1333.9053,-133.21016,-242.55496,1027.2106,-185.16451,-362.55606,832.01324,-144.7394,120.57936,1340.9458,-131.74487,307.02811,1070.08,-178.12125,451.71512,903.87683,-123.48553
521,5.2,-3.4359488,1339.9355,-213.27132,4.8101125,1080.3505,47.922504,-136.39996,1333.9061,-133.50856,-240.61075,1026.5143,-185.51428,-359.21649,830.48242,-145.23592,121.78947,1339.9501,-131.6622,298.56317,1061.9945,-179.0798,435.59464,889.21881,-125.7374
522,5.21,-2.8877983,1339.9089,-213.21066,4.7518077,1080.3391,48.30114,-136.1689,1333.9109,-133.78365,-238.60422,1025.8844,-185.84135,-355.79889,828.99316,-145.63387,122.82592,1338.9126,-131.68829,289.82959,1054.2764,-179.5578,419.43799,875.69153,-128.18379
523,5.22,-2.3231134,1339.9604,-213.20178,4.7616215,1080.3757,48.654964,-135.92706,1333.9578,-134.03174,-236.62625,1025.2937,-186.25546,-352.24222,827.4494,-145.84041,123.74776,1337.8364,-131.70045,281.68549,1047.4338,-180.77498,403.45084,863.28375,-130.7444
524,5.23,-1.7640346,1339.9534,-213.02571,4.7953801,1080.4637,48.882225,-135.64522,1333.9542,-134.23793,-234.6741,1024.7036,-186.58195,-348.71808,825.92755,-146.25401,124.7475,1336.8303,-131.67381,273.19684,1041.0547,-181.42879,387.72357,852.07526,-133.24579
525,5.24,-1.1614248,1339.9662,-213.01743,4.8941503,1080.5667,49.080448,-135.37216,1333.9448,-134.2977,-232.75983,1024.0594,-186.85045,-345.1456,824.39209,-146.69194,125.86745,1336.0354,-131.67,264.76718,1035.3885,-181.74431,372.20905,842.00293,-135.5405
526,5.25,-0.5513708,1339.9379,-212.90364,5.0421309,1080.6079,49.181835,-135.04341,1333.9009,-134.36082,-230.9115,1023.5208,-187.09143,-341.54031,822.76764,-146.86966,126.95779,1335.3807,-131.65276,257.37955,1030.6079,-182.59074,357.04785,833.10443,-137.42674
527,5.26,0.14017664,1339.9445,-212.74797,5.1987123,1080.6167,49.269531,-134.71367,1333.868,-134.35985,-229.07861,1022.9776,-187.27521,-338.02264,821.23212,-147.25987,128.0238,1334.782,-131.56648,250.07733,1026.4996,-183.05742,342.42508,825.32013,-138.8853
528,5.27,0.83321947,1339.9305,-212.54903,5.3915071,1080.6116,49.386456,-134.34662,1333.8068,-134.29118,-227.35776,1022.5046,-187.4153,-334.56836,819.84351,-147.66258,128.92169,1334.2753,-131.41927,243.59134,1023.1255,-183.28108,328.43707,818.55353,-139.83032
529,5.28,1.3898292,1340.0106,-212.51367,5.6151361,1080.5818,49.426205,-134.01425,1333.7727,-134.24557,-225.57977,1022.1301,-187.56839,-331.2742,818.52203,-147.91208,129.70062,1333.8004,-131.23871,237.94078,1020.2991,-183.28352,315.40012,812.73145,-140.38495
530,5.29,1.8894768,1340.0563,-212.3326,5.8113232,1080.5583,49.574013,-133.66447,1333.7574,-134.24532,-223.94301,1021.84,-187.73999,-328.15515,817.46875,-148.3308,130.43138,1333.3734,-131.11212,233.23279,1017.9047,-183.06917,303.57208,807.82074,-140.73494
531,5.3,2.391175,1340.1567,-212.17766,5.9871287,1080.5593,49.677132,-133.34723,1333.7279,-134.16788,-222.3736,1021.6831,-187.87073,-325.27554,816.55145,-148.49968,131.03763,1332.8944,-130.96887,229.27995,1015.8721,-182.80118,293.23337,803.71588,-140.97896
532,5.31,2.8393319,1340.2842,-212.12953,6.1468349,1080.5387,49.836239,-133.0481,1333.6969,-134.13344,-221.06749,1021.6215,-187.96289,-322.71619,815.90546,-148.8981,131.61302,1332.3276,-130.87012,225.63124,1013.9774,-182.19632,284.77298,800.40894,-141.2838
533,5.32,3.2718518,1340.2953,-211.99763,6.2609057,1080.5255,50.005772,-132.67349,1333.6587,-134.14151,-220.00229,1021.7223,-187.97861,-320.59869,815.45557,-149.28661,132.2312,1331.749,-130.72942,223.28273,1012.3341,-182.14772,278.36111,797.80701,-141.6897
534,5.33,3.6894271,1340.3329,-211.9252,6.2510896,1080.5137,50.198029,-132.29956,1333.6951,-134.14793,-219.28214,1021.9923,-187.93822,-319.16162,815.31525,-149.77365,132.80316,1331.1544,-130.64188,221.27477,1011.0421,-181.86768,274.22192,795.9259,-142.1362
535,5.34,4.0789909,1340.3373,-211.96538,6.1799245,1080.567,50.280537,-131.86725,1333.812,-134.3047,-218.88547,1022.4588,-188.01041,-318.40198,815.47357,-150.22249,133.26912,1330.5518,-130.59828,219.78728,1010.0933,-181.38432,272.30151,794.8407,-142.52501
536,5.35,4.4625359,1340.3193,-212.07889,6.0626011,1080.5658,50.369972,-131.45235,1334.0022,-134.48358,-218.92824,1023.1311,-188.1566,-318.60181,816.10278,-150.72586,133.59381,1330.0613,-130.57799,219.75375,1009.6941,-181.12053,272.71036,794.60388,-142.67455
537,5.36,4.8107204,1340.1796,-212.10759,5.8393626,1080.5944,50.394882,-130.96037,1334.3116,-134.69911,-219.44115,1024.1595,-188.40764,-319.84207,817.32178,-151.43987,133.74715,1329.7656,-130.62111,220.79181,1009.7909,-180.82474,275.39093,795.20752,-142.4202
538,5.37,5.0623045,1340.0457,-212.22575,5.5979686,1080.5703,50.340298,-130.39163,1334.7157,-134.80528,-220.45714,1025.4626,-188.73825,-322.45251,819.27087,-152.60616,133.72121,1329.6735,-130.64252,223.15376,1010.606,-180.56071,280.39893,796.74512,-141.84497
539,5.38,5.268599,1339.9679,-212.40723,5.3509674,1080.5875,50.248173,-129.89076,1335.2142,-135.16443,-222.05229,1027.0413,-189.12022,-326.4415,821.87183,-153.90919,133.48813,1329.8073,-130.62015,226.66942,1012.0548,-180.25201,287.5639,799.26965,-141.0162
540,5.39,5.4740257,1339.9717,-212.57452,5.0756407,1080.5688,50.064808,-129.26079,1335.7896,-135.59343,-224.27953,1028.9412,-189.68799,-332.00314,825.29199,-155.75301,133.08513,1330.2002,-130.60626,231.69411,1014.2938,-180.21536,296.92093,802.94507,-140.05528
541,5.4,5.6554222,1339.9739,-212.67525,4.8382888,1080.55,49.905052,-128.64166,1336.3776,-136.02676,-227.21907,1031.1516,-190.41869,-339.1781,829.63055,-158.16219,132.57748,1330.8325,-130.5491,237.42328,1017.357,-180.071,308.3259,807.85516,-139.14946
542,5.41,5.9137373,1340.0123,-212.79555,4.6203098,1080.5645,49.814922,-127.95556,1337.0167,-136.53455,-230.98538,1033.6268,-191.29616,-347.96359,834.80023,-160.45268,131.96599,1331.6183,-130.37253,243.77078,1021.1893,-179.76343,321.66354,814.09735,-138.38722
543,5.42,6.1346617,1340.0461,-212.88062,4.4354911,1080.6046,49.820251,-127.28286,1337.6808,-137.09641,-235.65224,1036.4965,-192.49405,-358.38528,840.9693,-163.14256,131.25168,1332.6488,-130.25024,251.56042,1025.8458,-180.10757,336.73187,821.75439,-137.74965
544,5.43,6.333745,1340.1447,-213.05153,4.3002534,1080.7179,49.844036,-126.60323,1338.293,-137.57356,-241.26372,1039.6814,-193.80885,-370.40018,848.23309,-165.98958,130.44507,1333.7982,-130.0714,259.8392,1031.2755,-180.24962,353.47421,830.84711,-137.46442
545,5.44,6.4558926,1340.1593,-213.08498,4.1816335,1080.8838,49.931343,-125.92782,1338.902,-138.0097,-247.68019,1043.4127,-195.41058,-383.67902,856.75183,-169.81433,129.6002,1335.0912,-129.79541,268.9491,1037.5952,-180.59648,371.63849,841.53162,-137.47762
546,5.45,6.6452332,1340.219,-213.3167,4.1068816,1081.0255,50.026653,-125.29588,1339.5348,-138.2648,-254.87297,1047.7816,-197.16005,-398.44711,866.69891,-173.41145,128.66263,1336.5084,-129.56894,278.65817,1044.9009,-180.87886,390.9613,854.04791,-137.70778
547,5.46,6.8576527,1340.1599,-213.33572,3.9750705,1081.1644,50.198483,-124.5958,1340.26,-138.62628,-262.75198,1052.9802,-199.12314,-414.30792,878.1347,-176.75908,127.67637,1338.0654,-129.26151,288.91989,1053.2383,-181.24136,411.23831,868.36011,-138.14043
548,5.47,7.0457587,1340.2006,-213.61372,3.859478,1081.3091,50.3092,-123.79007,1341.0828,-139.02429,-271.18134,1058.9701,-201.09219,-430.91901,891.35382,-180.79942,126.60436,1339.6667,-129.00569,299.27267,1062.5096,-181.28316,432.00647,884.70251,-138.65659
549,5.48,7.3551564,1340.1877,-213.86681,3.7020106,1081.4083,50.424213,-122.79991,1342.0695,-139.4483,-279.94882,1065.9122,-203.08481,-448.10046,906.46863,-185.45819,125.41924,1341.3604,-128.70084,310.46994,1073.1023,-182.07748,453.02185,903.01587,-139.26295
550,5.49,7.7319999,1340.194,-214.15424,3.5010133,1081.5438,50.581261,-121.57086,1343.0896,-139.80908,-288.99182,1073.7405,-205.18144,-465.71667,923.50073,-190.55847,124.00941,1343.0219,-128.463,321.45313,1084.658,-182.57121,474.0123,923.30865,-139.93849
551,5.5,8.2538118,1340.2307,-214.7618,3.3141603,1081.6848,50.672951,-119.9726,1344.1483,-140.43314,-298.32285,1082.4536,-207.3942,-483.45572,942.33478,-195.42766,122.39413,1344.5588,-128.29111,332.35922,1097.3022,-183.10884,494.65787,945.53534,-140.59795
552,5.51,8.8450966,1340.3428,-215.33719,3.0710969,1081.8365,50.782745,-118.1394,1345.1566,-140.74063,-307.73206,1092.1428,-209.71002,-500.77219,962.92712,-200.12979,120.60114,1346.0695,-128.3047,342.94406,1110.6942,-183.46764,514.9328,969.77997,-141.47426
553,5.52,9.4976749,1340.5421,-215.86774,2.8171723,1082.0388,50.925217,-116.21072,1346.2206,-141.39911,-317.23621,1102.7865,-212.09882,-517.66541,985.22595,-204.68991,118.68047,1347.5001,-128.31554,353.40253,1125.2336,-184.17998,534.25763,995.80518,-142.19749
554,5.53,10.19569,1340.7682,-216.43013,2.5510762,1082.3323,50.986668,-114.16112,1347.2278,-141.93846,-326.53812,1114.381,-214.50473,-533.79755,1009.2921,-209.0882,116.73555,1348.8779,-128.49664,363.35699,1140.6879,-184.87622,552.47327,1023.5961,-142.8842
555,5.54,10.855698,1340.8838,-217.00679,2.3282874,1082.6469,51.107853,-112.10145,1348.2384,-142.72433,-335.46094,1126.9272,-216.90791,-549.04071,1034.936,-213.24257,114.86649,1350.2509,-128.75049,372.54343,1156.9761,-185.66811,569.23682,1053.0063,-143.43742
556,5.55,11.523222,1341.0181,-217.74551,2.0933208,1083.0577,51.186295,-110.038,1349.2235,-143.30872,-343.98828,1140.2555,-219.20703,-563.104,1062.213,-217.45403,113.01131,1351.6052,-129.16966,380.84137,1174.0557,-186.47243,584.29321,1083.9608,-144.02542
557,5.56,12.182138,1341.0438,-218.3329,1.8610965,1083.4823,51.233891,-108.03977,1350.2014,-143.8972,-351.983,1154.3693,-221.39429,-575.81641,1090.8658,-221.22708,111.18754,1352.9661,-129.70956,388.23291,1191.9088,-187.29349,597.54608,1116.2584,-144.50113
558,5.57,12.669588,1341.0527,-219.04439,1.7314625,1083.974,51.239326,-106.12022,1351.1732,-144.17606,-359.33252,1169.3396,-223.43297,-587.01532,1120.6851,-224.67012,109.58367,1354.2107,-130.38985,394.59546,1210.4567,-188.00368,608.79968,1149.7113,-144.78952
559,5.58,13.059241,1341.0089,-219.7511,1.6382177,1084.4559,51.28009,-104.23358,1352.1613,-144.23997,-365.99017,1185.0061,-225.53163,-596.44696,1151.5502,-227.71254,107.81908,1355.3723,-131.14601,399.97534,1229.5851,-188.59618,617.89685,1184.0901,-144.87376
560,5.59,13.41854,1340.9413,-220.52861,1.5754622,1085.0145,51.314247,-102.35326,1353.1997,-144.86937,-371.75626,1201.2406,-227.40623,-604.02875,1183.2411,-230.34518,106.06374,1356.4824,-131.97185,404.09293,1249.1986,-189.03008,624.72034,1219.1255,-144.67871
561,5.6,13.850652,1340.7482,-221.35396,1.5676886,1085.6266,51.220177,-100.43939,1354.2074,-145.42441,-376.5831,1217.9032,-229.05637,-609.64252,1215.5122,-232.4673,104.25139,1357.5721,-132.86432,406.9075,1269.2197,-189.39137,629.12231,1254.58,-144.14088
562,5.61,13.925443,1340.781,-222.02354,1.583382,1086.234,51.08083,-98.617592,1355.1095,-146.15982,-380.45969,1235.1553,-231.38182,-613.24152,1248.0958,-234.57143,102.5639,1358.5897,-133.76472,408.36563,1289.5326,-189.62057,630.93079,1290.0829,-143.3372
563,5.62,14.067121,1340.8849,-222.59732,1.682395,1086.7743,50.941666,-96.586082,1356.1356,-148.09505,-383.21619,1252.2814,-231.94814,-614.82507,1280.832,-235.86751,100.88696,1359.6083,-134.69524,408.29776,1310.0306,-189.6528,630.48041,1325.4866,-142.12189
564,5.63,14.020553,1341.3313,-223.68008,1.8234934,1087.3406,50.747368,-94.900322,1356.9639,-148.87305,-384.93045,1269.6998,-233.08406,-614.23047,1313.3293,-236.61574,99.26516,1360.4467,-135.64143,406.77701,1330.572,-189.50671,627.49438,1360.5835,-140.78969
565,5.64,14.254593,1341.2489,-223.90567,1.9304277,1087.861,50.628475,-93.226448,1357.7863,-149.62177,-385.48193,1287.1128,-234.17059,-611.65198,1345.5846,-236.68378,97.758736,1361.1934,-136.63528,403.866,1350.88,-188.92703,622.01343,1394.8551,-139.34686
566,5.65,14.796973,1341.3937,-224.86115,2.0508265,1088.3807,50.460217,-91.444267,1358.6359,-150.43704,-384.95584,1304.3431,-234.93202,-607.07629,1377.3129,-236.35832,96.239204,1361.8035,-137.38426,399.61792,1370.5706,-188.47896,614.74475,1428.1842,-137.39108
567,5.66,15.08933,1341.7452,-225.37439,2.1607697,1088.8737,50.22517,-89.67894,1359.5276,-151.4987,-383.24957,1321.3069,-235.58104,-600.60236,1408.3755,-235.52357,94.729202,1362.2981,-138.12949,393.96802,1389.4977,-188.12663,604.88245,1460.6814,-135.92268
568,5.67,15.341798,1342.0479,-226.23009,2.2204297,1089.3375,50.004932,-87.919876,1360.403,-152.20728,-380.65564,1337.8599,-235.87474,-592.25928,1438.3196,-233.61629,93.157074,1362.6968,-138.82248,387.09894,1407.5375,-187.89146,593.2431,1491.8721,-133.38768
569,5.68,15.643466,1342.4178,-226.94022,2.2556756,1089.7699,49.833538,-86.079758,1361.3657,-153.1452,-377.13635,1353.7323,-236.06215,-582.17651,1467.2946,-232.71533,91.486565,1363.092,-139.49094,379.17154,1424.3386,-187.77136,579.63763,1521.2216,-131.61414
570,5.69,15.842121,1342.7615,-227.61063,2.295598,1090.093,49.623997,-84.228943,1362.3517,-153.65997,-372.84854,1368.7917,-236.43608,-570.62378,1495.0667,-230.68227,89.897186,1363.406,-140.19826,370.32425,1440.1072,-187.72714,564.15424,1549.3099,-130.33223
571,5.7,16.103813,1343.046,-228.24368,2.3177412,1090.4243,49.424393,-82.423225,1363.3723,-154.00369,-367.59589,1383.6967,-236.17055,-557.60309,1521.6228,-228.86209,88.389122,1363.6039,-140.89963,360.77029,1454.7495,-188.1198,547.59296,1575.4927,-128.86761
572,5.71,16.272987,1343.333,-228.86005,2.3390219,1090.7251,49.180218,-80.67569,1364.0724,-154.41472,-361.83218,1397.66,-235.57655,-543.45343,1546.8164,-226.8936,86.916122,1363.7944,-141.68788,350.60309,1468.1879,-188.3246,529.8429,1600.006,-127.60697
573,5.72,16.484926,1343.5364,-229.394,2.3945651,1091.0283,48.955654,-78.9188,1364.96,-155.08438,-355.45792,1411.0378,-234.87695,-528.19989,1570.7604,-224.81831,85.387596,1363.9961,-142.45134,340.08612,1480.2172,-188.6721,510.93494,1622.7445,-126.73013
574,5.73,16.633686,1343.7849,-229.96681,2.5497854,1091.2365,48.694645,-77.290878,1365.7971,-155.81369,-348.57349,1423.8057,-234.03287,-512.05505,1593.2224,-222.37224,83.630089,1364.1746,-143.23239,329.54959,1490.6748,-189.18498,491.24918,1643.7667,-126.12438
575,5.74,16.763365,1344.0089,-230.45135,2.6839993,1091.4227,48.499481,-75.578461,1366.6176,-156.44217,-341.34229,1435.9924,-232.67186,-495.11237,1614.2764,-219.60107,81.881554,1364.4257,-143.91386,319.23428,1499.7872,-189.73486,471.08853,1663.0653,-125.89104
576,5.75,16.738892,1344.2389,-230.90807,2.922785,1091.58,48.297588,-74.111275,1367.2535,-157.14322,-333.63904,1447.4366,-231.59579,-477.55042,1633.8789,-216.616,79.990883,1364.7892,-144.73407,309.10156,1507.8013,-190.1954,450.7843,1680.578,-125.64365
577,5.76,16.619074,1344.5,-231.25319,3.1736245,1091.7659,48.079098,-72.759911,1367.7992,-157.40569,-325.6218,1458.3157,-230.60078,-459.52853,1651.9983,-213.77884,77.68689,1365.3418,-146.26221,299.20761,1515.2051,-190.60529,430.60782,1696.3064,-125.20779
578,5.77,16.384708,1344.804,-231.57201,3.4558837,1091.905,47.884041,-71.448502,1368.3792,-156.56114,-317.39136,1468.442,-229.41614,-441.12924,1668.6989,-210.22635,75.903412,1365.7688,-147.16452,289.54269,1522.067,-190.86649,410.68481,1710.3278,-124.60307
579,5.78,16.039814,1345.0997,-231.85249,3.7724571,1092.0657,47.6586,-70.198479,1368.913,-156.63263,-309.09793,1477.8589,-228.05156,-422.54919,1684.0682,-206.9402,74.189606,1366.072,-148.03322,280.40182,1528.0769,-191.31798,391.08661,1722.7148,-124.17261
580,5.79,15.632848,1345.3624,-232.112,4.1024132,1092.2046,47.433796,-68.88414,1369.5959,-156.70111,-300.81549,1486.5459,-226.6922,-403.88989,1698.1858,-202.90607,72.466972,1366.3219,-148.74808,271.55707,1533.2249,-191.8111,371.69266,1733.6322,-124.11617
581,5.8,15.172906,1345.6277,-232.30557,4.3876853,1092.3381,47.222458,-67.784859,1370.176,-156.86667,-292.62003,1494.3978,-225.3237,-384.92465,1710.9967,-200.0692,71.055122,1366.446,-149.44934,263.06259,1537.6228,-192.63922,352.79022,1743.2375,-124.39062
582,5.81,14.745456,1345.8102,-232.35175,4.6461787,1092.5535,46.962219,-66.6539,1370.6654,-157.07654,-284.85544,1501.3665,-223.95099,-365.64221,1722.4478,-198.703,69.723358,1366.4806,-149.92287,255.10063,1541.1768,-193.34393,334.48553,1751.646,-124.94495
583,5.82,14.478806,1345.9368,-232.43752,4.8274708,1092.7607,46.811768,-65.634285,1371.1088,-157.62689,-277.6795,1507.5992,-222.66591,-346.81982,1732.7788,-196.86436,68.506035,1366.4449,-150.67552,247.58153,1544.2615,-193.8772,316.83228,1758.9919,-125.61656
584,5.83,14.23266,1345.9037,-232.61067,5.0117149,1092.9513,46.654114,-64.674454,1371.4562,-158.33875,-271.14951,1512.8151,-220.85666,-328.21097,1741.8563,-195.51921,67.415657,1366.286,-151.23523,240.37141,1547.012,-194.15297,299.83044,1765.2562,-126.28721
585,5.84,14.00881,1345.7292,-232.98967,5.0961437,1093.1855,46.417328,-63.675968,1371.7308,-158.9102,-265.04587,1517.5752,-219.05017,-310.07214,1749.7574,-194.47749,66.229683,1366.2255,-152.03581,233.38751,1549.4004,-194.15707,283.4144,1770.5538,-127.04743
586,5.85,13.670967,1345.4611,-233.55687,5.1483636,1093.4453,46.239235,-62.752209,1372.0093,-159.7489,-259.14386,1521.9075,-217.18297,-292.5625,1756.5262,-193.53354,64.951355,1366.0807,-153.22063,226.86058,1551.5433,-194.01538,267.56961,1775.0371,-127.72701
587,5.86,13.241622,1345.1344,-234.36897,5.2005386,1093.6931,46.077492,-61.740894,1372.1774,-160.7054,-253.44295,1525.9865,-215.06711,-275.6124,1762.283,-192.38521,64.676384,1365.9009,-150.16412,221.00906,1553.3322,-193.70618,252.24876,1778.7573,-128.35532
588,5.87,12.835732,1344.7188,-235.15973,5.198494,1093.9612,45.962337,-60.725056,1372.3165,-161.78665,-247.86063,1528.8423,-210.56947,-259.31046,1767.1235,-190.99107,63.411297,1366.0132,-156.78763,215.9064,1554.7015,-193.26559,237.51782,1781.7103,-128.82466
589,5.88,12.584301,1344.1146,-235.95514,5.1982045,1094.1783,45.889355,-59.711266,1372.4019,-162.80923,-241.78711,1533.0793,-210.6138,-243.52925,1771.1379,-189.23248,62.82515,1365.5577,-157.64,211.47711,1555.9071,-192.98796,223.74097,1783.8663,-130.00322
590,5.89,12.561349,1343.408,-236.59015,5.2784572,1094.4586,45.840816,-58.980595,1372.4602,-163.75903,-236.28525,1536.0419,-207.91568,-228.45914,1774.4536,-187.33232,62.310032,1366.0527,-157.66574,207.07501,1557.1847,-192.78059,211.10745,1785.6029,-129.80254
591,5.9,12.758346,1342.6808,-236.96402,5.3309226,1094.7646,45.789639,-58.19397,1372.5568,-164.52333,-230.95209,1539.0283,-205.91269,-214.05028,1777.1456,-185.47868,61.756477,1366.0698,-158.2216,202.36345,1558.5403,-192.74507,199.74771,1786.8448,-129.15187
592,5.91,12.953758,1342.0232,-237.17278,5.4095664,1095.0767,45.681362,-57.33511,1372.6467,-165.14001,-225.96565,1541.6946,-204.43152,-200.36395,1779.2504,-183.61856,61.394085,1365.85,-159.34802,197.4604,1559.7366,-192.39844,189.37994,1787.7841,-128.19922
593,5.92,13.12781,1341.5189,-237.34535,5.5142303,1095.3923,45.673931,-56.57552,1372.7317,-165.61848,-221.19615,1544.1088,-203.18642,-187.66495,1780.8251,-181.9334,61.011604,1366.2898,-159.51086,193.05707,1560.7532,-192.03375,179.97775,1788.442,-127.39063
594,5.93,13.225814,1341.2148,-237.66605,5.5848079,1095.712,45.600559,-55.82946,1372.8495,-165.91766,-216.78773,1546.1548,-202.31725,-175.86212,1782.0137,-179.24892,60.820122,1366.4797,-160.07759,189.31082,1561.5524,-191.59871,171.23979,1788.8125,-126.46848
595,5.94,13.230172,1341.1094,-238.15646,5.7443061,1096.0229,45.554527,-55.082447,1372.9688,-166.2449,-212.75229,1547.9434,-201.53186,-165.01848,1782.8055,-177.58777,60.750362,1366.6963,-160.64738,186.28177,1562.0798,-191.22266,163.31119,1788.9166,-126.19289
596,5.95,13.26566,1341.1162,-238.72368,5.8670535,1096.3787,45.476913,-54.388599,1373.0515,-166.48244,-209.0645,1549.6361,-200.60919,-155.31239,1783.293,-176.00473,60.702152,1366.9413,-161.27692,184.03842,1562.4473,-190.85207,156.14087,1788.7758,-125.95846
597,5.96,13.347768,1341.1788,-239.26817,6.0172138,1096.7297,45.358543,-53.7295,1373.1521,-166.97525,-205.53078,1551.3403,-199.54134,-146.7417,1783.79,-174.03128,60.739685,1367.0192,-161.81262,182.31096,1562.7079,-190.48447,150.04982,1788.6135,-125.52586
598,5.97,13.458103,1341.1803,-239.72507,6.1352191,1097.0593,45.161983,-52.93227,1373.2688,-167.43498,-202.37692,1552.632,-197.37509,-139.42632,1784.2664,-172.14388,60.859177,1367.0674,-162.32246,180.66832,1563.1073,-189.89638,145.18304,1788.3336,-125.10236
599,5.98,13.670317,1341.1418,-240.12531,6.2817264,1097.3517,44.938259,-52.207867,1373.3092,-167.83127,-199.47946,1554.0132,-195.97072,-133.16367,1784.7848,-170.27893,60.959572,1367.0417,-162.8765,179.22639,1563.4774,-189.42155,141.33942,1788.4021,-124.02797
600,5.99,13.973369,1341.1229,-240.64673,6.4323401,1097.5859,44.749313,-51.318748,1373.4647,-168.36923,-196.97406,1555.1862,-194.65372,-127.93003,1785.2717,-168.47148,61.194023,1367.0885,-163.44414,178.21829,1563.6753,-189.17207,138.57799,1788.6016,-122.7382
601,6.0,14.32666,1341.1285,-241.15091,6.498589,1097.8334,44.600937,-50.13588,1373.7146,-169.05983,-194.89549,1556.2542,-193.37587,-123.74908,1785.6267,-167.14899,61.46302,1367.1085,-163.90163,177.12381,1563.8505,-188.38075,136.81062,1788.551,-121.76862
602,6.01,14.660273,1341.1807,-241.6564,6.5239053,1098.1199,44.495586,-49.594582,1373.7111,-169.3643,-193.17184,1557.1293,-192.4222,-120.39317,1785.8932,-166.03311,61.787491,1367.1124,-164.23781,176.68649,1563.9436,-187.8777,135.96335,1788.2798,-121.26348
603,6.02,14.943764,1341.2578,-241.9735,6.5184689,1098.3312,44.34407,-48.824104,1373.8651,-169.73146,-191.86893,1557.7607,-191.2466,-118.0201,1786.1049,-164.92612,62.123257,1367.1909,-164.53452,176.76172,1563.9839,-187.61208,135.99594,1788.0573,-120.77314
604,6.03,15.271371,1341.3145,-242.18173,6.4976759,1098.5488,44.251934,-48.32859,1373.8306,-169.98322,-190.94379,1558.1504,-190.32701,-116.34135,1786.2523,-163.92816,62.457653,1367.2083,-164.69376,177.30421,1564.0386,-187.51289,136.97482,1788.1965,-120.09969
605,6.04,15.595069,1341.3046,-242.27557,6.5216241,1098.6803,44.217678,-48.007607,1373.7781,-170.12137,-190.37907,1558.4229,-189.93076,-115.51852,1786.3409,-162.9295,62.823265,1367.118,-164.92055,178.45442,1563.9103,-187.70035,138.74861,1788.0687,-118.8347
606,6.05,15.922582,1341.1792,-242.38721,6.5114741,1098.7992,44.247089,-47.801636,1373.6312,-170.29564,-190.21291,1558.4734,-189.8989,-115.58818,1786.3292,-162.01797,63.240147,1367.069,-164.96832,179.68143,1563.8247,-187.86168,141.60883,1788.0155,-118.19929
607,6.06,16.194836,1340.9962,-242.40482,6.466042,1098.877,44.236729,-47.669048,1373.5197,-170.32936,-190.4306,1558.3484,-190.28482,-116.40591,1786.2811,-161.27284,63.681335,1366.9696,-165.09323,181.28383,1563.4731,-187.82298,145.36342,1787.8809,-117.59699
608,6.07,16.406429,1340.771,-242.39673,6.4397211,1098.8962,44.329594,-47.633804,1373.3573,-170.29015,-190.92516,1557.9655,-190.83099,-118.29277,1786.2083,-160.8152,64.137146,1366.8752,-165.07446,183.29884,1562.9703,-187.91772,150.05159,1787.5836,-117.39097
609,6.08,16.600269,1340.5612,-242.37569,6.3570743,1098.8695,44.494118,-47.697521,1373.1713,-170.24184,-191.80113,1557.4769,-191.53453,-120.93838,1786.1696,-160.71111,64.545898,1366.7163,-165.00801,185.42389,1562.4324,-187.75351,155.40482,1787.7181,-116.47489
610,6.09,16.734196,1340.3024,-242.22862,6.2591572,1098.7894,44.658699,-47.660114,1373.0463,-170.28568,-192.91571,1556.908,-192.18048,-124.58739,1786.2316,-161.13174,65.0634,1366.6279,-164.83673,188.15939,1561.8832,-187.84782,161.72346,1787.3726,-116.74601
611,6.1,16.912395,1340.0942,-242.12485,6.1185727,1098.7367,44.809216,-47.705776,1372.9523,-170.15181,-194.50691,1556.2277,-192.74545,-129.13263,1786.3057,-162.07401,65.574097,1366.4548,-164.5643,191.4035,1561.1173,-188.18152,168.67296,1787.2942,-116.46992
612,6.11,17.094461,1339.9458,-241.87457,5.9198627,1098.6218,44.999672,-47.755695,1372.8542,-170.00822,-196.45879,1555.4142,-193.53723,-134.508,1786.3951,-163.47647,66.050697,1366.3694,-164.26018,194.73473,1560.3673,-188.32031,176.40759,1786.8093,-117.01604
613,6.12,17.307402,1339.8767,-241.58923,5.6858568,1098.5001,45.186241,-47.882839,1372.7754,-169.84839,-198.743,1554.4147,-194.18143,-140.74908,1786.4109,-165.0238,66.492157,1366.2263,-163.77283,198.36432,1559.5276,-188.52498,184.83887,1786.3987,-117.47101
614,6.13,17.527685,1339.8005,-241.22783,5.4389534,1098.3618,45.391293,-47.999317,1372.7069,-169.56038,-201.23151,1553.3041,-195.17932,-147.78867,1786.3453,-166.59433,66.966759,1366.1194,-163.16139,202.20624,1558.6548,-188.66789,193.93109,1785.826,-118.05743
615,6.14,17.648241,1339.8071,-240.86919,5.185369,1098.2662,45.524616,-48.210243,1372.6461,-169.25471,-203.96483,1551.9844,-196.05952,-155.7159,1786.1901,-168.32666,67.494072,1366.036,-162.59535,206.38937,1557.5352,-189.10777,203.74866,1785.0414,-118.83403
616,6.15,17.789747,1339.7488,-240.37646,4.9505677,1098.1621,45.787086,-48.489941,1372.6193,-168.94521,-206.85878,1550.6176,-197.459,-164.38644,1785.8353,-170.07721,68.005707,1365.9683,-162.00052,210.49782,1556.3467,-189.38948,214.17395,1783.9644,-119.67445
617,6.16,17.963585,1339.7446,-239.92252,4.6891074,1098.0603,46.013187,-49.163555,1372.4714,-168.3136,-210.19106,1548.8446,-197.31842,-173.802,1785.2936,-171.86333,68.547867,1365.8998,-161.21436,214.82732,1555.069,-189.88663,225.28204,1782.5967,-120.59036
618,6.17,18.057167,1339.7515,-239.4297,4.4676719,1098.0173,46.213947,-49.70731,1372.4128,-167.81638,-213.68745,1547.2577,-198.88065,-183.89348,1784.4087,-173.95232,69.090805,1365.804,-160.42281,219.40781,1553.571,-190.25488,236.909,1780.8615,-121.61445
619,6.18,18.131493,1339.7692,-238.88347,4.2874889,1097.9749,46.380291,-50.174355,1372.4568,-167.46429,-217.5759,1545.3439,-200.37747,-194.63213,1783.1793,-176.2065,69.587814,1365.8091,-159.59944,224.33401,1551.9338,-190.61807,249.04187,1778.6876,-122.73323
620,6.19,18.190739,1339.8514,-238.30862,4.1207991,1097.895,46.521793,-50.826786,1372.4569,-166.73802,-221.92679,1543.1158,-201.82578,-205.79976,1781.5177,-178.57608,70.000816,1365.9113,-158.88034,229.57581,1550.0927,-191.06444,261.65756,1776.057,-123.78469
621,6.2,18.256945,1339.9576,-237.7747,3.9610388,1097.8002,46.751778,-51.441887,1372.491,-166.10826,-226.65524,1540.6166,-203.39549,-217.69142,1779.4442,-181.03596,70.567474,1366.01,-158.19894,235.07513,1547.9792,-191.44264,274.62695,1772.881,-124.85491
622,6.21,18.299656,1340.057,-237.21645,3.8674932,1097.7906,46.895149,-52.144306,1372.5544,-165.4203,-231.58879,1538.1293,-205.47473,-229.9828,1776.9076,-183.42801,71.126892,1366.1774,-156.9903,240.64851,1545.6273,-191.86667,287.88077,1769.1715,-125.95849
623,6.22,18.379526,1340.1674,-236.59415,3.7804346,1097.7152,47.014656,-52.961746,1372.6705,-164.70041,-236.75507,1535.2963,-207.00925,-242.89136,1773.8934,-185.78658,71.73246,1366.2202,-156.09982,246.42032,1543.1024,-192.11148,301.3877,1764.9698,-127.02924
624,6.23,18.449102,1340.2113,-235.96147,3.6830399,1097.632,47.043781,-53.913757,1372.7267,-164.0844,-242.07011,1532.0363,-208.14003,-256.25305,1770.3337,-188.14581,72.362961,1366.2659,-155.3981,252.34708,1540.2751,-192.27646,314.94464,1760.2692,-128.31285
625,6.24,18.441071,1340.2693,-235.37732,3.632014,1097.54,47.016666,-54.916679,1372.8154,-163.40968,-247.46988,1528.924,-210.29901,-269.87115,1766.2458,-190.2993,72.98571,1366.2847,-154.49823,258.54819,1537.1217,-192.32565,328.67633,1754.9745,-129.55852
626,6.25,18.434553,1340.3308,-234.95178,3.585969,1097.4296,46.950619,-55.981575,1372.8397,-162.66351,-253.16438,1525.5245,-212.26849,-283.81601,1761.5471,-192.68806,73.441582,1366.2711,-153.80783,265.02911,1533.528,-192.39691,342.48419,1749.141,-130.91391
627,6.26,18.34737,1340.386,-234.5014,3.5683975,1097.2642,46.900631,-57.064404,1372.8196,-161.99155,-259.45917,1520.3069,-211.29066,-298.02866,1756.2019,-194.93974,73.896767,1366.3179,-153.06639,271.66248,1529.686,-192.29938,356.58057,1742.5892,-131.85773
628,6.27,18.188284,1340.444,-234.04982,3.5879555,1097.1183,46.81205,-58.285076,1372.801,-161.26628,-265.98834,1516.5348,-214.38387,-312.43015,1750.2009,-196.78215,74.659744,1366.3553,-153.12064,278.17572,1525.6289,-192.21207,370.77914,1735.3535,-132.58008
629,6.28,17.977596,1340.4952,-233.46977,3.6825767,1096.9713,46.796532,-59.558334,1372.7323,-160.58939,-272.39313,1511.731,-215.26872,-327.01965,1743.6022,-199.54027,75.035889,1366.5233,-151.70279,284.40848,1521.4099,-192.01318,385.17807,1727.3384,-132.66982
630,6.29,17.766418,1340.5905,-232.8188,3.7471235,1096.8512,46.716488,-60.931183,1372.5948,-159.87474,-278.3266,1506.5404,-215.93619,-341.71838,1736.3279,-201.33325,75.917351,1366.5645,-151.83476,290.48145,1517.1013,-191.95529,399.54156,1718.6617,-132.74606
631,6.3,17.603374,1340.712,-232.21321,3.8688498,1096.7363,46.646664,-62.225571,1372.4181,-159.12035,-284.98343,1501.0052,-216.82169,-356.61893,1728.4554,-202.99532,76.650032,1366.573,-151.15251,296.62619,1512.4385,-191.63696,413.94418,1709.276,-132.30809
632,6.31,17.373299,1340.8455,-231.64497,3.9868183,1096.6393,46.525791,-63.629574,1372.1687,-158.34956,-291.04767,1495.7026,-217.82509,-371.51913,1719.9274,-204.362,77.04525,1366.6012,-149.72029,303.05069,1507.3811,-191.21465,428.20468,1699.1669,-131.88013
633,6.32,17.093334,1340.9512,-231.15132,4.1556849,1096.4553,46.446369,-65.14505,1371.915,-157.59995,-297.35422,1489.8433,-218.75095,-386.27615,1710.6814,-205.63362,77.545403,1366.5587,-148.98979,309.6268,1501.7805,-190.76694,442.36261,1688.3625,-131.29733
634,6.33,16.784212,1341.1011,-230.63696,4.2949805,1096.3201,46.320663,-66.693069,1371.5557,-156.97578,-303.57019,1483.6731,-219.72429,-401.13184,1700.7162,-206.7709,77.976837,1366.6266,-148.09425,316.22296,1495.7632,-190.3053,456.39886,1676.7521,-130.73543
635,6.34,16.494089,1341.27,-230.09738,4.4045701,1096.1415,46.217228,-68.163284,1371.1544,-156.15347,-309.77298,1476.9346,-220.39067,-415.79279,1690.118,-207.97557,78.550896,1366.6781,-147.35582,322.54965,1489.5511,-189.91432,470.20059,1664.338,-129.93713
636,6.35,16.181532,1341.4338,-229.52551,4.5659943,1095.9735,46.113873,-69.677017,1370.7484,-155.47748,-316.0726,1469.8494,-221.01988,-430.27573,1678.8469,-209.16939,79.193954,1366.7273,-146.53467,328.66959,1483.1863,-189.35796,483.7218,1651.1665,-129.03639
637,6.36,15.891073,1341.6515,-228.94583,4.6458025,1095.7633,45.943504,-71.223618,1370.3781,-154.67357,-322.29044,1462.4408,-221.43803,-444.5271,1666.8403,-210.16162,79.893204,1366.6239,-145.79121,334.61917,1476.5255,-188.75726,496.86646,1637.4032,-128.36087
638,6.37,15.651617,1341.8319,-228.30466,4.7111669,1095.5593,45.829311,-72.927711,1369.8951,-153.8903,-328.28583,1454.7003,-221.82275,-458.55893,1654.1506,-211.1944,80.739792,1366.4205,-144.59093,340.67001,1469.3296,-188.07831,509.64798,1622.8842,-127.57932
639,6.38,15.288997,1342.0055,-227.68077,4.7465782,1095.3247,45.681168,-74.149765,1369.3882,-153.05559,-334.05255,1446.6422,-222.01227,-472.21417,1640.8193,-211.98048,81.34317,1366.2683,-143.65338,346.82776,1461.4034,-187.38205,521.93451,1607.7115,-126.83479
640,6.39,14.88004,1342.1841,-227.11432,4.7563014,1095.0428,45.531303,-75.869728,1368.9521,-152.27647,-339.70676,1438.1792,-222.12244,-485.52267,1626.7783,-212.56758,81.804077,1366.1637,-142.81383,353.11951,1452.5226,-186.78612,533.70117,1591.8229,-126.39017
641,6.4,14.433081,1342.3495,-226.60097,4.7308035,1094.7451,45.388416,-77.85997,1368.4044,-152.26605,-345.11478,1429.3892,-222.52791,-498.44888,1612.1028,-213.0939,82.335037,1366.0834,-141.87199,359.27252,1442.9006,-186.31279,544.92395,1575.2036,-125.91895
642,6.41,14.07574,1342.4978,-226.05328,4.746408,1094.4504,45.229156,-79.398315,1367.9691,-151.38092,-350.42789,1420.5663,-222.3028,-510.93835,1596.7773,-213.39236,83.059654,1366.0568,-141.11426,365.06927,1432.9485,-185.87303,555.58295,1557.8928,-125.97243
643,6.42,13.780748,1342.6165,-225.33705,4.7420344,1094.174,45.07621,-80.797737,1367.6915,-150.41534,-355.29721,1411.0714,-222.28432,-523.06189,1580.7417,-213.61124,84.084236,1365.9344,-140.43793,370.39655,1422.8354,-185.24323,565.67847,1539.9984,-126.09615
644,6.43,13.619091,1342.7042,-224.61604,4.7600617,1093.865,44.93063,-79.815811,1367.3441,-149.95573,-360.01929,1401.7816,-221.82108,-534.70667,1564.0527,-213.77504,85.400032,1365.6826,-139.76794,375.25613,1412.5035,-184.43102,575.11755,1521.519,-126.14977
645,6.44,13.58249,1342.781,-223.98517,4.8025918,1093.5598,44.777348,-78.533333,1367.1372,-149.2991,-364.26099,1392.1768,-221.50191,-545.87286,1546.7341,-213.82524,86.790466,1365.376,-139.12918,379.70172,1401.9972,-183.44643,583.86633,1502.707,-126.20537
646,6.45,13.627157,1342.8062,-223.50838,4.9039412,1093.2958,44.583729,-79.95668,1366.9989,-148.37093,-368.10468,1382.6118,-221.06377,-556.36975,1528.8699,-213.73708,88.206848,1365.006,-138.41283,383.75882,1391.056,-182.80345,591.75171,1483.292,-125.99637
647,6.46,13.545617,1342.896,-223.1067,5.0299344,1092.9481,44.480892,-81.76561,1366.4595,-147.23042,-371.6572,1372.6003,-220.35211,-566.05438,1510.5431,-213.41756,89.443748,1364.8112,-138.00935,387.45267,1379.6039,-180.76303,598.79669,1463.4441,-125.68258
648,6.47,13.357033,1342.9775,-222.70329,5.1942768,1092.6219,44.404732,-82.403465,1366.0559,-146.81407,-374.97992,1361.9589,-219.69443,-574.89331,1491.807,-212.85464,90.770157,1364.3844,-137.12556,390.85294,1367.6899,-179.73285,604.99426,1443.1614,-125.24223
649,6.48,13.078442,1343.0376,-222.25192,5.4431472,1092.2537,44.323925,-82.812653,1365.7255,-146.16409,-377.84341,1350.8901,-217.8615,-582.89056,1472.4766,-211.81168,91.949402,1364.0192,-136.52609,393.78824,1355.6306,-178.83635,610.3476,1422.3958,-124.65502
650,6.49,12.945436,1343.1008,-221.91345,5.7733011,1091.8864,44.283073,-83.455765,1365.4333,-145.30045,-380.28568,1339.9451,-217.06538,-590.05658,1452.6947,-210.86227,93.119614,1363.5327,-136.02515,396.26273,1343.9421,-178.58911,614.95178,1401.2087,-123.95864
651,6.5,12.837951,1343.2317,-221.43179,6.1566029,1091.53,44.331879,-84.142662,1365.0712,-144.16907,-382.0473,1329.1852,-216.18857,-596.44891,1432.4312,-209.94383,94.332497,1363.0336,-135.58963,398.29535,1332.1263,-177.47169,618.87683,1379.7689,-123.03387
652,6.51,12.770552,1343.3077,-221.01462,6.6113672,1091.1929,44.279335,-84.887909,1364.6895,-143.25684,-383.15781,1318.7581,-215.23338,-601.92279,1411.788,-209.1763,95.601608,1362.6389,-135.12833,399.81619,1320.4843,-176.32834,621.96991,1358.0847,-121.64811
653,6.52,12.773239,1343.3198,-220.68405,7.0851879,1090.8369,44.324226,-85.636475,1364.1875,-142.27736,-383.55573,1308.5933,-214.22867,-606.44489,1390.8247,-208.20151,96.911682,1362.2404,-134.74374,400.86432,1308.7122,-175.30855,624.25018,1336.254,-119.97526
654,6.53,12.734979,1343.3219,-220.29811,7.5215225,1090.4319,44.221066,-86.42749,1363.6864,-141.41171,-383.53622,1298.3904,-213.17827,-609.97699,1369.9839,-207.57451,98.288101,1361.7223,-134.34117,401.46191,1296.6084,-174.31825,625.54755,1314.2975,-118.3745
655,6.54,12.650779,1343.2924,-219.83301,7.9926944,1090.0153,44.192619,-87.160294,1363.2408,-140.6604,-383.18866,1287.4498,-211.2606,-612.50671,1349.2903,-205.97038,99.746559,1361.0913,-134.02606,401.57336,1284.1289,-173.36058,625.84595,1292.2954,-116.76426
656,6.55,12.677649,1343.2554,-219.41956,8.4119301,1089.5951,44.136246,-87.818123,1362.7373,-139.88788,-382.65457,1276.2078,-210.1282,-614.15454,1328.6703,-204.75179,101.25787,1360.1746,-133.72922,401.19989,1271.3816,-172.63101,625.1012,1270.2405,-115.33949
657,6.56,12.544848,1343.5098,-218.78407,8.7728148,1089.2239,44.023319,-88.475105,1362.2286,-139.21696,-381.7702,1264.5198,-208.78851,-614.85193,1308.1322,-203.39603,102.77528,1359.1271,-133.20189,400.29489,1258.6479,-171.88335,623.45593,1248.1179,-114.06213
658,6.57,12.6813,1343.4493,-218.43463,9.0788202,1088.8372,43.944672,-89.375389,1361.3866,-137.47533,-380.60248,1252.9303,-207.34436,-614.76147,1287.5485,-202.45892,104.28903,1358.0919,-132.73122,398.91669,1246.0298,-171.14333,621.01117,1225.9874,-112.70603
659,6.58,12.826621,1343.4727,-218.10513,9.3102503,1088.4375,43.856445,-90.308258,1360.5535,-136.69675,-378.91684,1241.6667,-205.73076,-613.95374,1267.024,-201.48546,105.7466,1357.3341,-132.36958,397.1911,1233.7028,-170.33536,617.77893,1203.9406,-111.36801
660,6.59,12.917197,1343.3915,-217.74562,9.4821434,1088.0457,43.877712,-91.260788,1359.6954,-136.23042,-376.77518,1230.9225,-204.14961,-612.44641,1246.5155,-200.12416,107.29558,1356.6987,-132.12354,395.00989,1221.545,-169.54652,613.77081,1181.9067,-110.01987
661,6.6,12.945003,1343.2495,-217.30963,9.6632309,1087.6091,43.775997,-92.231689,1358.8588,-135.81851,-374.23193,1220.5773,-202.77354,-610.11646,1226.2484,-198.36934,108.9137,1356.014,-132.01015,392.4458,1209.4318,-168.90965,608.81604,1160.0171,-108.77107
662,6.61,12.994861,1343.1107,-216.9178,9.7826519,1087.1656,43.8512,-93.175018,1358.166,-135.57077,-371.36105,1210.4054,-201.52284,-607.03296,1206.1882,-196.02826,110.71159,1355.2909,-131.92175,389.36646,1197.397,-168.46596,602.92999,1138.2555,-107.7257
663,6.62,13.086331,1342.9219,-216.4628,9.891221,1086.7554,43.835842,-94.045624,1357.4849,-135.31558,-368.02225,1200.2449,-200.29221,-603.12207,1186.4817,-193.57585,112.80051,1354.3877,-131.8456,385.7334,1185.547,-168.15186,596.04517,1116.8105,-107.08779
664,6.63,13.334061,1342.7089,-216.06868,9.9633827,1086.3405,43.885578,-94.819542,1356.8416,-135.14072,-364.2868,1190.1287,-199.22357,-598.33917,1166.915,-190.90033,115.21819,1353.2524,-131.73911,381.58588,1173.9576,-167.90591,588.35492,1095.6572,-106.79511
665,6.64,13.70065,1342.4976,-215.59409,9.9467602,1085.9423,43.945827,-95.597267,1356.182,-134.95102,-360.17255,1180.2651,-198.23541,-592.81958,1147.536,-188.23445,117.72808,1352.0549,-131.54941,377.00323,1162.4187,-167.48064,579.8877,1074.9795,-106.71603
666,6.65,14.100801,1342.3671,-215.2148,9.9849157,1085.6436,44.091095,-96.402031,1355.3977,-134.51158,-355.70273,1170.6666,-197.0685,-586.60748,1128.3823,-185.65741,120.26611,1350.7135,-131.22708,371.98413,1151.014,-167.17543,570.78284,1054.8223,-106.72633
667,6.66,14.488496,1342.3387,-214.87175,9.97859,1085.3419,44.38414,-97.227539,1354.6766,-134.12111,-351.08344,1161.4832,-196.02054,-579.7973,1109.4673,-183.19067,122.75909,1349.3127,-130.84299,366.65372,1139.7571,-167.02429,560.95313,1035.1624,-106.84795
668,6.67,14.856367,1342.3204,-214.45177,9.9713984,1085.1023,44.789684,-98.21418,1353.8949,-133.85692,-346.23444,1152.4911,-194.78082,-572.40033,1090.9003,-180.47574,125.0806,1347.8763,-130.44452,360.86722,1128.7638,-167.04108,550.45801,1016.1157,-107.05231
669,6.68,15.302897,1342.2792,-213.93553,9.9595308,1084.8428,45.207962,-99.259628,1353.0834,-133.66057,-341.28409,1143.687,-193.65724,-564.4184,1072.8219,-177.72693,127.13854,1346.3661,-129.9742,354.77734,1118.0956,-167.00645,539.26337,997.66583,-107.42117
670,6.69,15.80498,1342.2551,-213.45561,9.9598093,1084.6285,45.527023,-100.40798,1352.274,-133.43558,-336.06595,1135.037,-192.6703,-555.80267,1055.1971,-174.8701,129.07768,1344.6847,-129.43892,348.43607,1107.9766,-167.11951,527.49713,979.82513,-107.88067
671,6.7,16.330185,1342.2158,-212.96114,9.9644852,1084.4312,45.776524,-101.65697,1351.5356,-133.60663,-330.52097,1126.4447,-191.68294,-546.59692,1038.1071,-171.96118,131.09813,1342.8624,-128.72025,341.97919,1098.432,-167.28624,515.25183,962.62592,-108.43221
672,6.71,16.907314,1342.0951,-212.36694,9.9199257,1084.2262,45.985798,-102.90931,1350.6416,-133.30836,-324.69339,1117.9965,-190.59732,-536.83368,1021.4889,-169.228,133.04996,1341.1753,-128.06895,335.72159,1089.6565,-167.69882,502.5184,946.08313,-108.9377
673,6.72,17.409458,1342.0253,-211.89636,9.8736792,1084.0686,46.182476,-104.31045,1349.7584,-133.33093,-318.66199,1109.8645,-189.58633,-526.62189,1005.3419,-166.57938,134.88228,1339.7352,-127.62742,328.8736,1080.8888,-167.50484,489.28156,930.2674,-109.41409
674,6.73,18.008013,1341.9727,-211.51059,9.7813692,1083.9093,46.360806,-105.72897,1348.7727,-133.18173,-312.47043,1102.0802,-188.54361,-515.97308,989.75012,-164.25447,136.59604,1338.4059,-127.22893,322.06946,1072.8384,-167.70709,475.63068,915.22913,-109.73785
675,6.74,18.506119,1341.9915,-211.36192,9.7074499,1083.7623,46.546967,-107.11327,1347.801,-133.00793,-306.13474,1094.658,-187.55167,-505.03183,974.62579,-161.86006,138.03966,1337.1788,-126.96984,315.04938,1065.2,-167.86481,461.48938,901.05408,-110.08753
676,6.75,18.836464,1342.0698,-211.40196,9.6488876,1083.5939,46.751057,-108.44855,1346.9095,-132.614,-299.77948,1087.5745,-186.58502,-493.76624,960.0946,-159.64922,139.1877,1336.0244,-126.85099,308.21185,1058.3115,-168.38499,447.31561,887.93164,-110.81966
677,6.76,18.990822,1342.1024,-211.35709,9.6039915,1083.3972,46.966042,-109.55987,1346.1542,-132.13385,-293.36032,1080.8962,-185.76912,-482.12994,946.20911,-157.63441,140.09866,1334.8109,-126.83704,300.94012,1051.661,-168.15533,433.07056,875.77332,-111.63125
678,6.77,18.988161,1341.9519,-211.25822,9.5777302,1083.256,47.142097,-110.46495,1345.4354,-131.98563,-286.92981,1074.5605,-184.99011,-470.20837,932.8407,-155.56071,140.85909,1333.7968,-126.87324,294.24878,1045.8302,-168.55275,418.92972,864.62854,-112.58698
679,6.78,18.971478,1341.8497,-211.28156,9.6181545,1083.1183,47.289291,-111.34629,1344.6644,-131.832,-280.47086,1068.6614,-184.25526,-458.06024,920.23529,-153.86433,141.49126,1332.9425,-126.96581,287.41214,1040.3492,-168.54144,405.04654,854.44574,-113.51205
680,6.79,19.033134,1341.8978,-211.57487,9.6977358,1082.9712,47.450344,-112.17056,1343.8834,-131.54652,-274.03375,1063.1589,-183.56482,-445.42438,908.19519,-152.61583,142.07504,1332.3293,-127.09022,280.61615,1035.3263,-168.48558,391.46024,845.29315,-114.30562
681,6.8,18.959339,1341.7261,-211.54324,9.8064604,1082.9613,47.635952,-112.91979,1343.13,-131.52339,-267.595,1057.9771,-182.81726,-432.8356,896.81366,-150.71753,142.60658,1331.9219,-127.24262,273.89453,1030.853,-168.42891,378.17258,837.14941,-114.86298
682,6.81,18.962042,1341.6128,-211.65962,9.9998951,1082.9388,47.82074,-113.60058,1342.3761,-131.58911,-261.27017,1053.2777,-182.18878,-420.53079,886.40344,-149.25867,143.0957,1331.6335,-127.38337,267.48566,1027.1036,-168.4577,365.23691,830.01306,-115.36469
683,6.82,18.888205,1341.4758,-211.57991,10.195228,1082.9087,47.998405,-114.29283,1341.6814,-131.52415,-255.08073,1048.8962,-181.59621,-408.40311,876.86127,-147.85022,143.45084,1331.3374,-127.47643,261.66183,1024.0101,-168.32008,352.76755,823.64221,-115.67416
684,6.83,18.921867,1341.5715,-211.81311,10.421108,1082.9203,48.174549,-114.96928,1341.1189,-131.45206,-249.03076,1044.9327,-181.00958,-396.48651,868.10175,-146.32562,143.70766,1330.9889,-127.46853,256.49881,1021.3083,-168.02277,341.07446,818.09637,-115.6544
685,6.84,18.906837,1341.6005,-211.82002,10.613743,1082.9702,48.304932,-115.60558,1340.6583,-131.58226,-243.14099,1041.3721,-180.5226,-384.75528,860.08289,-144.54652,144.00214,1330.7197,-127.47714,251.95547,1018.8677,-167.5623,330.24591,813.10559,-115.47119
686,6.85,18.960104,1341.6541,-211.94394,10.755772,1083.0311,48.388824,-116.21211,1340.3236,-131.64912,-237.63953,1038.3143,-180.05016,-373.26807,852.79529,-142.76169,144.29472,1330.5111,-127.42183,247.65855,1016.6702,-167.07436,320.45743,808.83557,-115.05692
687,6.86,18.98527,1341.681,-212.08081,10.772019,1083.0986,48.504082,-116.73138,1340.0438,-131.7917,-232.43877,1035.65,-179.53714,-362.17319,846.31165,-141.03432,144.567,1330.451,-127.27931,243.73969,1014.7753,-166.57582,311.65033,805.24683,-114.53064
688,6.87,18.913374,1341.5002,-211.86491,10.735459,1083.1296,48.53989,-117.2427,1339.8494,-131.80371,-227.57988,1033.3607,-179.02571,-351.61072,840.30396,-138.48553,144.79497,1330.4985,-127.07185,240.16138,1013.1788,-166.11397,303.78778,802.39404,-114.00839
689,6.88,18.941431,1341.5583,-212.0518,10.636182,1083.1968,48.617432,-117.74759,1339.7177,-131.86957,-223.13045,1031.4285,-178.41496,-341.33942,834.99054,-136.59483,145.01779,1330.6696,-126.8258,237.14734,1011.9848,-165.58403,296.74945,800.02582,-113.40887
690,6.89,18.960302,1341.5767,-212.07599,10.467839,1083.2419,48.667053,-118.19665,1339.5355,-131.78476,-219.12863,1029.7848,-177.79765,-331.60367,830.34039,-134.76997,145.18155,1330.9016,-126.48917,234.79562,1011.1673,-164.91486,290.60638,798.20074,-112.73947
691,6.9,18.991386,1341.6565,-212.15378,10.216744,1083.2444,48.57412,-118.58179,1339.3253,-131.7632,-215.47536,1028.3877,-177.12363,-322.64655,826.18512,-132.90939,145.34961,1331.0945,-126.10617,233.11292,1010.4439,-163.9073,285.30731,796.69781,-111.88659
692,6.91,19.007679,1341.6713,-212.04906,9.9623384,1083.2346,48.521111,-118.96149,1339.1293,-131.84932,-212.19191,1027.1364,-176.52017,-314.47421,822.58948,-131.08707,145.4705,1331.3119,-125.64677,231.93765,1009.9404,-162.90158,280.85599,795.44824,-110.75795
693,6.92,19.103945,1341.6649,-211.95535,9.6828403,1083.2297,48.430332,-119.33408,1338.955,-131.91824,-209.21971,1025.9437,-175.87962,-307.13245,819.46545,-129.02133,145.57108,1331.4922,-125.05968,231.2812,1009.4182,-161.8053,277.22095,794.45831,-109.29235
694,6.93,19.182898,1341.7039,-211.89128,9.3852072,1083.205,48.290367,-119.71986,1338.8201,-132.02995,-206.53508,1024.8676,-175.26758,-300.67892,816.86658,-126.99513,145.67879,1331.7234,-124.39438,231.07799,1008.9279,-160.61757,274.36163,793.71985,-107.51337
695,6.94,19.256187,1341.7283,-211.90892,9.1826706,1083.1967,48.147526,-120.03545,1338.6266,-132.09982,-204.24486,1023.9688,-174.6823,-295.20883,814.77484,-125.11453,145.67407,1332.006,-123.77452,231.2494,1008.4836,-159.28629,272.1235,793.13562,-105.52519
696,6.95,19.300117,1341.693,-211.83495,8.9787321,1083.1636,47.970852,-120.27417,1338.3927,-132.27388,-202.47066,1023.2075,-174.12796,-290.81656,813.11615,-123.27098,145.60654,1332.3385,-123.13912,231.78865,1008.1687,-157.85092,270.25519,792.67151,-103.18033
697,6.96,19.325865,1341.6151,-211.63599,8.8528509,1083.1245,47.817711,-120.47841,1338.105,-132.44463,-201.32875,1022.6003,-173.6021,-287.56787,811.83752,-121.76307,145.54192,1332.6832,-122.47337,232.77345,1008.013,-156.43762,268.63425,792.30914,-100.79014
698,6.97,19.551212,1341.8307,-211.8661,8.7451239,1083.0735,47.626637,-120.58043,1337.809,-132.63316,-200.68985,1022.114,-173.1432,-285.55145,810.90533,-120.24143,145.47443,1332.9486,-121.74799,233.98982,1007.9244,-155.08955,266.90439,792.30762,-98.113396
699,6.98,19.68137,1341.8596,-211.7753,8.7118578,1082.9498,47.520996,-120.64351,1337.4639,-132.72987,-200.52754,1021.7581,-172.71394,-284.80997,810.35663,-118.98444,145.49393,1333.192,-121.10673,235.25818,1007.913,-153.91144,265.85785,792.2193,-95.615562
700,6.99,19.789396,1341.8521,-211.57668,8.7441883,1082.8292,47.337429,-120.59967,1337.1544,-132.76559,-200.92854,1021.6448,-172.26811,-285.48068,810.30804,-117.93982,145.51344,1333.4221,-120.55888,236.41168,1007.9355,-152.78888,265.12216,792.15289,-93.140358
701,7.0,19.976479,1341.8827,-211.47153,8.8003721,1082.6879,47.250877,-120.46861,1336.902,-132.71651,-201.99657,1021.7426,-171.9052,-287.52582,810.82227,-117.24834,145.58005,1333.5468,-120.02383,237.49245,1008.028,-151.89848,264.61685,792.09467,-90.745285
702,7.01,20.150633,1341.8108,-211.33279,8.9301033,1082.4664,47.057808,-120.22878,1336.7404,-132.50879,-203.75493,1022.1975,-171.59775,-291.01172,811.95239,-116.62015,145.63708,1333.632,-119.59674,238.68849,1008.0543,-150.85863,264.4158,791.93585,-88.320618
703,7.02,20.303137,1341.6476,-211.17892,9.072113,1082.2787,46.914413,-119.87434,1336.7534,-132.41002,-206.20898,1023.0511,-171.4259,-296.01059,813.85797,-116.51868,145.72325,1333.6576,-119.14487,240.05559,1008.0485,-149.74696,264.34515,791.75928,-85.902191
704,7.03,20.32679,1341.1593,-210.54773,9.2938929,1082.0022,46.734055,-119.36392,1336.8522,-132.1158,-209.39769,1024.3671,-171.32875,-302.52597,816.52307,-116.70688,145.83012,1333.6045,-118.82585,241.60132,1007.9991,-148.44884,264.3884,791.59918,-83.522125
705,7.04,20.610882,1340.9902,-210.40541,9.564415,1081.7496,46.615818,-118.68955,1337.1119,-131.79182,-213.34962,1026.1534,-171.39705,-310.54095,820.11786,-117.33626,146.02795,1333.4696,-118.61964,243.27136,1007.8854,-147.14709,264.64191,791.43353,-81.266518
706,7.05,21.002279,1340.8038,-210.1823,9.8273811,1081.4675,46.47966,-117.85928,1337.5427,-131.35583,-217.9482,1028.5369,-171.5406,-320.0621,824.75818,-118.57448,146.32167,1333.2345,-118.44312,244.86913,1007.7059,-145.963,265.19409,791.29944,-79.355721
707,7.06,21.560995,1340.6467,-210.07201,10.153975,1081.2316,46.394627,-116.84805,1338.129,-130.95651,-223.16321,1031.4287,-171.84706,-331.05115,830.40411,-119.91435,146.77205,1332.9388,-118.2675,246.31813,1007.3217,-144.82036,266.07532,791.091,-77.603065
708,7.07,22.329145,1340.5765,-210.01491,10.40304,1081.0203,46.359707,-115.67889,1338.8693,-130.77155,-229.07805,1034.8801,-172.28984,-343.54071,837.31598,-121.56337,147.40288,1332.5508,-118.09905,247.56616,1006.826,-143.93277,267.28024,790.83917,-76.090271
709,7.08,23.139574,1340.4941,-209.86823,10.741575,1080.8915,46.304199,-114.35371,1339.7542,-130.60612,-235.5766,1039.0098,-172.92239,-357.34518,845.55719,-123.20889,148.16197,1332.0818,-117.94115,248.57845,1006.3281,-143.23251,268.60214,790.52509,-74.593323
710,7.09,24.163948,1340.4843,-209.73013,11.054023,1080.8315,46.261108,-112.82867,1340.8036,-130.34468,-242.80444,1043.902,-173.70949,-372.46201,855.3045,-124.75758,149.00815,1331.5679,-117.76455,249.60956,1005.7786,-142.54803,269.99249,790.11829,-73.258339
711,7.1,25.367788,1340.4302,-209.53014,11.438786,1080.8274,46.229607,-111.18413,1342.0237,-130.32616,-250.66304,1049.6047,-174.59587,-388.67328,866.81537,-126.8869,149.9464,1331.0436,-117.49738,250.63646,1005.1281,-141.88454,271.23499,789.71252,-71.896194
712,7.11,26.920328,1340.6635,-209.65776,11.754679,1080.8257,46.237759,-109.34332,1343.3195,-130.44896,-259.0759,1056.2266,-175.66458,-405.80896,880.14941,-129.11911,150.97569,1330.5841,-117.22009,251.69855,1004.5944,-141.21405,272.26593,789.31769,-70.637245
713,7.12,28.347082,1340.6006,-209.35922,12.079701,1080.8705,46.261166,-107.23647,1344.6835,-130.71317,-267.9465,1063.7944,-176.85738,-423.65076,895.27887,-131.50804,152.07983,1330.1575,-116.84767,252.73761,1003.9955,-140.51544,273.03662,788.93658,-69.43483
714,7.13,29.963919,1340.6261,-209.21205,12.422135,1080.9061,46.275768,-104.90082,1345.9674,-131.2121,-277.1431,1072.2749,-178.11728,-441.99246,912.3819,-134.02174,153.21652,1329.755,-116.4863,253.52681,1003.546,-139.925,273.57758,788.58264,-68.301414
715,7.14,31.357883,1340.2399,-208.4696,12.766557,1081.0266,46.279007,-102.41716,1347.1755,-131.6055,-286.52374,1081.5807,-179.37514,-460.60287,931.37366,-136.4243,154.35944,1329.4059,-116.10937,254.30939,1003.1121,-139.29044,273.8425,788.24353,-67.255737
716,7.15,33.178246,1340.5601,-208.89406,13.144284,1081.1593,46.295006,-99.884048,1348.4049,-132.30545,-296.08673,1091.8489,-180.75809,-479.13666,952.35284,-139.07684,155.48102,1329.0908,-115.78191,254.83147,1002.7703,-138.80116,273.86746,787.82544,-66.129097
717,7.16,34.822895,1340.5178,-208.77586,13.474669,1081.3055,46.316547,-97.293945,1349.4955,-132.84798,-305.61661,1102.9915,-182.19023,-497.38574,975.3797,-141.70639,156.60503,1328.7948,-115.39715,255.56711,1002.2756,-138.02164,273.69211,787.34113,-65.175697
718,7.17,36.418747,1340.4088,-208.59462,13.77184,1081.5039,46.378159,-94.741882,1350.5833,-133.68837,-315.0307,1115.1155,-183.67409,-515.03998,1000.2998,-144.19417,157.67963,1328.5122,-115.13017,256.23581,1001.7761,-137.13062,273.34167,786.83203,-64.275101
719,7.18,37.860474,1340.3362,-208.4774,14.066935,1081.7203,46.345684,-92.156334,1351.5988,-134.46286,-324.22705,1128.1721,-185.0018,-531.84674,1027.2285,-146.92659,158.7066,1328.1958,-114.76151,256.59369,1001.4357,-136.33633,272.81207,786.26294,-63.455978
720,7.19,39.14925,1340.2538,-208.37903,14.274624,1081.9877,46.389072,-89.626625,1352.5819,-135.14807,-333.09259,1142.2727,-186.41985,-547.29675,1055.7927,-149.49142,159.56941,1327.9146,-114.48044,257.08179,1001.011,-135.40927,272.19614,785.75269,-62.794937
721,7.2,40.338848,1340.1898,-208.36702,14.392183,1082.2716,46.367569,-87.26368,1353.5861,-135.62445,-341.4169,1157.2743,-187.79697,-561.21246,1085.7767,-151.56863,160.35881,1327.6814,-114.19403,257.31207,1000.6603,-134.51024,271.5871,785.28839,-62.107307
722,7.21,41.408047,1340.1552,-208.46252,14.419335,1082.5436,46.396137,-85.202759,1354.6644,-136.5106,-349.0921,1173.1732,-189.17117,-573.5199,1117.2344,-153.69305,161.02724,1327.4547,-113.95457,257.17975,1000.4587,-133.84726,271.01752,784.84955,-61.430202
723,7.22,42.383911,1340.1012,-208.51202,14.350082,1082.8184,46.402725,-83.212189,1355.7997,-137.24623,-356.04797,1189.7474,-190.40628,-583.98004,1149.9039,-155.93115,161.58458,1327.2821,-113.8542,257.30002,1000.1276,-133.07405,270.42188,784.5177,-60.819687
724,7.23,42.954365,1339.6473,-207.95268,14.210896,1083.1953,46.364632,-81.41523,1356.8967,-138.22188,-362.06314,1206.8975,-191.58931,-592.51373,1183.415,-157.94987,162.04555,1327.0911,-113.81802,257.01556,999.93256,-132.41739,269.918,784.24231,-60.256973
725,7.24,43.794422,1339.8854,-208.58798,13.909492,1083.5227,46.370197,-79.745583,1357.917,-138.50436,-367.17612,1224.5216,-192.78287,-598.83966,1217.6581,-159.88603,162.34595,1326.9064,-113.84156,256.79541,999.71149,-131.7677,269.41068,783.99402,-59.649628
726,7.25,44.233925,1339.7892,-208.59901,13.512683,1083.9324,46.358078,-78.33226,1359.0481,-139.42728,-371.16779,1242.4871,-193.87859,-603.02393,1252.3192,-161.78625,162.53122,1326.7397,-113.98135,256.45679,999.50372,-131.24593,269.0271,783.88232,-59.015099
727,7.26,44.470875,1339.7357,-208.85455,13.029653,1084.3829,46.430286,-77.066765,1360.0404,-139.69415,-374.18738,1260.7471,-194.95982,-604.89417,1287.1027,-163.28961,162.53271,1326.5844,-114.20028,256.17386,999.23511,-130.72801,268.6861,783.85858,-58.359718
728,7.27,44.510502,1339.6305,-209.12146,12.454756,1084.9231,46.468533,-75.73941,1361.5242,-141.35274,-376.12585,1279.2166,-196.02229,-604.66107,1321.8177,-164.62526,162.45764,1326.4868,-114.53406,255.41859,999.13464,-130.55481,268.40274,783.88757,-57.665321
729,7.28,44.446163,1339.4554,-209.35292,11.879677,1085.4634,46.530697,-74.631485,1362.5616,-141.84508,-376.87384,1297.7428,-197.02892,-602.07306,1356.2507,-165.7533,162.26071,1326.3916,-114.88848,254.92696,998.95819,-130.2299,268.21268,783.9834,-57.037815
730,7.29,44.34304,1339.3383,-209.73653,11.218518,1085.9717,46.611416,-73.51165,1363.726,-142.49358,-376.49268,1316.3455,-198.72911,-597.40479,1390.1328,-166.39012,161.98557,1326.3217,-115.29627,254.07372,998.93457,-130.09341,268.03851,784.14972,-56.345131
731,7.3,44.169346,1339.1353,-209.83034,10.488481,1086.4635,46.637318,-72.441353,1364.8898,-142.91064,-374.99561,1334.4885,-199.75706,-590.70148,1422.8676,-166.32071,161.57561,1326.2196,-115.76035,253.46935,998.76056,-129.7773,267.94925,784.40216,-55.559864
732,7.31,43.912651,1339.0148,-209.94829,9.8254776,1087.0083,46.592098,-71.341255,1366.079,-143.41812,-372.40573,1352.0867,-200.55519,-582.00916,1454.7096,-167.05855,161.08237,1326.114,-116.17493,252.68069,998.64722,-129.53526,267.85977,784.68286,-54.82597
733,7.32,43.517635,1339.0249,-210.32669,9.0655518,1087.5076,46.743828,-70.534744,1367.0619,-142.92838,-368.91501,1369.2435,-201.38531,-571.50952,1485.3477,-167.72456,160.50984,1325.9801,-116.65964,251.85294,998.58752,-129.2323,267.82129,785.00751,-54.063259
734,7.33,43.095734,1339.1622,-210.68285,8.2451162,1087.92,46.882416,-69.656212,1368.1605,-143.35069,-364.45731,1385.9119,-202.63013,-559.48975,1514.6147,-168.40939,159.88504,1325.8413,-117.18653,250.89577,998.56989,-128.99266,267.68207,785.29883,-53.34626
735,7.34,42.532047,1339.2773,-211.03526,7.4993687,1088.2642,47.071304,-68.878044,1369.2211,-143.73193,-359.29218,1401.5308,-202.9805,-546.11981,1542.4658,-169.35408,159.19957,1325.7234,-117.71022,250.16248,998.45935,-128.57855,267.43988,785.60571,-52.46262
736,7.35,41.851124,1339.4178,-211.41841,6.7152963,1088.5995,47.171772,-68.269508,1370.1237,-144.18379,-353.55386,1416.6189,-203.10124,-531.42145,1568.6011,-169.62839,158.44807,1325.6,-118.20763,249.1339,998.48126,-128.42448,267.23547,785.87891,-51.739933
737,7.36,41.12722,1339.5327,-211.87082,5.9431119,1088.9205,47.215858,-67.603477,1370.9513,-144.57169,-347.09573,1430.7037,-203.56628,-515.69354,1593.2177,-170.00977,157.65297,1325.4647,-118.74487,248.39214,998.35406,-128.08055,266.92633,786.1546,-50.983646
738,7.37,40.444695,1339.5657,-212.19583,5.233707,1089.2092,47.236832,-66.950417,1371.7476,-144.95309,-340.19855,1443.9939,-203.90082,-498.92874,1616.2343,-170.18144,156.82343,1325.379,-119.28928,247.37144,998.36731,-127.94515,266.55896,786.42395,-50.1227
739,7.38,39.640091,1339.5691,-212.55363,4.4823432,1089.4744,47.257202,-66.282928,1372.4717,-145.41489,-332.74103,1456.5343,-204.34637,-481.43008,1637.579,-170.19664,156.00851,1325.2864,-119.83929,246.71704,998.25336,-127.62168,266.09113,786.65314,-49.388
740,7.39,38.923073,1339.5583,-212.83879,3.7954595,1089.6675,47.240139,-65.744987,1373.1266,-145.76071,-324.94452,1468.3209,-204.88068,-463.38394,1657.2083,-169.94247,155.16559,1325.2058,-120.29442,245.86806,998.21973,-127.4369,265.57135,786.83887,-48.58823
741,7.4,38.190361,1339.5177,-213.09898,3.1303766,1089.85,47.259644,-65.454254,1373.6233,-146.12679,-316.84116,1479.3678,-205.27338,-444.95581,1675.2428,-169.50829,154.37308,1325.1089,-120.62415,244.92752,998.2431,-127.23267,264.95453,786.97504,-47.869686
742,7.41,37.411327,1339.5095,-213.30455,2.4874756,1090.0212,47.241493,-64.926369,1374.1954,-146.4787,-308.47165,1489.595,-205.22768,-426.28894,1691.7738,-168.79179,153.56874,1325.0341,-120.94696,244.33891,998.13708,-126.87215,264.25806,787.1236,-47.151222
743,7.42,36.652485,1339.5344,-213.51279,1.7590398,1090.187,47.179874,-64.129959,1374.7543,-146.90421,-299.85028,1499.198,-205.19933,-407.35776,1706.8159,-168.02766,152.71432,1324.9893,-121.2029,243.40466,998.23157,-126.74883,263.51169,787.2785,-46.540085
744,7.43,35.855408,1339.5813,-213.77695,1.0915532,1090.332,47.167553,-63.098595,1375.2146,-147.26686,-291.1069,1507.9597,-205.13954,-388.33313,1720.4515,-167.17728,151.90828,1324.9756,-121.3885,242.58943,998.27136,-126.50732,262.82721,787.41907,-45.996105
745,7.44,35.205555,1339.6637,-213.97304,0.30505863,1090.4645,47.075848,-62.191566,1375.6322,-147.75945,-282.30243,1515.6274,-204.42628,-369.46658,1732.7236,-166.16101,151.09543,1324.9568,-121.60041,241.98615,998.28284,-126.17627,262.11234,787.57086,-45.519295
746,7.45,34.572739,1339.6991,-214.18808,-0.42201227,1090.598,47.016251,-61.282829,1376.1172,-148.37061,-273.74774,1522.8927,-204.57167,-350.57895,1743.6493,-165.30391,150.28497,1324.9637,-121.7188,241.06885,998.48688,-125.9394,261.32242,787.73688,-45.086475
747,7.46,34.029247,1339.6954,-214.41792,-1.205911,1090.8011,47.047623,-60.317478,1376.5616,-149.1512,-265.48584,1529.2445,-204.47534,-331.84079,1753.3544,-164.68549,149.50934,1324.9561,-121.81984,240.49153,998.54181,-125.47617,260.57114,787.87299,-44.736355
748,7.47,33.549427,1339.6747,-214.65079,-2.0392537,1090.9802,46.957035,-59.255314,1376.9797,-150.04349,-257.67935,1535.0529,-204.95042,-313.62228,1761.9097,-164.08707,148.76685,1324.9656,-121.94783,239.57971,998.71075,-125.26881,259.78568,787.95166,-44.389942
749,7.48,33.124317,1339.6118,-214.89494,-2.9267762,1091.1538,46.97118,-58.277901,1377.3306,-150.94167,-250.44864,1539.4958,-203.9902,-295.69583,1769.3835,-164.02686,148.05824,1324.9164,-122.05949,238.8786,998.77167,-124.93125,259.03378,787.97662,-44.087132
750,7.49,32.695984,1339.4951,-215.14873,-3.8730009,1091.3635,46.968109,-57.177967,1377.5037,-151.86815,-243.49901,1543.9425,-204.32747,-278.26941,1775.8195,-164.27788,147.42749,1324.8412,-122.12841,238.38712,998.6687,-124.53613,258.34113,787.96918,-43.920383
751,7.5,32.285107,1339.3447,-215.45334,-4.763618,1091.6127,46.871925,-56.236599,1377.6101,-152.86826,-236.93851,1547.5138,-203.70009,-261.52441,1781.3057,-164.42244,146.81596,1324.7684,-122.23071,237.49773,998.69562,-124.39742,257.64716,787.87292,-43.735722
752,7.51,31.911709,1339.1654,-215.73268,-5.6567793,1091.8452,46.790466,-55.335293,1377.5891,-153.78235,-230.58644,1550.7628,-202.83511,-245.52563,1785.8772,-164.48747,146.25941,1324.6321,-122.37458,236.89746,998.60284,-124.1475,256.94247,787.71136,-43.611385
753,7.52,31.532846,1338.927,-216.06909,-6.4777598,1092.0265,46.645386,-54.382847,1377.5389,-154.63542,-224.16745,1553.8079,-201.90463,-230.19719,1789.689,-164.35896,145.75671,1324.4996,-122.50388,236.31233,998.47296,-123.90825,256.23709,787.52277,-43.417194
754,7.53,31.245817,1338.6104,-216.35938,-7.2365165,1092.187,46.554695,-53.550316,1377.5709,-155.63052,-218.0731,1556.6932,-200.1131,-215.69141,1792.7813,-163.66119,145.3448,1324.3669,-122.7009,235.99031,998.23749,-123.56963,255.51137,787.30853,-43.288082
755,7.54,31.042889,1338.2898,-216.70403,-7.9297891,1092.3167,46.423725,-52.240009,1377.9468,-157.03278,-212.29349,1559.2146,-198.91148,-201.90154,1795.308,-162.70386,145.00586,1324.2266,-122.8785,235.49156,998.06494,-123.40086,254.74149,787.08447,-43.153149
756,7.55,30.855749,1338.025,-217.16232,-8.5712852,1092.4226,46.329639,-51.395672,1378.0658,-158.00522,-206.26941,1561.8357,-197.9604,-188.98737,1797.3098,-161.68044,144.74629,1324.0709,-123.13216,234.99226,997.84924,-123.26801,253.96812,786.88416,-42.996159
757,7.56,30.822605,1337.7816,-217.55882,-9.0846109,1092.5488,46.215385,-50.559383,1378.0529,-158.49181,-201.22917,1563.8569,-196.78284,-176.92067,1798.8892,-160.76257,144.56609,1323.9205,-123.39218,234.49718,997.63062,-123.25624,253.22192,786.64526,-42.885052
758,7.57,30.870991,1337.5665,-217.90472,-9.5913496,1092.6917,46.126099,-49.791294,1378.1257,-159.03503,-196.17853,1565.8982,-196.36417,-165.74559,1800.0509,-159.66475,144.47816,1323.776,-123.62209,234.06151,997.36932,-123.21882,252.49707,786.42181,-42.803349
759,7.58,30.97646,1337.4539,-218.18477,-10.01405,1092.8688,46.035397,-49.196594,1378.2798,-159.60512,-191.91528,1567.2832,-195.81689,-155.73262,1800.8402,-158.70473,144.51125,1323.6238,-123.90909,233.42661,997.19489,-123.31914,251.72108,786.12524,-42.777649
760,7.59,31.125849,1337.3567,-218.49954,-10.361859,1093.0956,45.959404,-48.473915,1378.2657,-159.84053,-187.89594,1568.6127,-195.69931,-146.63394,1801.3536,-157.56001,144.64078,1323.4802,-124.21864,233.08472,996.93689,-123.32949,251.01051,785.84631,-42.698616
761,7.6,31.335096,1337.2668,-218.73772,-10.625811,1093.3021,45.890583,-47.706501,1377.9315,-159.41489,-184.20663,1569.6484,-195.7415,-138.77753,1801.6548,-156.42696,144.82462,1323.3772,-124.52949,232.72972,996.64789,-123.40749,250.22858,785.60834,-42.6586
762,7.61,31.562891,1337.2214,-219.0412,-10.870965,1093.5499,45.799637,-47.61628,1378.7448,-161.3544,-180.99161,1570.5375,-195.40639,-131.85231,1801.7722,-155.33932,145.05312,1323.3091,-124.78315,232.63892,996.35846,-123.37077,249.53181,785.39368,-42.699413
763,7.62,31.823076,1337.1859,-219.36441,-10.979378,1093.7458,45.675274,-46.573395,1378.4191,-160.54066,-178.50882,1571.215,-194.39151,-126.09866,1801.7808,-154.25391,145.27798,1323.2908,-125.07978,232.36206,996.22778,-123.4835,248.89467,785.19971,-42.756386
764,7.63,32.046707,1337.147,-219.73862,-11.090956,1093.9628,45.514027,-46.213047,1378.4171,-161.02635,-176.33305,1571.7711,-193.82886,-121.33885,1801.6803,-153.38525,145.49994,1323.3191,-125.30145,232.18256,996.15747,-123.56979,248.28772,785.0423,-42.948048
765,7.64,32.279148,1337.1237,-219.98363,-11.136293,1094.1151,45.384098,-45.875969,1378.4041,-161.50876,-174.67407,1572.2189,-193.31326,-117.65363,1801.5648,-152.58546,145.72453,1323.3635,-125.49161,232.00069,996.13513,-123.68555,247.73654,784.92822,-43.151012
766,7.65,32.494907,1337.1201,-220.22748,-11.174133,1094.2632,45.21125,-45.560139,1378.3918,-161.92,-173.41232,1572.553,-192.91588,-115.02266,1801.4773,-151.93022,145.98767,1323.4618,-125.66349,231.9064,996.13165,-123.75237,247.22725,784.79071,-43.381489
767,7.66,32.780354,1337.1263,-220.37318,-11.210155,1094.4083,45.072716,-45.256546,1378.3663,-162.2653,-172.45293,1572.7585,-192.64948,-113.44051,1801.4191,-151.46002,146.27866,1323.5564,-125.79276,231.86813,996.15295,-123.77981,246.76967,784.71259,-43.550056
768,7.67,33.070549,1337.1311,-220.57922,-11.270218,1094.4863,44.906689,-45.030216,1378.3007,-162.6136,-171.95277,1572.8528,-192.7151,-112.86925,1801.411,-151.08644,146.53934,1323.6473,-125.87743,231.92041,996.16272,-123.74795,246.35762,784.64099,-43.703659
769,7.68,33.386921,1337.1353,-220.74962,-11.325855,1094.5271,44.77623,-44.816509,1378.2228,-162.75874,-171.7804,1572.8081,-192.91032,-113.18456,1801.431,-150.93008,146.78229,1323.7319,-125.90308,231.96536,996.20929,-123.70363,246.05386,784.60822,-43.863319
770,7.69,33.682156,1337.1553,-220.90683,-11.397164,1094.5715,44.615814,-44.70953,1378.1063,-162.93628,-172.08737,1572.6429,-193.22086,-114.47651,1801.4844,-150.83156,147.02174,1323.8226,-125.90601,232.07309,996.28076,-123.70341,245.82605,784.59619,-44.055698
771,7.7,33.934227,1337.2112,-220.99834,-11.414642,1094.5581,44.515957,-44.703869,1378.0189,-163.02811,-172.81897,1572.3695,-193.71573,-116.79655,1801.5065,-151.05847,147.17892,1323.8987,-125.85072,232.17236,996.36316,-123.76883,245.73488,784.59399,-44.182858
772,7.71,34.099953,1337.2628,-221.0934,-11.496532,1094.5549,44.407887,-44.733509,1377.9436,-163.02429,-173.97429,1571.9066,-194.10251,-119.91177,1801.519,-151.4281,147.30408,1323.9818,-125.78314,232.35175,996.44922,-123.784,245.7908,784.65015,-44.408474
773,7.72,34.238575,1337.3221,-221.08591,-11.539656,1094.4858,44.356373,-44.903496,1377.7852,-162.96936,-175.64983,1571.3992,-194.62015,-124.07109,1801.5739,-152.17418,147.4041,1324.0643,-125.68045,232.52267,996.54785,-123.86034,245.94876,784.71942,-44.609444
774,7.73,34.354752,1337.4081,-221.06735,-11.536654,1094.4224,44.338226,-45.353008,1377.0569,-162.37025,-177.81935,1570.736,-195.2617,-128.99426,1801.5968,-153.28601,147.46642,1324.1593,-125.52837,232.71222,996.7038,-123.94772,246.23395,784.80981,-44.856735
775,7.74,34.426228,1337.4763,-221.0045,-11.566941,1094.3563,44.252888,-45.286297,1377.4785,-162.64395,-180.44685,1569.9747,-196.07669,-134.92035,1801.5049,-154.7218,147.51697,1324.2607,-125.42772,233.02588,996.86707,-123.93523,246.61874,784.94928,-45.042404
776,7.75,34.495296,1337.5629,-220.91847,-11.510159,1094.2738,44.237854,-45.616714,1377.3774,-162.3544,-183.53412,1568.9678,-197.10785,-141.70097,1801.3312,-156.58055,147.55817,1324.3689,-125.28132,233.06902,997.18744,-124.15213,247.03236,785.09149,-45.235008
777,7.76,34.571472,1337.6997,-220.75366,-11.467214,1094.1783,44.223557,-45.926102,1377.2487,-161.98708,-187.02165,1567.7465,-198.1754,-149.42484,1800.9697,-158.67302,147.59622,1324.4999,-125.15269,233.38667,997.42529,-124.22369,247.57126,785.25269,-45.394085
778,7.77,34.549496,1337.8887,-220.61545,-11.310641,1094.0138,44.181484,-46.286362,1377.1853,-161.58044,-190.87059,1566.3397,-199.56415,-158.05287,1800.4473,-161.11229,147.61588,1324.6158,-124.99136,233.93642,997.54498,-124.19637,248.15588,785.48328,-45.595879
779,7.78,34.5345,1338.0669,-220.36972,-11.156386,1093.8647,44.235485,-46.925068,1377.2308,-161.6384,-194.77383,1564.8413,-201.32652,-167.66194,1799.718,-163.69835,147.65295,1324.7698,-124.8251,234.27818,997.76306,-124.35152,248.80859,785.67694,-45.824539
780,7.79,34.525269,1338.2399,-220.11482,-10.92028,1093.7324,44.200382,-47.440617,1377.1913,-161.31749,-199.36751,1563.0458,-202.81767,-178.18401,1798.681,-166.57964,147.71948,1324.942,-124.59982,234.58536,998.00598,-124.52529,249.44873,785.9458,-46.001499
781,7.8,34.50687,1338.3848,-219.81143,-10.540936,1093.5624,44.193806,-48.063965,1377.2456,-161.09373,-204.70662,1560.9421,-204.52016,-189.55772,1797.2692,-169.76964,147.81863,1325.1298,-124.39922,234.73259,998.32324,-124.84767,250.13214,786.23615,-46.242092
782,7.81,34.517784,1338.5438,-219.49736,-10.188348,1093.3885,44.199543,-48.673382,1377.2753,-160.59744,-209.75145,1558.668,-205.95251,-201.6945,1795.387,-173.25052,147.91985,1325.3511,-124.16026,235.16989,998.62305,-125.04962,250.85411,786.54889,-46.397346
783,7.82,34.488724,1338.7222,-219.10468,-9.7487497,1093.2874,44.191376,-49.505459,1377.4159,-160.08301,-215.67229,1556.0398,-207.35217,-214.48013,1793.0313,-177.13846,148.06085,1325.5945,-123.92865,235.60136,998.93909,-125.1729,251.54713,786.86505,-46.591
784,7.83,34.464386,1338.9594,-218.78859,-9.2964144,1093.1691,44.192162,-50.438896,1377.4834,-159.65411,-221.84866,1552.8132,-209.40881,-228.05946,1790.0439,-181.11542,148.16743,1325.8134,-123.69769,236.27309,999.24188,-125.1945,252.26074,787.19122,-46.926659
785,7.84,34.489407,1339.1859,-218.42229,-8.7304602,1093.0199,44.213234,-51.765694,1377.4054,-158.87215,-228.29774,1549.2834,-211.30136,-242.19487,1786.4648,-184.99782,148.27487,1326.0614,-123.43456,236.75137,999.62549,-125.38165,253.08955,787.56232,-47.247925
786,7.85,34.502186,1339.3722,-217.99843,-8.1921558,1092.9246,44.306068,-52.894672,1377.3096,-157.96431,-234.9949,1545.4652,-213.13785,-256.98273,1782.2079,-188.73831,148.38257,1326.329,-123.1707,236.98863,1000.0563,-125.69415,253.94508,787.86597,-47.640026
787,7.86,34.506737,1339.5201,-217.59525,-7.6184406,1092.8046,44.295208,-53.987663,1377.2863,-157.24803,-241.75621,1541.3032,-215.04616,-272.27295,1777.2119,-192.38712,148.49225,1326.5811,-122.91209,237.66199,1000.314,-125.80091,254.8607,788.20215,-48.025993
788,7.87,34.58997,1339.6521,-217.11713,-7.0437131,1092.6981,44.30629,-54.932629,1377.3116,-156.59625,-248.93057,1536.722,-216.81401,-288.14084,1771.4471,-195.75694,148.67418,1326.8523,-122.61202,237.97397,1000.7223,-126.09215,255.79668,788.52246,-48.428562
789,7.88,34.69067,1339.7751,-216.64235,-6.449903,1092.6089,44.236649,-55.939137,1377.2405,-156.01022,-255.98788,1531.9202,-218.32272,-304.33719,1764.8855,-199.04131,148.90002,1327.1495,-122.27588,238.76036,1001.0445,-126.11966,256.70599,788.8338,-48.80806
790,7.89,34.793457,1339.8954,-216.21896,-5.8923082,1092.4479,44.198654,-57.0271,1377.1558,-155.36505,-262.86389,1527.0222,-220.61478,-320.93204,1757.4736,-202.21228,149.16635,1327.4083,-121.94042,239.39456,1001.4396,-126.23759,257.55154,789.14606,-49.129032
791,7.9,34.913033,1340.0607,-215.81274,-5.3863378,1092.275,44.108829,-58.315582,1377.0188,-154.65424,-269.98248,1521.3473,-222.35515,-337.76083,1749.1345,-205.08659,149.43243,1327.6737,-121.53368,240.12033,1001.8564,-126.25365,258.49484,789.48853,-49.475628
792,7.91,35.105938,1340.244,-215.42871,-4.8423791,1092.089,44.035973,-59.673458,1376.7963,-153.96295,-277.1864,1515.33,-224.16672,-354.74918,1739.9076,-207.88777,149.69009,1327.905,-121.20355,240.8381,1002.2166,-126.25894,259.42636,789.79034,-49.769207
793,7.92,35.286263,1340.4497,-215.01833,-4.3574986,1091.8905,43.982334,-60.972874,1376.5514,-153.31107,-284.3967,1508.9027,-225.74113,-371.75653,1729.7351,-210.4758,149.96974,1328.1442,-120.86932,241.4012,1002.6761,-126.39557,260.43887,790.08734,-50.046974
794,7.93,35.489983,1340.6692,-214.67186,-3.8255162,1091.6621,43.97974,-62.141781,1376.2402,-152.77191,-291.80972,1501.3469,-226.08604,-388.8183,1718.5941,-212.90031,150.29553,1328.3726,-120.49336,242.37994,1002.9721,-126.35858,261.49237,790.44415,-50.319069
795,7.94,35.739647,1340.842,-214.33324,-3.3242595,1091.4456,43.881866,-62.993176,1375.8938,-152.32402,-299.09561,1493.741,-227.31931,-405.58762,1706.5183,-215.39604,150.6472,1328.601,-120.14839,243.16942,1003.3286,-126.43279,262.63669,790.79871,-50.591343
796,7.95,36.021759,1340.9723,-213.9321,-2.8254039,1091.2925,43.847881,-63.940613,1375.5122,-151.77637,-306.30203,1485.5918,-228.19585,-422.17023,1693.51,-217.75249,150.97205,1328.8439,-119.81272,243.7271,1003.8135,-126.64069,263.77344,791.1875,-50.796341
797,7.96,36.285744,1341.0422,-213.59468,-2.3229482,1091.1044,43.819904,-65.120537,1375.0133,-151.21201,-313.28873,1477.0444,-229.01277,-438.41241,1679.5593,-219.85197,151.27666,1329.1091,-119.51458,244.56242,1004.2239,-126.67783,264.99316,791.63287,-50.92878
798,7.97,36.43729,1341.1449,-213.32687,-1.7363577,1090.9015,43.848961,-66.292168,1374.4275,-150.82291,-320.07581,1467.9695,-229.55515,-454.32086,1664.6841,-221.76459,151.57521,1329.4285,-119.17555,245.56497,1004.6373,-126.66163,266.22101,792.08917,-51.150288
799,7.98,36.55286,1341.1705,-213.07693,-1.2019162,1090.6703,43.790741,-67.303894,1373.7727,-150.33372,-326.62451,1458.4429,-230.04196,-469.72681,1648.8999,-223.36069,151.7984,1329.7108,-118.87509,246.1904,1005.2227,-126.80151,267.57889,792.62311,-51.253326
800,7.99,36.622787,1341.2163,-212.91045,-0.65143079,1090.4629,43.774376,-68.234528,1373.0936,-149.91205,-332.99643,1448.3668,-230.35768,-484.55817,1632.2592,-224.44685,151.97275,1330.0165,-118.66508,247.23787,1005.6127,-126.70477,268.92444,793.14813,-51.370861
801,8.0,36.656944,1341.2283,-212.68471,-0.098009549,1090.2324,43.687809,-69.067604,1372.4893,-149.37936,-339.13571,1438.0219,-230.60095,-498.86111,1614.8348,-225.42801,152.1102,1330.2867,-118.47704,248.11192,1006.1158,-126.69546,270.44525,793.70679,-51.363232
802,8.01,36.693531,1341.2024,-212.50974,0.4464187,1089.9753,43.667065,-69.98568,1371.9019,-148.98154,-344.80341,1427.313,-230.83116,-512.53296,1596.6975,-226.11192,152.24234,1330.5331,-118.32343,248.83083,1006.6794,-126.76032,271.83502,794.22754,-51.375492
803,8.02,36.642384,1341.1862,-212.31435,0.96925396,1089.7495,43.549297,-71.095703,1371.2743,-148.55431,-350.08823,1416.7518,-230.73604,-525.60828,1577.9023,-226.68974,152.36813,1330.8024,-118.21321,250.00662,1007.1016,-126.58833,273.36917,794.828,-51.286255
804,8.03,36.550209,1341.1871,-212.15211,1.4439764,1089.5007,43.535431,-72.268547,1370.7512,-147.71875,-354.88092,1406.1593,-230.53339,-537.92389,1558.5604,-227.11411,152.45758,1331.1027,-118.12688,250.94688,1007.6526,-126.56049,274.89948,795.50757,-51.116917
805,8.04,36.420105,1341.1681,-211.94209,1.9723648,1089.2826,43.425205,-73.330429,1370.0579,-147.7334,-359.24722,1395.3453,-230.29829,-549.33728,1538.7015,-227.30313,152.49103,1331.4542,-117.98547,251.85767,1008.2879,-126.48952,276.38773,796.26538,-50.999226
806,8.05,36.22702,1341.1331,-211.79572,2.4934797,1089.1022,43.399479,-74.268478,1369.2836,-147.56366,-363.38181,1383.9531,-229.69577,-559.82611,1518.3951,-227.37943,152.41687,1331.7982,-117.9267,252.5354,1009.0736,-126.60144,277.97815,797.06873,-50.780006
807,8.06,36.085011,1341.0758,-211.63445,2.9752083,1088.8669,43.399311,-75.089905,1368.6062,-147.09145,-367.22327,1371.5045,-228.54868,-569.29565,1497.5769,-227.28894,152.31195,1332.1274,-117.89857,253.53694,1009.6507,-126.48758,279.61554,797.90112,-50.606812
808,8.07,35.954536,1341.0524,-211.53154,3.3833001,1088.6783,43.356144,-75.81945,1368.1201,-146.6143,-370.62369,1359.3147,-227.3394,-577.92999,1476.3962,-227.43253,152.22864,1332.3885,-117.87013,254.19203,1010.351,-126.56361,281.25494,798.63086,-50.440845
809,8.08,35.841545,1341.015,-211.33539,3.7172801,1088.4675,43.314804,-76.673454,1367.5771,-146.03966,-373.48169,1346.9633,-226.3951,-585.62775,1454.663,-226.88858,152.17575,1332.5956,-117.82338,255.09062,1010.7921,-126.50951,282.98187,799.36938,-50.245613
810,8.09,35.79266,1341.1443,-211.0448,4.0035062,1088.2411,43.221485,-77.701744,1366.9949,-145.56557,-375.73514,1334.9901,-225.31471,-592.57825,1432.6163,-226.63506,152.16913,1332.7673,-117.78049,255.85184,1011.2137,-126.53774,284.73807,800.08722,-49.984665
811,8.1,35.54752,1341.1407,-211.00893,4.2595181,1087.9321,43.216518,-78.78817,1366.311,-144.99341,-377.40088,1323.3341,-223.97916,-598.53296,1410.3975,-226.11778,152.13118,1332.9152,-117.71393,256.67477,1011.6302,-126.54472,286.41989,800.78876,-49.799141
812,8.11,35.350975,1341.2372,-210.96181,4.5196619,1087.6992,43.237255,-79.856567,1365.667,-144.47665,-378.44604,1311.7976,-222.806,-603.46155,1388.2725,-225.30534,152.07698,1333.1031,-117.66919,257.34848,1012.1295,-126.57514,288.01712,801.5509,-49.609764
813,8.12,35.107136,1341.2761,-210.83861,4.7874784,1087.4867,43.230247,-80.618584,1365.1044,-144.22314,-379.16833,1300.1182,-221.54216,-607.29395,1366.254,-223.87315,151.90013,1333.3262,-117.58369,257.96762,1012.6641,-126.59049,289.61136,802.33759,-49.380081
814,8.13,34.8405,1341.3055,-210.78786,5.0150652,1087.2625,43.228191,-81.351997,1364.5898,-143.83722,-379.5072,1288.1923,-220.50136,-610.06458,1344.4257,-222.22972,151.68814,1333.5334,-117.52446,258.60858,1013.2065,-126.59942,291.0817,803.12262,-49.10899
815,8.14,34.623882,1341.3468,-210.73907,5.2062888,1087.0438,43.219421,-82.106819,1364.0607,-143.47052,-379.43454,1276.0225,-219.54323,-611.90161,1322.6874,-220.62546,151.47267,1333.7202,-117.50752,259.23056,1013.6891,-126.58601,292.46338,803.81561,-48.855457
816,8.15,34.470219,1341.3822,-211.22691,5.3713717,1086.8011,43.128777,-82.913521,1363.4856,-143.27354,-378.80179,1263.3676,-216.96881,-612.77423,1300.7906,-219.01686,151.23441,1333.8497,-117.43571,259.72458,1014.0422,-126.61435,293.72528,804.40564,-48.587532
817,8.16,34.383919,1341.2834,-210.78181,5.4644899,1086.5743,43.040859,-83.807159,1362.903,-143.2728,-377.63312,1251.2207,-215.29224,-612.73669,1278.7592,-217.26602,151.09755,1333.8729,-117.35397,259.98322,1014.4084,-126.78792,294.97379,804.89136,-48.411049
818,8.17,34.275433,1341.3206,-210.63951,5.4764075,1086.2964,43.051155,-84.95002,1362.053,-142.38519,-375.92575,1239.5656,-213.26852,-611.88434,1256.6841,-215.45204,151.0031,1333.8772,-117.20027,260.44254,1014.5775,-126.78535,296.09991,805.28381,-48.175591
819,8.18,34.105469,1341.3619,-210.57526,5.4553156,1086.0593,43.054699,-86.323196,1360.9828,-141.17365,-373.74442,1228.6012,-211.14215,-610.23853,1234.8087,-212.89906,150.9019,1333.8292,-117.04767,261.10318,1014.6577,-126.60661,297.11133,805.64691,-48.018005
820,8.19,33.941936,1341.3871,-210.55495,5.4221888,1085.7788,43.049267,-87.498795,1360.2001,-141.09467,-371.20483,1218.095,-209.37144,-607.77203,1213.4004,-209.66641,150.74725,1333.7926,-116.92146,261.49649,1014.8599,-126.53498,298.01266,805.99658,-47.905067
821,8.2,33.653934,1341.5957,-210.69839,5.3939157,1085.5143,43.056538,-88.568657,1359.4375,-140.7933,-368.45779,1207.751,-207.78688,-604.44879,1192.5094,-205.93436,150.59142,1333.7483,-116.81901,261.77917,1015.0438,-126.42401,298.7616,806.28918,-47.831238
822,8.21,33.480656,1341.3252,-210.37193,5.446136,1085.2477,43.053455,-89.615929,1358.818,-140.78415,-365.33978,1197.3794,-206.42227,-600.23358,1172.0846,-201.84592,150.37096,1333.7186,-116.74223,261.82117,1015.3347,-126.48463,299.37537,806.54907,-47.76897
823,8.22,33.311245,1341.3407,-210.30998,5.4736137,1084.9858,43.085907,-90.757713,1358.0706,-140.62907,-361.94696,1187.0253,-204.93546,-595.27594,1152.0524,-197.82872,150.15598,1333.7058,-116.6478,261.92941,1015.436,-126.542,299.93829,806.75012,-47.707386
824,8.23,33.136528,1341.3759,-210.21085,5.4313798,1084.7552,43.180294,-91.956299,1357.1383,-140.40367,-358.27386,1176.7966,-203.38757,-589.65411,1132.4231,-193.72443,149.96069,1333.6406,-116.50422,262.19135,1015.4011,-126.49363,300.36221,806.87006,-47.721283
825,8.24,32.93079,1341.449,-210.12384,5.3146796,1084.4872,43.315437,-93.314903,1356.0422,-140.42615,-354.28876,1166.7468,-201.59338,-583.33203,1113.0728,-189.22543,149.82529,1333.5735,-116.34373,262.19058,1015.3382,-126.58676,300.70392,806.91217,-47.800098
826,8.25,32.745735,1341.5044,-210.00671,5.10115,1084.194,43.398617,-94.682747,1354.8704,-140.04301,-349.99854,1156.9667,-199.84116,-576.33728,1094.1465,-184.82213,149.70407,1333.4458,-116.23066,261.9259,1015.2831,-126.80653,300.87857,806.87311,-47.837997
827,8.26,32.521313,1341.4871,-209.79755,4.8542895,1083.9548,43.510777,-96.236633,1353.738,-139.81885,-345.29608,1147.4115,-198.03363,-568.5567,1075.5328,-180.07196,149.60611,1333.2401,-116.13371,261.77029,1015.079,-126.89764,300.88776,806.6922,-47.937145
828,8.27,32.281212,1341.4866,-209.68669,4.6344042,1083.7122,43.550552,-97.896072,1352.6639,-139.18378,-340.31204,1138.0817,-196.32774,-560.02814,1057.2406,-175.41347,149.50322,1333.0389,-116.05314,261.74594,1014.7294,-126.90721,300.74887,806.46198,-48.140385
829,8.28,31.876278,1341.5807,-209.60533,4.3632278,1083.4211,43.647778,-99.663338,1351.6707,-138.57944,-335.0137,1129.0286,-194.52835,-550.75806,1039.1313,-170.88013,149.40439,1332.7975,-115.96441,261.36206,1014.4166,-127.11279,300.46405,806.12311,-48.304436
830,8.29,31.423147,1341.6669,-209.4967,4.1338649,1083.1517,43.778511,-101.26167,1350.8167,-137.82837,-329.41641,1120.2424,-192.58606,-540.75287,1021.3367,-166.67207,149.3134,1332.5624,-115.96581,260.92001,1014.0443,-127.33716,299.97064,805.75995,-48.53804
831,8.3,30.896208,1341.7292,-209.43916,3.9591589,1082.8719,43.984707,-102.66027,1349.9589,-137.20511,-323.63727,1111.7618,-190.65813,-530.1344,1003.8506,-162.91852,149.18845,1332.3339,-115.99789,260.21613,1013.6978,-127.6802,299.29758,805.34546,-48.798752
832,8.31,30.392389,1341.7689,-209.41588,3.7962723,1082.6592,44.190147,-104.02601,1349.0129,-136.88773,-317.55103,1103.4767,-188.50946,-518.91034,986.81836,-159.5699,149.04828,1332.1566,-116.11153,259.77505,1013.2601,-127.90252,298.43805,804.91687,-49.100471
833,8.32,29.827805,1341.665,-209.33435,3.6570079,1082.49,44.365665,-105.34223,1348.0266,-136.51447,-311.22928,1095.4011,-186.50217,-507.15811,970.35931,-156.25648,148.87013,1332.0049,-116.22481,258.9841,1012.8982,-128.27644,297.43213,804.44409,-49.504856
834,8.33,29.229555,1341.6273,-209.37486,3.5986538,1082.3335,44.574184,-106.71203,1347.051,-136.23334,-304.6282,1087.4861,-184.5632,-494.92328,954.55896,-152.92885,148.58347,1331.8606,-116.44077,258.16641,1012.4891,-128.61346,296.18066,803.9646,-49.884289
835,8.34,28.184454,1341.1946,-208.78357,3.5397224,1082.2565,44.834076,-107.94716,1346.0983,-135.75613,-297.80057,1079.8892,-182.82948,-482.29813,939.49683,-149.55238,148.27797,1331.76,-116.71712,257.21661,1012.0517,-129.04419,294.72922,803.46155,-50.304138
836,8.35,27.644207,1341.4187,-209.30231,3.5560899,1082.2001,45.08934,-109.25532,1345.1704,-135.32802,-290.79672,1072.6896,-181.19766,-469.422,925.30841,-146.18246,147.96729,1331.6735,-117.03139,255.99524,1011.6881,-129.59843,293.20526,802.93402,-50.757599
837,8.36,26.812819,1341.3236,-209.26701,3.6398046,1082.2349,45.428699,-110.58755,1344.2936,-135.08301,-283.8891,1065.9745,-179.82133,-456.05713,911.72943,-142.40997,147.6497,1331.568,-117.41015,254.80821,1011.2311,-130.16551,291.55493,802.42474,-51.269077
838,8.37,25.850512,1341.2467,-209.36067,3.7267394,1082.2639,45.826992,-111.94981,1343.4253,-134.47527,-277.0426,1059.7758,-178.50677,-442.69211,899.04907,-138.90479,147.28958,1331.4912,-117.83725,253.71783,1010.7446,-130.66765,289.88028,801.91785,-51.926777
839,8.38,24.742085,1340.7784,-208.82074,3.8834608,1082.3043,46.176445,-113.30564,1342.5387,-134.23125,-270.4039,1054.0924,-177.29562,-429.33347,887.25458,-136.17482,146.90915,1331.4122,-118.28921,252.40996,1010.2984,-131.26698,288.02258,801.35883,-52.604362
840,8.39,24.006111,1340.9791,-209.3622,4.0128975,1082.3704,46.469086,-114.59449,1341.6688,-133.82971,-263.97858,1048.9706,-176.12041,-416.05664,876.36438,-133.67371,146.4901,1331.3516,-118.81221,251.08549,1009.8381,-131.821,286.17307,800.83405,-53.274654
841,8.4,23.02035,1340.9053,-209.35068,4.1070089,1082.4004,46.815689,-115.82301,1340.8112,-133.32034,-257.61688,1044.2755,-174.89337,-402.79404,866.24713,-132.07127,146.06926,1331.3209,-119.34755,249.53555,1009.3813,-132.50827,284.25629,800.19592,-54.022469
842,8.41,22.093235,1340.9005,-209.39435,4.1383162,1082.4019,47.217377,-117.07175,1340.0397,-132.98853,-251.47473,1039.975,-173.76485,-390.02805,856.9635,-130.28763,145.60272,1331.2819,-119.86246,248.23885,1008.9144,-133.17885,282.32379,799.5816,-54.805824
843,8.42,20.917498,1340.5139,-208.76564,4.1491756,1082.3528,47.574596,-118.23972,1339.3698,-132.50923,-245.60666,1036.1592,-172.70757,-377.72327,848.4967,-127.75151,145.14645,1331.2257,-120.25734,246.86819,1008.4507,-133.83926,280.43854,798.96564,-55.633377
844,8.43,20.064159,1340.4813,-208.83359,4.1621642,1082.2971,47.969147,-119.332,1338.7902,-132.02422,-240.01823,1032.7192,-171.69298,-365.83237,840.94653,-125.88648,144.74135,1331.1433,-120.51738,245.55991,1008.0056,-134.46794,278.646,798.35266,-56.526146
845,8.44,19.50008,1340.6991,-209.30788,4.1002307,1082.25,48.30883,-120.41193,1338.3444,-131.46306,-234.80737,1029.757,-170.84811,-354.41998,834.31525,-123.89172,144.25645,1331.031,-120.72731,244.2442,1007.6129,-135.2148,276.96552,797.75836,-57.547165
846,8.45,18.671099,1340.6393,-209.22211,4.0353179,1082.2255,48.678627,-121.48021,1338.0116,-130.95119,-230.10989,1027.2753,-169.97546,-343.71774,828.55029,-121.86567,143.74059,1330.8829,-120.9028,243.02286,1007.2958,-135.87659,275.40308,797.1936,-58.444672
847,8.46,17.846376,1340.6134,-209.18422,3.9415243,1082.1368,48.938782,-122.53859,1337.6913,-130.44406,-226.15723,1025.2986,-169.17253,-333.71039,823.52063,-119.79723,143.16748,1330.673,-121.04416,241.96959,1007.0084,-136.43857,274.02518,796.67297,-59.618225
848,8.47,16.744537,1340.4158,-208.63293,3.789582,1082.1047,49.115158,-123.48335,1337.3843,-129.7406,-222.70689,1023.5926,-168.3159,-324.62814,819.17383,-117.88158,142.56363,1330.4454,-121.17335,241.09244,1006.8064,-136.98268,272.92172,796.22296,-60.592644
849,8.48,16.020212,1340.8331,-209.17532,3.5822895,1082.0159,49.323017,-124.51031,1337.1115,-128.93707,-219.72992,1022.1516,-167.34732,-316.43103,815.39319,-116.05744,141.83743,1330.1602,-121.33848,240.52524,1006.6758,-137.3806,272.24332,795.90619,-61.603474
850,8.49,15.003851,1340.9681,-209.1951,3.3817751,1082.0032,49.358379,-125.46725,1336.8809,-128.24907,-217.20844,1020.8188,-166.46286,-309.28741,812.17731,-114.05547,141.07431,1329.8569,-121.4752,240.22339,1006.6865,-137.75378,272.11035,795.71942,-62.61549
851,8.5,14.038575,1341.1077,-209.16951,3.1607225,1081.9692,49.47057,-126.44355,1336.6327,-127.4842,-215.10689,1019.6314,-165.59651,-303.25189,809.54486,-112.11245,140.31627,1329.6019,-121.68865,240.41589,1006.8326,-137.95313,272.72913,795.77649,-63.417896
852,8.51,13.014895,1341.2319,-209.16174,2.9389312,1081.9092,49.659313,-127.38189,1336.4478,-126.92217,-213.68503,1018.6852,-164.7227,-298.29453,807.41443,-110.28766,139.5313,1329.4049,-121.97783,241.17955,1007.2837,-138.07268,274.35828,796.14636,-64.212204
853,8.52,12.014082,1341.4552,-209.25887,2.8057671,1081.9119,49.796234,-128.3363,1336.2697,-126.452,-212.87625,1017.8294,-163.97447,-294.44626,805.64795,-108.16712,138.68703,1329.3336,-122.13545,242.59756,1008.1213,-138.06915,277.07449,797.01678,-64.943138
854,8.53,11.027372,1341.6016,-209.19894,2.6016483,1081.8407,49.930714,-129.25507,1336.0477,-126.00034,-212.62744,1017.0797,-163.11525,-291.76624,804.29388,-106.36488,137.74162,1329.4995,-122.23351,244.64694,1009.5458,-138.07388,281.14471,798.64124,-65.475281
855,8.54,10.01406,1341.6451,-209.14934,2.4167969,1081.7902,49.976749,-130.15778,1335.7368,-125.47152,-212.8931,1016.5375,-162.59004,-290.21927,803.18835,-104.46931,136.75565,1329.8538,-122.29147,247.26843,1011.6367,-138.12695,286.77618,801.14789,-65.896347
856,8.55,8.9073668,1341.614,-209.12643,2.2111766,1081.6984,50.020741,-131.06345,1335.4349,-125.15594,-213.61946,1015.7672,-161.44049,-289.81464,802.40271,-102.60032,135.56677,1330.4692,-122.40511,250.47714,1014.362,-138.34158,294.00211,804.65112,-65.990952
857,8.56,7.5976806,1341.4119,-208.74971,1.9978607,1081.5547,50.004013,-132.03305,1335.0316,-124.78165,-214.57086,1015.1514,-160.66747,-290.40891,801.9068,-101.05052,134.23697,1331.306,-122.54031,254.47395,1017.7332,-138.59599,302.90817,809.25934,-65.766708
858,8.57,6.4572892,1341.6847,-209.11,1.7976177,1081.5148,49.936749,-133.03481,1334.5938,-124.67816,-215.7632,1014.8339,-160.48265,-291.88144,801.70459,-99.580261,132.70982,1332.3221,-122.73677,259.23105,1021.8046,-138.83321,313.55145,815.03351,-65.063736
859,8.58,5.0439992,1341.704,-208.93463,1.6086153,1081.4502,49.890987,-134.08279,1334.0983,-124.47493,-217.26939,1014.2875,-160.02638,-294.17703,801.71057,-98.214561,131.01331,1333.5419,-122.91801,264.87442,1026.6648,-138.91989,325.93195,822.1308,-63.935459
860,8.59,3.4647262,1341.7019,-208.65814,1.4111444,1081.3978,49.851906,-135.16776,1333.5994,-124.42664,-218.87671,1013.6443,-159.21243,-297.05392,801.86566,-96.862083,129.14944,1334.8259,-123.13524,271.47498,1032.4722,-138.78076,340.03949,830.73419,-62.428913
861,8.6,1.7582775,1341.8091,-208.67403,1.224604,1081.3759,49.791218,-136.34978,1333.049,-124.26921,-220.69893,1013.1443,-158.6434,-300.40207,802.14282,-95.783722,127.09005,1336.3021,-123.37807,278.9429,1039.2191,-138.46309,355.76794,840.97687,-60.535954
862,8.61,-0.023643289,1341.8969,-208.65523,0.99287063,1081.3854,49.771523,-137.59039,1332.5526,-124.14216,-222.66039,1012.8558,-158.62355,-304.07672,802.60101,-94.749039,124.87422,1337.8263,-123.74924,287.13205,1046.9399,-138.05359,372.8736,852.95642,-58.40971
863,8.62,-1.8922414,1341.9978,-208.87248,0.68696862,1081.407,49.748154,-138.84334,1332.0383,-124.13161,-224.80644,1012.5183,-158.25919,-307.91409,803.11249,-93.657005,122.56949,1339.3699,-124.14427,295.95209,1055.6416,-137.57928,391.21353,866.85431,-56.204525
864,8.63,-3.8095961,1342.0555,-208.89131,0.43500644,1081.4775,49.73637,-140.08572,1331.5461,-124.08305,-227.06525,1012.2535,-157.96722,-311.88837,803.76929,-92.664413,120.20544,1341.0023,-124.7193,305.18405,1065.3737,-136.9951,410.52496,882.67999,-53.888519
865,8.64,-5.6486888,1342.0463,-208.95828,0.2125127,1081.5754,49.52206,-141.26723,1331.0712,-124.03282,-229.66597,1011.3755,-156.04814,-315.7981,804.40796,-91.75116,117.78349,1342.6469,-125.29911,314.66147,1076.1907,-136.33583,430.5174,900.74017,-51.53627
866,8.65,-7.5632744,1341.9968,-208.98059,-0.048239883,1081.6412,49.496265,-142.49518,1330.6025,-123.91464,-231.92516,1011.2679,-155.93271,-319.70544,805.13727,-90.774139,115.28097,1344.2637,-125.82594,324.29953,1088.1256,-135.75105,450.51257,920.78674,-49.181755
867,8.66,-9.4302301,1341.9349,-209.084,-0.34301567,1081.7058,49.538147,-143.65689,1330.2039,-123.89453,-234.07997,1011.3741,-156.18105,-323.50189,805.91217,-90.010162,112.77285,1345.8746,-126.41727,333.81686,1101.2122,-135.10728,470.70773,943.35181,-46.801605
868,8.67,-11.289939,1341.9664,-209.33249,-0.59411263,1081.8004,49.603767,-144.77795,1329.8861,-123.97763,-236.11421,1011.5468,-156.37668,-327.17209,806.76984,-89.381653,110.10707,1347.5231,-127.12559,343.15955,1115.4086,-134.51668,490.24506,968.01233,-44.439747
869,8.68,-13.031911,1341.8877,-209.41109,-0.92008173,1081.8711,49.757225,-145.80887,1329.6052,-123.94445,-237.98682,1011.7078,-156.31944,-330.60577,807.68201,-88.73288,107.39901,1349.1454,-127.85324,352.12051,1130.6293,-133.94121,509.06842,994.80505,-42.237835
870,8.69,-14.632184,1341.8877,-209.58655,-1.218652,1081.9844,49.944733,-146.76183,1329.4023,-123.90772,-240.05101,1011.9708,-155.66441,-333.94806,808.64526,-88.375542,104.66537,1350.7494,-128.53229,360.6181,1146.9551,-133.36034,526.79987,1023.6605,-39.995445
871,8.7,-16.031736,1341.8618,-209.64894,-1.4179565,1082.1716,50.122025,-147.58794,1329.2582,-123.93113,-241.69887,1012.0837,-155.22426,-336.94266,809.57843,-87.892593,101.88963,1352.2427,-129.18401,368.58743,1164.3226,-132.9041,543.12079,1054.3818,-37.846233
872,8.71,-17.254702,1341.9523,-209.80011,-1.6134708,1082.332,50.356068,-148.32019,1329.1534,-123.98091,-243.1705,1012.5349,-155.48599,-339.65146,810.45587,-87.413887,99.150215,1353.6556,-129.73979,375.81714,1182.6499,-132.43713,557.7475,1086.7396,-35.75032
873,8.72,-18.281509,1342.0121,-209.93324,-1.7687559,1082.5887,50.579796,-148.95787,1329.0928,-124.07728,-244.5425,1012.8157,-155.28432,-342.15128,811.3761,-87.115021,96.551399,1354.9777,-130.26842,382.2092,1201.8801,-132.00208,570.57568,1120.7104,-33.844139
874,8.73,-19.192398,1342.0022,-209.97441,-1.7941167,1082.8267,50.803299,-149.44162,1329.0905,-124.28319,-245.69228,1013.1666,-155.2542,-344.33014,812.21344,-86.729095,94.153336,1356.3158,-130.7041,387.54111,1221.8959,-131.58548,581.23248,1155.7902,-32.121181
875,8.74,-19.853151,1342.0151,-210.02736,-1.8180213,1083.1255,50.980675,-149.84479,1329.125,-124.45058,-246.65564,1013.5522,-155.25359,-346.22751,813.01294,-86.435249,91.946373,1357.6134,-131.05269,391.7124,1242.6616,-131.27609,589.59326,1191.8033,-30.822664
876,8.75,-20.30224,1342.0172,-210.03894,-1.7601557,1083.446,51.146366,-150.07368,1329.167,-124.63463,-247.45862,1013.9406,-155.18895,-347.86115,813.83514,-86.201309,89.897781,1358.8325,-131.29466,394.49649,1263.5538,-130.70552,595.62091,1228.4844,-29.671629
877,8.76,-20.651169,1342.0455,-210.04649,-1.642593,1083.7102,51.373512,-150.17381,1329.2627,-124.81043,-248.0723,1014.3365,-155.12636,-349.33014,814.60107,-86.094063,87.878891,1360.0635,-131.40331,396.14059,1285.1047,-130.57687,599.20447,1265.5608,-28.864294
878,8.77,-20.877142,1342.1302,-209.96265,-1.4991697,1084.0914,51.627319,-150.14828,1329.316,-124.92903,-248.51714,1014.7645,-155.14899,-350.53644,815.31586,-85.895363,85.907127,1361.2455,-131.40077,396.39761,1306.7502,-130.54436,600.30493,1302.6721,-28.340746
879,8.78,-21.009535,1342.2419,-209.86115,-1.3056771,1084.4044,51.865753,-150.02122,1329.3901,-125.1123,-248.8432,1015.1327,-155.16414,-351.54294,815.93787,-85.776039,83.932587,1362.395,-131.34142,395.21176,1328.3398,-130.60519,598.8927,1339.4506,-27.886139
880,8.79,-21.059105,1342.4329,-209.75505,-1.023617,1084.7295,52.063179,-149.81654,1329.394,-125.18592,-249.09489,1015.4194,-155.09828,-352.37155,816.5097,-85.681404,82.115646,1363.5389,-131.13538,392.68228,1349.5859,-130.88208,594.97858,1375.7736,-27.508535
881,8.8,-21.117338,1342.7435,-209.61537,-0.66361344,1085.0566,52.227894,-149.55913,1329.3827,-125.24393,-249.18945,1015.6108,-154.95444,-353.05551,817.03876,-85.559021,80.308105,1364.553,-130.96643,388.68961,1370.3479,-131.3053,588.89453,1410.7578,-27.657372
882,8.81,-21.106264,1343.0598,-209.49144,-0.2410392,1085.3519,52.386692,-149.26778,1329.35,-125.42015,-249.15857,1015.7837,-154.99915,-353.54184,817.4726,-85.477921,78.669121,1365.4929,-130.51347,383.33926,1390.4686,-131.75346,580.57281,1444.6777,-28.14962
883,8.82,-20.982124,1343.3866,-209.31534,0.20202887,1085.6288,52.489677,-148.92349,1329.2634,-125.44463,-249.04594,1015.9094,-155.01221,-353.96399,817.93073,-85.54628,77.066818,1366.2594,-130.23572,376.74106,1409.7888,-131.92781,570.28857,1477.1852,-28.944023
884,8.83,-20.788719,1343.726,-209.23798,0.57906562,1085.8333,52.622139,-148.49751,1329.1721,-125.63154,-248.76805,1016.0302,-155.09718,-354.2446,818.32092,-85.747375,75.503662,1366.813,-129.76086,368.91843,1428.2513,-132.66037,558.22198,1507.988,-29.969845
885,8.84,-20.520277,1344.0201,-209.06956,1.0811561,1085.99,52.783264,-148.01892,1329.093,-125.47925,-248.34596,1016.1282,-155.14021,-354.37738,818.64343,-85.916565,73.886902,1367.248,-129.28165,360.0145,1445.5525,-133.54239,544.63806,1537.0314,-31.540308
886,8.85,-20.099377,1344.2765,-208.88103,1.576143,1086.0715,53.057693,-147.44586,1329.0162,-125.38461,-247.8662,1016.1821,-155.19267,-354.34238,818.91547,-86.036842,72.401558,1367.5554,-128.85373,350.34778,1461.4429,-134.1859,530.01025,1563.8947,-32.422211
887,8.86,-19.656502,1344.4893,-208.65657,2.0295236,1086.1179,53.278839,-146.85095,1328.9159,-125.38525,-247.29366,1016.1713,-155.1693,-354.1843,819.13318,-86.282265,71.066475,1367.7668,-128.44334,339.97443,1476.0403,-135.10944,514.01385,1589.0551,-33.721222
888,8.87,-19.128119,1344.7051,-208.54135,2.5212994,1086.088,53.48959,-146.21576,1328.896,-125.39673,-246.65579,1016.2126,-155.28603,-353.86011,819.33893,-86.697166,69.79554,1367.833,-128.22554,329.16144,1489.2175,-136.17043,496.98837,1612.4143,-35.409332
889,8.88,-18.576283,1344.7898,-208.33977,3.0243201,1086.0603,53.734371,-145.56613,1328.8407,-125.29692,-245.9326,1016.2554,-155.49348,-353.45206,819.45856,-87.049362,68.700729,1367.7938,-127.96931,317.97949,1500.4612,-137.27393,478.9895,1634.0281,-37.257004
890,8.89,-17.961658,1344.9043,-208.15172,3.5127552,1086.0081,53.98769,-144.90714,1328.829,-125.25349,-245.23923,1016.2396,-155.52841,-352.88153,819.52539,-87.51162,67.801872,1367.7452,-127.76004,307.06299,1510.4653,-138.72981,460.1705,1653.9689,-39.308506
891,8.9,-17.38785,1344.9592,-207.94772,3.9085922,1085.9637,54.271915,-144.34306,1328.8219,-125.05797,-244.55788,1016.1816,-155.45953,-352.19742,819.48267,-87.979004,67.078987,1367.7186,-127.76792,296.5242,1518.7355,-140.40799,440.60831,1672.3689,-41.608364
892,8.91,-16.837751,1344.9899,-207.85703,4.3679881,1085.9313,54.57692,-143.76187,1328.8522,-124.9011,-243.85242,1016.2482,-155.67674,-351.43481,819.40332,-88.471542,66.195641,1367.6039,-127.96034,286.66385,1525.5616,-142.36678,420.40668,1689.1946,-44.149128
893,8.92,-16.39926,1344.9447,-207.68861,4.8118863,1085.8835,54.856182,-143.27429,1328.947,-124.80177,-243.13799,1016.3575,-156.02057,-350.48172,819.23969,-88.918159,65.348518,1367.4286,-128.09856,277.85672,1530.9648,-144.53375,399.7439,1704.4259,-46.83807
894,8.93,-16.045933,1344.8768,-207.54849,5.2659845,1085.8868,55.018131,-142.82382,1329.0063,-124.58495,-242.52686,1015.8478,-154.74416,-349.51135,819.04504,-89.47039,64.604347,1367.2522,-128.17186,270.01407,1535.1846,-146.7896,378.78397,1717.9955,-49.69828
895,8.94,-15.776546,1344.8723,-207.64204,5.7525516,1085.9598,55.200031,-142.46617,1329.0624,-124.30338,-241.85208,1016.494,-156.31601,-348.46649,818.76996,-90.153999,63.634888,1367.1117,-128.67332,262.83463,1538.4711,-149.02744,357.96735,1729.8202,-52.694191
896,8.95,-15.606701,1344.797,-207.64934,6.2768903,1086.0095,55.35693,-142.18997,1329.1395,-124.0714,-241.28139,1016.1973,-155.55675,-347.36026,818.42603,-90.86718,62.938293,1366.8916,-128.93216,256.05527,1541.6514,-151.24551,337.50583,1740.0283,-55.779144
897,8.96,-15.563977,1344.775,-207.80435,6.7743239,1086.0776,55.415222,-141.99504,1329.1899,-123.9268,-240.65907,1016.2082,-155.60005,-346.18939,818.0141,-91.510361,61.148487,1366.9415,-131.33081,249.33076,1544.2322,-152.90077,317.74551,1748.6874,-58.677399
898,8.97,-15.549443,1344.6265,-207.78333,7.2500172,1086.1754,55.454002,-141.86752,1329.2068,-123.82051,-240.11858,1016.2986,-155.98915,-345.03665,817.59351,-92.199089,60.515167,1366.6637,-131.85956,242.61488,1546.5441,-153.9863,298.78061,1756.005,-61.399487
899,8.98,-15.566682,1344.5792,-207.99631,7.7410493,1086.2687,55.405552,-141.73112,1329.2273,-123.68025,-239.55765,1016.4511,-156.52098,-343.93869,817.1723,-93.023773,59.961239,1366.3213,-132.56779,235.73999,1548.746,-154.64986,280.71323,1762.1453,-63.734108
900,8.99,-15.595364,1344.5139,-208.14073,8.1781969,1086.3591,55.315166,-141.63316,1329.2035,-123.55268,-238.94661,1016.5042,-156.9447,-342.82266,816.73602,-93.741501,59.429066,1366.0558,-133.24232,228.99597,1550.848,-154.87219,263.46094,1767.2107,-65.850357
901,9.0,-15.672889,1344.3987,-208.24901,8.6324463,1086.4551,55.199192,-141.51399,1329.2362,-123.5674,-238.39296,1016.5853,-157.37257,-341.72073,816.31842,-94.352509,58.973381,1365.866,-134.92987,222.17371,1552.8065,-154.88033,246.82895,1771.4072,-67.960968
902,9.01,-15.670976,1344.3752,-208.54066,8.9784269,1086.501,55.178188,-141.39183,1329.2378,-123.49042,-237.81796,1016.5613,-157.65213,-340.72324,815.98615,-95.05619,58.405533,1365.6737,-135.55815,215.46176,1554.6169,-154.82574,231.11896,1774.7981,-69.910225
903,9.02,-15.673114,1344.3455,-208.73701,9.3512173,1086.5981,55.045227,-141.23737,1329.3016,-123.48801,-237.23045,1016.6591,-158.14186,-339.7489,815.64319,-95.476318,57.81601,1365.6675,-136.42944,208.95831,1556.3149,-154.87038,216.23409,1777.5275,-71.580498
904,9.03,-15.561483,1344.4388,-209.03862,9.6330843,1086.6887,55.04213,-141.06439,1329.349,-123.58574,-236.67838,1016.6384,-158.41588,-338.82037,815.36346,-96.045403,57.450077,1365.78,-136.85522,202.71834,1557.9038,-154.97687,202.38945,1779.663,-72.813309
905,9.04,-15.36769,1344.4158,-209.15169,9.8801031,1086.7787,54.987373,-140.87868,1329.3795,-123.6451,-236.26112,1016.5364,-158.32767,-337.98038,815.1557,-96.4897,57.001324,1365.9896,-137.41159,196.79227,1559.4231,-155.0433,189.46909,1781.3491,-73.551613
906,9.05,-15.081258,1344.3756,-209.23323,10.075772,1086.9458,54.980789,-140.64047,1329.4609,-123.78648,-235.85023,1016.1686,-157.5126,-337.16473,814.96613,-96.816261,56.487129,1366.226,-137.86339,191.21342,1560.8127,-155.04921,177.42284,1782.6112,-74.09082
907,9.06,-14.825816,1344.3156,-209.34465,10.257128,1087.1224,55.072571,-140.42354,1329.5103,-123.89828,-235.3369,1016.8163,-159.19035,-336.50665,814.8736,-97.179756,56.119808,1366.3887,-138.45793,186.16513,1561.9657,-154.94916,166.13126,1783.4756,-74.374596
908,9.07,-14.591806,1344.2571,-209.49117,10.423795,1087.3113,55.142765,-140.19708,1329.6024,-124.04192,-235.05353,1016.4738,-158.3257,-335.8912,814.83508,-97.442513,55.78521,1366.6007,-138.98289,181.6933,1563.057,-154.8299,155.49756,1783.9675,-74.645149
909,9.08,-14.383591,1344.2292,-209.59258,10.501408,1087.5397,55.170341,-140.0041,1329.7336,-124.25368,-234.55879,1016.5399,-158.84608,-335.39264,814.84192,-97.778625,55.353558,1366.8213,-139.69257,177.41969,1563.625,-155.03621,145.72653,1784.1656,-74.76062
910,9.09,-14.205672,1344.2772,-209.74017,10.598223,1087.76,55.234905,-139.80815,1329.838,-124.47567,-234.17288,1016.6278,-158.98166,-334.93973,814.88837,-97.988007,54.974308,1366.9713,-140.28934,173.71783,1564.3077,-155.03749,136.80391,1784.1066,-74.629135
911,9.1,-14.076525,1344.3125,-209.97166,10.640768,1088.0045,55.323849,-139.65544,1330.0073,-124.75094,-233.91199,1016.7625,-159.19841,-334.58664,814.98932,-98.163757,54.658154,1367.0427,-140.88364,169.94769,1565.2478,-155.22826,128.76805,1783.8966,-74.299644
912,9.11,-13.947677,1344.3187,-210.27342,10.660118,1088.2886,55.351341,-139.48946,1330.1448,-125.0252,-233.75708,1016.8692,-159.16072,-334.35303,815.10767,-98.312599,54.315018,1367.0691,-141.49458,166.98236,1565.5294,-154.82805,121.58479,1783.5182,-73.788277
913,9.12,-13.892117,1344.2446,-210.5612,10.621851,1088.5486,55.41811,-139.40439,1330.2948,-125.32639,-233.71465,1017.0275,-159.20787,-334.18326,815.27228,-98.449158,54.043598,1367.1124,-142.16573,164.03334,1565.8756,-154.65648,115.35904,1783.0413,-73.111664
914,9.13,-13.810699,1344.175,-210.9028,10.558351,1088.7482,55.45686,-139.35648,1330.4567,-125.55621,-233.69881,1017.2412,-159.26553,-334.11356,815.42377,-98.432304,53.87101,1367.1547,-142.65334,161.40515,1566.0869,-154.28761,109.77358,1782.3997,-72.379662
915,9.14,-13.712403,1344.1288,-211.19293,10.469665,1088.9247,55.51746,-139.27179,1330.6147,-125.79891,-233.77905,1017.3887,-159.09856,-334.08911,815.60931,-98.317276,53.742081,1367.1199,-143.08957,159.33067,1566.1455,-153.84749,104.95485,1781.6576,-71.561775
916,9.15,-13.65867,1344.0247,-211.35713,10.344008,1089.0908,55.524597,-139.22009,1330.7826,-126.04621,-233.90808,1017.571,-158.99371,-334.19592,815.86176,-98.246971,53.657715,1367.101,-143.54611,157.71806,1566.1292,-153.44637,100.90393,1780.8411,-70.76664
917,9.16,-13.577727,1343.9674,-211.57646,10.157772,1089.1823,55.499359,-139.1723,1330.9531,-126.2533,-234.09888,1018.0068,-159.50598,-334.43539,816.12762,-98.027229,53.619511,1367.0452,-143.93794,156.52193,1566.0984,-153.13077,97.873383,1780.1494,-69.784851
918,9.17,-13.489718,1343.8627,-211.60025,9.887392,1089.2065,55.499611,-139.1649,1331.0924,-126.27675,-234.43707,1017.9103,-158.6736,-334.70486,816.41541,-97.811417,53.566181,1366.9531,-144.31171,155.65932,1566.1759,-152.8175,95.890839,1779.6259,-68.718521
919,9.18,-13.483528,1343.8032,-211.69513,9.6045475,1089.2196,55.455681,-139.17348,1331.1884,-126.30205,-234.78752,1018.65,-159.67097,-335.10614,816.67871,-97.491562,53.472301,1366.8435,-144.51886,154.99182,1566.3024,-152.58015,95.128143,1779.3795,-67.46743
920,9.19,-13.530286,1343.8018,-211.84055,9.314456,1089.1545,55.400745,-139.21521,1331.3147,-126.37074,-235.34882,1018.6974,-158.92178,-335.64551,817.0257,-97.237289,53.292027,1366.7572,-144.63605,154.47823,1566.4399,-152.16219,95.802864,1779.4463,-66.127327
921,9.2,-13.607759,1343.7853,-211.89249,8.9831781,1089.0984,55.350254,-139.2993,1331.4064,-126.40517,-235.91766,1019.1796,-159.11909,-336.24469,817.36426,-97.056778,53.092369,1366.6163,-144.53723,154.20689,1566.5936,-151.83899,97.901909,1779.91,-64.87429
922,9.21,-13.707848,1343.765,-211.82829,8.62498,1089.0142,55.269218,-139.44493,1331.4856,-126.35863,-236.4455,1019.5189,-159.1927,-336.96225,817.7171,-96.795334,52.809235,1366.5913,-144.49185,154.33553,1566.7738,-151.69792,101.59433,1780.7545,-63.701332
923,9.22,-13.862431,1343.7736,-211.69945,8.2281017,1088.8918,55.252907,-139.62581,1331.5897,-126.39088,-237.01855,1019.7795,-159.20494,-337.75577,818.1004,-96.567612,52.566765,1366.6222,-144.14711,154.8564,1566.9866,-151.64537,106.81863,1781.8794,-62.750458
924,9.23,-14.033491,1343.7837,-211.58299,7.808239,1088.7849,55.264091,-139.86685,1331.6405,-126.28892,-237.6013,1019.9647,-159.16429,-338.74081,818.48157,-96.414627,52.277168,1366.6665,-143.88248,155.89195,1567.2126,-151.75813,113.66065,1783.2236,-62.022282
925,9.24,-14.269335,1343.7902,-211.37372,7.4007931,1088.7145,55.364902,-140.18336,1331.7249,-126.23337,-238.29568,1020.1525,-158.97021,-339.7691,818.84753,-96.205841,51.950214,1366.7649,-143.5112,157.64363,1567.4751,-152.12424,122.00975,1784.6349,-61.773495
926,9.25,-14.613926,1343.8663,-211.17004,6.96562,1088.6423,55.474762,-140.58347,1331.762,-125.97394,-239.06186,1020.3177,-158.91043,-340.88342,819.22754,-96.051308,51.640759,1366.7686,-143.02599,160.26147,1567.6099,-152.66875,131.78749,1785.934,-62.004505
927,9.26,-15.06991,1343.9746,-210.87616,6.4477272,1088.5225,55.62674,-141.07932,1331.7683,-125.64567,-239.90114,1020.6328,-159.18181,-342.15366,819.63782,-95.983192,51.327484,1366.8356,-142.42798,163.78694,1567.5784,-153.52158,143.00124,1787.0121,-62.623718
928,9.27,-15.580211,1344.0955,-210.48293,5.9495716,1088.4653,55.759666,-141.60214,1331.8093,-125.35912,-240.84993,1020.8828,-159.19489,-343.50095,820.01654,-95.89389,51.034908,1366.9607,-141.74165,167.84674,1567.3859,-154.56566,155.68256,1787.7094,-63.587109
929,9.28,-16.15346,1344.2363,-210.03571,5.3639464,1088.3497,55.924358,-142.18037,1331.8245,-124.9945,-241.78674,1021.0644,-159.04985,-345.03586,820.45587,-96.021431,50.773415,1366.973,-141.07587,172.58644,1566.6815,-155.68704,169.69017,1787.8541,-64.851707
930,9.29,-16.714596,1344.2942,-209.46814,4.8395658,1088.2896,56.161533,-142.77934,1331.8615,-124.45256,-242.80292,1021.3737,-159.08112,-346.59665,820.93378,-96.089745,50.632576,1367.1309,-140.32773,177.96114,1565.7966,-156.67084,185.07001,1787.2909,-66.339073
931,9.3,-17.353159,1344.3815,-208.92615,4.2812338,1088.196,56.460411,-143.40161,1331.9203,-123.93613,-243.92076,1021.7679,-159.1073,-348.3107,821.47595,-96.397209,50.554245,1367.3448,-139.5117,183.7916,1564.7197,-157.6517,201.39215,1785.8965,-68.058098
932,9.31,-18.007378,1344.4819,-208.37373,3.7287819,1088.0396,56.773079,-143.99852,1332.024,-123.43554,-245.05786,1022.1499,-159.03769,-350.13477,822.04877,-96.661415,50.639126,1367.5267,-138.77133,189.86807,1563.1349,-158.65968,218.68576,1783.5164,-69.937988
933,9.32,-18.611654,1344.619,-207.81056,3.1424203,1087.9438,57.076061,-144.59424,1332.1694,-122.86846,-246.25926,1022.568,-158.94958,-352.0574,822.73163,-97.165833,50.840862,1367.6699,-137.97896,196.19141,1561.192,-159.7915,236.50743,1780.1295,-71.909592
934,9.33,-19.185173,1344.7311,-207.19701,2.5989146,1087.8239,57.399303,-145.18333,1332.3081,-122.11132,-247.56479,1023.0535,-158.82857,-353.95187,823.40009,-97.356567,51.216141,1367.7782,-137.20436,203.04573,1558.7402,-160.94635,254.65149,1775.7178,-74.039818
935,9.34,-19.721355,1344.8629,-206.56873,2.0790248,1087.6882,57.691246,-145.66698,1332.4875,-121.28299,-248.86354,1023.592,-158.65407,-355.98868,824.21033,-97.888229,51.800728,1367.7366,-136.18596,210.46489,1555.8431,-162.12068,272.89423,1770.321,-76.310249
936,9.35,-20.208485,1344.9545,-205.91081,1.603815,1087.495,57.947437,-146.15573,1332.686,-120.5388,-250.20743,1024.14,-158.43919,-358.07712,825.04279,-98.249069,52.374321,1367.7253,-135.48662,218.49211,1552.3181,-163.24371,291.07755,1764.0922,-78.664375
937,9.36,-20.722721,1345.0245,-205.27931,1.1422867,1087.3361,58.16964,-146.60429,1332.9341,-119.86204,-251.61597,1024.7474,-158.12602,-360.28906,825.92426,-98.763702,52.999893,1367.7162,-134.09639,227.15837,1548.177,-164.3839,309.08093,1756.9894,-81.162445
938,9.37,-21.211857,1345.0914,-204.71852,0.73751956,1087.1642,58.352634,-147.02116,1333.1642,-119.00794,-253.12064,1024.8239,-156.59834,-362.521,826.85468,-99.050316,53.807491,1367.5972,-133.54573,236.17561,1543.4315,-165.35013,326.93423,1749.0499,-83.630104
939,9.38,-21.692232,1345.1686,-204.1114,0.32735601,1086.9886,58.591316,-147.34729,1333.395,-118.16577,-254.54318,1025.549,-156.36961,-364.81729,827.91632,-99.559135,54.636429,1367.5638,-132.79414,245.22768,1538.2516,-166.31342,344.54269,1740.2716,-86.03492
940,9.39,-22.120989,1345.2197,-203.48929,0.00037946639,1086.8739,58.79707,-147.63492,1333.6528,-117.39646,-255.89856,1026.3,-156.24277,-367.16226,829.02643,-99.997635,55.347706,1367.5902,-131.44778,254.02159,1532.7197,-167.04878,361.99725,1730.6571,-88.298637
941,9.4,-22.442369,1345.3118,-203.08455,-0.25485232,1086.7999,58.888786,-147.85365,1333.8763,-116.519,-257.34299,1027.0852,-156.07368,-369.43527,830.20337,-100.24091,56.462307,1367.4362,-131.35657,262.50186,1526.9659,-167.75826,379.38492,1720.1381,-90.206024
942,9.41,-22.681749,1345.3618,-202.57793,-0.47718543,1086.6755,58.998425,-147.96979,1334.1805,-115.83704,-258.71054,1027.8396,-155.85629,-371.8075,831.43451,-100.57925,57.159897,1367.3448,-130.01683,270.62552,1521.0132,-168.31007,396.5932,1708.6769,-91.782333
943,9.42,-22.983393,1345.353,-202.10338,-0.67376286,1086.53,59.053135,-148.08203,1334.3701,-115.15913,-259.99762,1028.6282,-155.57967,-374.17667,832.66754,-100.79404,58.181702,1367.0415,-129.84013,278.51154,1514.7312,-168.70802,413.64368,1696.2546,-93.018127
944,9.43,-23.219984,1345.4078,-201.7052,-0.88297045,1086.3751,59.154221,-148.20433,1334.5597,-114.5464,-261.35358,1029.3666,-155.39859,-376.51978,833.88904,-100.96728,58.793262,1366.9218,-128.49586,286.2189,1508.2944,-169.14076,430.28598,1682.9044,-94.151016
945,9.44,-23.429573,1345.3743,-201.18651,-1.0477352,1086.2236,59.271893,-148.31708,1334.7075,-114.00989,-262.66739,1030.1042,-155.45535,-378.88818,835.09296,-101.02664,60.032852,1366.5951,-127.95447,293.62067,1501.5831,-169.54665,446.39639,1668.7178,-95.094353
946,9.45,-23.597862,1345.4501,-200.88191,-1.2161254,1086.0885,59.413025,-148.41,1334.8184,-113.57323,-263.90396,1030.5172,-154.96927,-381.25397,836.2312,-100.99799,61.047558,1366.4972,-126.57209,300.80246,1494.5251,-169.86057,461.76163,1653.8712,-96.098434
947,9.46,-23.710993,1345.5106,-200.4664,-1.3554688,1085.9581,59.642075,-148.55818,1334.9089,-113.10622,-265.14154,1031.0649,-154.82997,-383.52005,837.34387,-100.84581,62.092106,1366.2957,-125.98188,307.82425,1487.0989,-170.10493,476.39569,1638.4249,-97.107544
948,9.47,-23.840906,1345.6028,-200.07452,-1.5667433,1085.7849,59.786324,-148.66309,1335.0046,-112.64839,-266.30283,1031.5287,-154.48022,-385.7551,838.52008,-100.68576,63.020668,1366.0258,-125.35033,314.75009,1479.1455,-170.37398,490.20105,1622.5093,-98.320892
949,9.48,-23.984394,1345.6544,-199.72845,-1.8229729,1085.5809,59.89518,-148.73946,1335.0709,-112.24342,-267.35657,1032.0283,-154.21719,-387.85709,839.64587,-100.49516,63.688816,1365.6863,-124.70839,321.50418,1470.5365,-170.67125,503.17694,1606.188,-99.611481
950,9.49,-24.146074,1345.7095,-199.3945,-2.0969398,1085.3385,60.023373,-148.79709,1335.1194,-111.89542,-268.46494,1032.5428,-154.01961,-389.84155,840.72089,-100.18426,64.197632,1365.4199,-124.13009,328.20703,1461.1884,-171.02589,515.38757,1589.4196,-101.12196
951,9.5,-24.255367,1345.6681,-199.0334,-2.3861637,1085.0934,60.049477,-148.86644,1335.1692,-111.63918,-269.46115,1032.9901,-153.80904,-391.65091,841.71564,-99.802414,64.713974,1365.1417,-123.52835,334.61722,1451.3237,-171.39365,526.77832,1572.2518,-103.04768
952,9.51,-24.353613,1345.6705,-198.84955,-2.7147548,1084.8746,60.024193,-148.97589,1335.2167,-111.43586,-270.4415,1033.3518,-153.53804,-393.41663,842.61035,-99.467033,65.322037,1364.9331,-123.02638,340.64844,1441.1731,-171.87474,537.43005,1554.5851,-104.83219
953,9.52,-24.458344,1345.637,-198.50648,-3.1154079,1084.6464,60.103283,-149.10681,1335.2614,-111.26905,-271.2937,1033.6635,-153.20935,-395.02194,843.44427,-99.096565,66.055878,1364.6847,-122.48453,346.21033,1430.7366,-171.80185,547.71094,1536.2635,-106.06293
954,9.53,-24.508896,1345.722,-198.34245,-3.4206309,1084.4786,60.141563,-149.23203,1335.3342,-110.9909,-272.06778,1033.9623,-152.92696,-396.49493,844.18994,-98.684937,66.724785,1364.4469,-122.21124,351.2507,1420.2206,-172.42189,556.92426,1517.6041,-107.54832
955,9.54,-24.593222,1345.7194,-198.08531,-3.7164276,1084.3062,60.233047,-149.34264,1335.4431,-110.80026,-272.79739,1034.37,-152.89275,-397.71249,844.89862,-98.197723,67.441864,1364.1107,-121.7949,355.87469,1409.3885,-172.23804,565.2229,1498.8335,-109.11072
956,9.55,-24.692192,1345.6816,-197.92302,-4.021306,1084.1714,60.252796,-149.42067,1335.573,-110.62257,-273.45508,1034.6586,-152.39386,-398.79489,845.62659,-97.849442,67.974464,1363.8319,-121.43757,360.15649,1398.2318,-172.35886,572.78308,1479.501,-110.54345
957,9.56,-24.751251,1345.9397,-198.46614,-4.3259034,1084.0076,60.212906,-149.50684,1335.6613,-110.41291,-274.02023,1035.0118,-152.15514,-399.77786,846.19391,-97.531609,68.362656,1363.7061,-121.10196,364.10254,1386.5206,-172.41718,579.42548,1460.0598,-112.0715
958,9.57,-24.92564,1345.6593,-197.72923,-4.521884,1083.8505,60.157318,-149.61073,1335.7471,-110.20506,-274.5603,1035.2946,-151.90694,-400.59692,846.62561,-97.11573,68.696945,1363.4263,-120.92493,367.60568,1374.1617,-172.51768,585.2691,1440.4095,-113.79534
959,9.58,-25.18598,1345.6525,-197.44978,-4.7290263,1083.6782,60.055458,-149.76639,1335.7925,-109.96821,-275.02484,1035.4158,-151.5356,-401.22598,846.98615,-96.833763,69.089607,1363.119,-120.48293,370.57205,1361.6299,-172.70558,590.19067,1420.4919,-115.94611
960,9.59,-25.417389,1345.7852,-197.28551,-4.9165435,1083.5286,59.961582,-149.99831,1335.8724,-109.6432,-275.37201,1035.5137,-151.35944,-401.74402,847.23645,-96.589096,69.644905,1362.7526,-120.02298,372.80734,1349.6033,-173.44408,594.47064,1400.0986,-118.21411
961,9.6,-25.59457,1345.958,-197.03964,-5.0656109,1083.3715,59.914902,-150.18446,1335.9226,-109.25185,-275.60983,1035.6252,-151.1283,-402.07169,847.39532,-96.408371,70.469429,1362.2585,-119.60517,374.58032,1337.1907,-173.13895,597.99512,1379.3646,-120.20163
962,9.61,-25.744019,1346.0543,-196.67917,-5.1496186,1083.1912,59.94595,-150.32895,1336.0388,-108.94582,-275.81369,1035.772,-150.85585,-402.16531,847.50287,-96.081657,71.412796,1361.7615,-119.17344,375.74423,1325.4231,-172.94046,600.85925,1358.4364,-121.68333
963,9.62,-25.72468,1346.078,-196.27023,-5.2835402,1082.999,59.959099,-150.37099,1336.1648,-108.6623,-275.87033,1035.9768,-150.62619,-402.02521,847.61096,-95.876541,72.319534,1361.2643,-118.82714,376.56418,1313.838,-172.65891,602.90088,1337.443,-122.7131
964,9.63,-25.645555,1346.118,-196.03076,-5.3403206,1082.7804,59.915764,-150.32964,1336.308,-108.28117,-275.85434,1036.1603,-150.43263,-401.75415,847.62988,-95.664978,73.182648,1360.7719,-118.56528,377.04147,1302.2343,-172.32292,604.12061,1316.4557,-123.40539
965,9.64,-25.597662,1346.0847,-195.76849,-5.4060774,1082.5355,59.908558,-150.22031,1336.4265,-108.0234,-275.70749,1036.3235,-150.23773,-401.31375,847.53485,-95.450241,74.065651,1360.2754,-118.33634,377.26083,1290.4231,-172.11024,604.45618,1295.5298,-123.90504
966,9.65,-25.54644,1346.1233,-195.65164,-5.3982782,1082.2817,59.868095,-150.09955,1336.5042,-107.7343,-275.45578,1036.3567,-150.03227,-400.82101,847.30231,-95.333015,74.875145,1359.7808,-118.10809,377.02905,1278.4408,-172.00143,603.88843,1274.6556,-124.46091
967,9.66,-25.529131,1346.1827,-195.49515,-5.3237572,1082.0527,59.833462,-150.02388,1336.4913,-107.33237,-275.09872,1036.219,-149.89948,-400.13043,846.9776,-95.197609,75.745102,1359.2349,-117.87321,376.33444,1266.4974,-171.90219,602.52783,1253.7699,-124.96794
968,9.67,-25.556093,1346.2393,-195.33372,-5.1967325,1081.8407,59.861004,-149.99173,1336.4512,-107.11507,-274.64264,1035.9915,-149.75798,-399.36438,846.57037,-95.177322,76.714912,1358.674,-117.61979,375.11237,1254.8766,-171.79317,600.30316,1232.8668,-125.50301
969,9.68,-25.497627,1346.2985,-195.16324,-5.0459056,1081.6393,59.951645,-149.96527,1336.3722,-106.79852,-274.08069,1035.8667,-150.09302,-398.44583,846.02087,-95.12442,77.787498,1358.0811,-117.43692,373.51782,1243.6608,-171.57274,597.37903,1212.0521,-125.83798
970,9.69,-25.349739,1346.3119,-195.02209,-4.8418813,1081.4929,60.038628,-149.87807,1336.2738,-106.57278,-273.50323,1035.4114,-149.60056,-397.40494,845.42212,-95.107773,78.96199,1357.5901,-117.36886,371.59879,1232.7557,-171.21034,593.70056,1191.3668,-126.04858
971,9.7,-25.128902,1346.2534,-194.86177,-4.5932655,1081.3585,60.115314,-149.73923,1336.1842,-106.40319,-272.77274,1035.1135,-149.53671,-396.08423,844.73029,-95.028229,80.207016,1357.1019,-117.35773,369.39886,1222.015,-170.86258,589.28607,1170.9467,-125.99725
972,9.71,-24.86368,1346.1931,-194.74001,-4.3544455,1081.2252,60.27285,-149.51883,1336.0991,-106.32719,-271.91479,1034.7561,-149.51291,-394.67688,843.98425,-95.020798,81.575478,1356.6575,-117.42606,366.91751,1211.2338,-170.55537,584.10718,1150.7773,-125.70647
973,9.72,-24.570465,1346.2101,-194.69511,-4.0835252,1081.0679,60.402599,-149.26581,1335.9698,-106.14335,-270.98938,1034.3539,-149.48932,-393.06967,843.14038,-95.038956,83.105545,1356.1544,-117.58373,364.03922,1200.4901,-170.32008,578.18201,1130.9839,-125.394
974,9.73,-24.220823,1346.1821,-194.58121,-3.758492,1080.9126,60.582764,-148.97002,1335.8663,-106.06712,-269.83148,1033.9054,-149.54172,-391.3566,842.25616,-95.201576,84.939674,1355.5061,-117.7577,360.81705,1189.8616,-170.1053,571.48138,1111.6107,-125.12493
975,9.74,-23.884167,1346.1973,-194.535,-3.3910117,1080.8171,60.689606,-148.66264,1335.7496,-106.05333,-268.57785,1033.329,-149.53326,-389.54355,841.33099,-95.388969,87.04673,1354.6946,-118.00358,357.15054,1179.3347,-169.7419,564.22577,1092.7644,-124.8204
976,9.75,-23.506205,1346.2029,-194.55345,-2.9609613,1080.6821,60.847725,-148.39236,1335.6204,-106.08848,-267.30679,1032.804,-149.57069,-387.44431,840.29419,-95.402702,89.459061,1353.6461,-118.3492,353.09729,1168.8428,-169.18265,556.38867,1074.411,-124.46358
977,9.76,-23.021643,1346.1335,-194.54547,-2.5709352,1080.5697,60.947372,-148.14995,1335.4772,-106.01817,-265.86551,1032.1536,-149.64204,-385.15353,839.16626,-95.445564,92.282761,1352.4574,-118.66502,348.67886,1158.3448,-168.63316,548.14758,1056.5133,-123.94586
978,9.77,-22.446753,1346.0089,-194.51999,-2.1797767,1080.4452,60.967422,-147.97737,1335.3358,-106.12666,-264.4231,1031.5153,-149.87152,-382.77353,837.961,-95.568665,95.167641,1351.1906,-118.64665,344.09537,1147.9972,-168.23518,539.42999,1039.0164,-123.27882
979,9.78,-21.800236,1345.7644,-194.35475,-1.8682191,1080.3199,61.002483,-147.79179,1335.1649,-106.19656,-262.88303,1030.7689,-150.0334,-380.13504,836.62427,-95.700562,97.967651,1349.9192,-118.20789,339.34409,1137.6449,-168.10338,530.12946,1021.8193,-122.55521
980,9.79,-21.046881,1345.5552,-194.20818,-1.6214585,1080.1742,61.031487,-147.63268,1334.9362,-106.09001,-261.22638,1030.006,-150.29648,-377.26501,835.12372,-95.799774,100.60268,1348.5782,-117.41328,334.30505,1127.4877,-168.22278,520.12653,1004.8467,-121.76603
981,9.8,-20.330488,1345.4611,-194.1485,-1.3428752,1080.0438,61.151379,-147.45085,1334.7957,-106.56312,-259.46683,1029.2623,-150.92577,-374.1962,833.50232,-96.025055,103.24636,1347.1001,-116.61214,329.19949,1117.8341,-168.89534,509.4487,988.03754,-121.08925
982,9.81,-19.506342,1345.3617,-194.01566,-1.1557651,1079.936,61.206562,-147.24461,1334.5815,-106.67875,-257.61148,1028.4093,-151.2722,-370.8721,831.78534,-96.291359,105.36368,1345.7938,-116.35355,323.56192,1108.0914,-169.17751,498.00507,971.46643,-120.81567
983,9.82,-18.680994,1345.1886,-193.98848,-1.0574002,1079.7975,61.385635,-147.03102,1334.45,-106.94673,-255.65688,1027.3407,-151.1582,-367.36996,829.99414,-96.599182,106.97585,1344.4026,-116.34364,317.09778,1098.7343,-169.20674,485.67206,954.97998,-120.81506
984,9.83,-17.888182,1344.9397,-193.92754,-1.0006698,1079.7321,61.584316,-146.8139,1334.3362,-107.18508,-253.54358,1026.6517,-151.82159,-363.54865,828.21545,-96.895248,108.42071,1342.9926,-116.37766,310.49915,1089.8831,-169.70805,472.70901,939.01849,-120.7787
985,9.84,-17.079828,1344.7434,-193.96278,-1.0005476,1079.7178,61.851265,-146.55196,1334.2855,-107.4982,-251.39993,1025.7244,-151.78317,-359.58667,826.43018,-97.313904,109.8354,1341.6582,-116.25127,303.68912,1081.3881,-170.20259,458.82437,923.41754,-121.10232
986,9.85,-16.31785,1344.5549,-193.98642,-1.0387526,1079.6479,62.128765,-146.26515,1334.2416,-107.78607,-249.19632,1025.0992,-152.45833,-355.36819,824.64697,-97.63855,111.19318,1340.5458,-116.1771,296.85785,1073.4442,-171.12764,444.57986,908.52875,-121.89977
987,9.86,-15.554119,1344.4861,-194.09027,-1.0950254,1079.6279,62.355438,-145.96822,1334.2312,-108.07612,-246.93962,1024.3264,-152.47632,-350.94244,822.80237,-97.980354,112.42226,1339.54,-116.16702,289.50742,1065.7142,-171.57092,429.91174,894.40228,-123.18997
988,9.87,-14.868475,1344.4414,-194.17032,-1.1826129,1079.5956,62.599079,-145.63835,1334.2537,-108.34339,-244.63792,1023.6526,-152.92477,-346.38651,821.00537,-98.286667,113.60661,1338.5697,-116.17943,281.91669,1058.3645,-171.86992,414.87051,881.15479,-124.80311
989,9.88,-14.142809,1344.4176,-194.22026,-1.1838677,1079.6132,62.761299,-145.27483,1334.2327,-108.53143,-242.28481,1023.0191,-153.2753,-341.70224,819.17633,-98.641083,114.58069,1337.6813,-116.21407,274.08765,1051.4614,-172.07368,399.49344,868.85236,-126.60347
990,9.89,-13.439582,1344.4463,-194.3183,-1.1392567,1079.6786,62.950775,-144.88556,1334.2078,-108.76767,-239.86531,1022.3367,-153.57121,-336.92755,817.4165,-98.967178,115.60323,1337.0281,-116.25233,266.10806,1045.277,-172.10999,383.85657,857.58228,-128.30066
991,9.9,-12.728077,1344.4935,-194.43394,-1.0132267,1079.7355,63.079334,-144.50931,1334.1825,-109.12264,-237.44499,1021.7235,-153.87312,-332.07751,815.67419,-99.209793,116.66376,1336.5803,-116.27328,258.18433,1039.8236,-172.05055,368.1254,847.31561,-129.92578
992,9.91,-11.963206,1344.5417,-194.53407,-0.79746079,1079.8018,63.234665,-144.09778,1334.1608,-109.44313,-234.98471,1021.1344,-154.22653,-327.32376,813.98608,-99.551407,117.77992,1336.1013,-116.13786,250.60216,1035.0607,-171.83618,352.45471,838.08502,-131.1257
993,9.92,-11.104166,1344.5604,-194.61566,-0.53725111,1079.8732,63.343494,-143.6306,1334.1029,-109.72417,-232.48952,1020.5414,-154.52991,-322.66241,812.35175,-99.879669,118.7813,1335.605,-116.06838,243.44518,1030.9086,-171.48599,337.01398,829.86041,-131.95673
994,9.93,-10.282383,1344.5781,-194.58769,-0.26757449,1079.9124,63.422585,-143.18187,1334.0181,-110.07194,-230.07613,1020.0225,-154.8521,-318.02106,810.86371,-100.06181,119.82756,1335.1538,-115.82259,236.83412,1027.2448,-170.94696,322.11737,822.55707,-132.35632
995,9.94,-9.4315472,1344.5414,-194.57277,0.051610559,1079.934,63.552933,-142.74031,1333.8939,-110.41625,-227.69809,1019.7191,-155.78683,-313.69781,809.51215,-100.39727,120.83881,1334.5955,-115.68632,230.92577,1024.0415,-170.30225,308.008,816.1026,-132.40363
996,9.95,-8.653698,1344.4963,-194.52962,0.3239243,1079.9758,63.633419,-142.27173,1333.7454,-110.70043,-225.47783,1019.2897,-156.10583,-309.65942,808.2829,-100.78071,121.77903,1333.9503,-115.51073,225.50914,1021.0461,-169.40625,294.99811,810.46057,-132.25427
997,9.96,-7.8424129,1344.38,-194.37572,0.61956716,1079.9818,63.726181,-141.85117,1333.6093,-111.06496,-223.46591,1018.932,-156.37299,-306.07825,807.24011,-101.17854,122.65503,1333.2485,-115.24699,220.4229,1018.2774,-168.18004,283.46823,805.66583,-131.92761
998,9.97,-7.0897861,1344.3125,-194.44057,0.85930181,1080.0107,63.861237,-141.38692,1333.4607,-111.34869,-221.80038,1018.5903,-156.35718,-302.96869,806.37,-101.54282,123.53816,1332.5367,-115.04531,216.69434,1015.9323,-167.56816,273.62946,801.67157,-131.60661
999,9.98,-6.3929033,1344.1884,-194.47656,1.0408512,1080.037,63.884274,-140.92854,1333.3107,-111.52256,-220.44313,1018.7533,-157.10574,-300.56699,805.79138,-101.99834,124.37595,1331.7444,-114.8073,213.22249,1013.7316,-166.29646,265.7377,798.48608,-131.38509
1000,9.99,-5.6900663,1344.0208,-194.48991,1.1973997,1080.0289,63.991146,-140.43002,1333.2056,-111.78528,-219.72121,1018.5312,-156.46667,-299.08325,805.52966,-102.5378,125.16032,1331.0079,-114.5692,211.12689,1012.178,-165.67746,260.04651,796.14374,-131.33401
1001,10.0,-5.0477343,1343.808,-194.50137,1.2364764,1080.0159,64.012695,-139.90482,1333.173,-112.0006,-219.44023,1018.8925,-156.68118,-298.5531,805.65765,-102.97289,125.79456,1330.3451,-114.39371,209.88757,1011.065,-164.83211,257.02109,794.82965,-131.46854
1002,10.01,-4.4709644,1343.6681,-194.77246,1.2485921,1079.963,63.979618,-139.33563,1333.2745,-112.2964,-219.7117,1019.5663,-157.03958,-299.29846,806.32855,-103.49336,126.21456,1329.9012,-114.22897,210.06711,1010.7375,-163.97699,256.92526,794.49695,-130.91211
1003,10.02,-4.0515637,1343.4165,-194.69499,1.1591558,1079.8962,63.952148,-138.7334,1333.542,-112.45538,-220.59277,1020.5805,-157.31297,-301.51926,807.70337,-104.08849,126.40508,1329.7245,-114.10853,211.96315,1011.2167,-163.30022,259.54083,795.15717,-129.55482
1004,10.03,-3.7665036,1343.3311,-194.82013,1.0068196,1079.7646,63.858032,-138.09523,1333.8647,-112.63779,-222.16495,1021.9339,-157.77094,-305.39093,809.77081,-104.92711,126.34801,1329.8191,-113.96011,215.18118,1012.3456,-162.75055,264.76398,796.7489,-127.97168
1005,10.04,-3.56183,1343.3099,-194.92601,0.88375026,1079.6199,63.7855,-137.47758,1334.238,-112.82877,-224.38701,1023.6149,-158.1886,-311.03043,812.6283,-106.25677,126.04795,1330.1455,-113.85961,219.30058,1014.0533,-162.34076,272.41565,799.44757,-126.63527
1006,10.05,-3.4340963,1343.3367,-194.9536,0.7560901,1079.5428,63.702011,-136.83018,1334.7228,-113.177,-227.33589,1025.6072,-158.76083,-318.49472,816.26086,-107.75059,125.62112,1330.6742,-113.73199,224.14946,1016.428,-161.97194,282.41135,803.3197,-125.49416
1007,10.06,-3.3138289,1343.4296,-195.02002,0.72347242,1079.4829,63.623405,-136.14247,1335.2903,-113.52687,-231.05615,1027.8115,-159.42917,-327.61432,820.73419,-109.32101,125.11784,1331.3959,-113.59105,229.86267,1019.5876,-161.76231,294.65439,808.39313,-124.2677
1008,10.07,-3.1345816,1343.4857,-195.09917,0.69938242,1079.4725,63.604393,-135.45287,1335.8333,-113.93086,-235.58696,1030.3857,-160.16776,-338.42563,826.05243,-111.09552,124.47966,1332.2881,-113.52072,236.68311,1023.4865,-161.56671,308.93112,814.70789,-123.11025
1009,10.08,-2.992305,1343.5452,-195.11064,0.76276958,1079.5374,63.584328,-134.78377,1336.4277,-114.45427,-241.01418,1033.2498,-160.96382,-350.79007,832.38562,-112.99734,123.80768,1333.2843,-113.44337,244.52731,1028.0765,-161.31796,325.15564,822.44275,-121.77341
1010,10.09,-2.8453166,1343.5918,-195.19524,0.79060096,1079.6327,63.569954,-134.09499,1337.0093,-114.75959,-247.34984,1036.619,-161.86143,-364.59921,839.80225,-114.98444,123.14172,1334.3936,-113.35751,253.26385,1033.5762,-161.0919,342.94827,831.71173,-120.32282
1011,10.1,-2.6802568,1343.67,-195.41168,0.92830539,1079.8053,63.524998,-133.41029,1337.6602,-115.1892,-254.5267,1040.5763,-162.84593,-379.66815,848.47546,-117.2681,122.35307,1335.6532,-113.2739,262.71027,1040.0282,-160.84486,362.06522,842.76263,-118.6935
1012,10.11,-2.581296,1343.6781,-195.54503,1.0791305,1079.9701,63.486084,-132.72365,1338.3821,-115.67591,-262.39139,1045.2548,-164.00386,-395.74496,858.5423,-119.6698,121.49824,1337.0793,-113.27696,272.96616,1047.5208,-160.51653,382.21182,855.61237,-116.7914
1013,10.12,-2.492115,1343.6951,-195.95193,1.2692841,1080.1617,63.513882,-132.007,1339.2109,-116.07484,-270.8725,1050.731,-165.17422,-412.81573,870.16028,-122.26186,120.56868,1338.5795,-113.30303,283.78879,1056.1729,-160.06705,403.00546,870.46472,-114.79041
1014,10.13,-2.4101992,1343.6738,-196.377,1.4442548,1080.3861,63.407986,-131.22372,1340.1313,-116.51682,-279.76443,1056.9922,-166.39426,-430.5683,883.37134,-124.92675,119.47023,1340.1769,-113.48995,294.91473,1065.9816,-159.54601,424.31113,887.23956,-112.7063
1015,10.14,-2.3664758,1343.661,-196.92537,1.6690288,1080.6282,63.416161,-130.21675,1341.1635,-117.08657,-289.13217,1064.1429,-167.75423,-448.88394,898.37244,-127.93374,118.17884,1341.796,-113.80318,305.99222,1076.6768,-158.76053,445.74109,906.00763,-110.64788
1016,10.15,-2.3223414,1343.5841,-197.37508,1.8362919,1080.9104,63.368195,-129.0262,1342.0568,-117.57684,-298.8186,1072.1405,-169.07738,-467.4252,915.05664,-130.97362,116.71011,1343.3832,-114.22781,317.39505,1088.5593,-158.36555,467.12332,926.83038,-108.60139
1017,10.16,-2.2648249,1343.542,-197.9381,1.9988623,1081.21,63.276516,-127.61684,1343.0636,-118.22049,-308.68097,1081.0104,-170.57921,-486.08539,933.45398,-133.85545,115.15335,1345.0313,-114.76626,328.8591,1101.5768,-158.31445,488.25244,949.72156,-106.86281
1018,10.17,-2.0462625,1343.5845,-198.79156,2.1089692,1081.4982,63.22699,-126.06306,1344.0784,-118.89565,-318.71262,1090.6188,-172.11433,-504.59183,953.64142,-136.85698,113.46449,1346.5994,-115.30091,339.72693,1115.3635,-157.93684,508.59125,974.60217,-105.10416
1019,10.18,-1.7310495,1343.589,-199.72873,2.2596214,1081.8185,63.195095,-124.39642,1345.0502,-119.60181,-328.5426,1100.9648,-173.64194,-522.63141,975.4577,-139.66916,111.62251,1348.1376,-115.87794,349.77277,1129.8707,-157.27808,527.90759,1001.2853,-103.35007
1020,10.19,-1.3443629,1343.5797,-200.56955,2.3655009,1082.1989,63.201351,-122.65369,1345.9412,-120.39838,-338.25873,1112.1862,-175.17282,-540.07605,999.00323,-142.40392,109.72218,1349.6345,-116.49081,359.71335,1145.583,-157.29582,545.91156,1029.827,-101.6023
1021,10.2,-0.87507945,1343.6022,-201.63629,2.5007582,1082.6523,63.128574,-120.89081,1346.8838,-121.18866,-347.76968,1124.2671,-176.66884,-556.54456,1024.2505,-145.2655,107.80332,1351.0479,-117.09715,368.48468,1162.0941,-156.88673,562.43701,1060.0874,-99.860268
1022,10.21,-0.48636988,1343.5195,-202.52065,2.5727277,1083.1145,63.108303,-119.18437,1347.8048,-122.14597,-356.73294,1137.1785,-178.08652,-571.64429,1050.7737,-147.67622,105.92897,1352.3636,-117.70307,376.35419,1179.1512,-156.25819,577.21716,1091.8823,-98.096298
1023,10.22,-0.088226594,1343.2979,-203.21608,2.6249964,1083.6206,63.195751,-117.39995,1348.6803,-123.06556,-365.10498,1150.881,-179.44519,-585.23975,1078.5824,-149.98906,104.03632,1353.6334,-118.34513,383.56265,1197.1735,-155.91389,590.07941,1125.009,-96.297966
1024,10.23,0.38870135,1343.234,-204.33398,2.7306564,1084.1696,63.086884,-115.6853,1349.5532,-123.90542,-372.82141,1165.254,-180.8176,-597.34833,1107.4677,-152.08549,102.35709,1354.8101,-119.05872,389.73166,1215.821,-155.56432,600.78687,1159.1233,-94.461357
1025,10.24,0.89402688,1343.0513,-205.116,2.7646582,1084.6375,63.002014,-113.95787,1350.4563,-124.96652,-379.73593,1180.1787,-182.04814,-607.66003,1137.1951,-153.67931,100.68764,1355.8943,-119.71814,394.83469,1234.9944,-155.11903,609.16302,1193.9468,-92.593086
1026,10.25,1.3764509,1342.8621,-205.92491,2.7566569,1085.1682,62.915592,-112.283,1351.335,-125.77109,-385.71851,1195.6104,-183.24417,-616.22833,1167.8163,-155.86758,98.969986,1356.9717,-120.36763,398.64087,1254.6313,-154.76822,615.13538,1229.2379,-90.804703
1027,10.26,1.9125979,1342.603,-206.84132,2.6900213,1085.7275,62.895531,-110.65951,1352.1603,-126.5935,-390.77145,1211.3365,-184.23967,-622.6778,1198.6924,-157.25182,97.315369,1357.9574,-120.93579,401.064,1274.5244,-154.33932,618.70679,1264.7111,-89.018677
1028,10.27,2.3497958,1342.3669,-207.54204,2.6397419,1086.2847,62.735222,-109.07946,1352.9313,-127.05959,-394.85867,1227.3787,-185.27954,-627.22314,1229.7135,-158.34363,95.55381,1358.8712,-121.43694,402.11264,1294.4479,-153.92487,619.72424,1300.0959,-87.391487
1029,10.28,2.9973438,1342.171,-208.53935,2.4248285,1086.7413,62.686428,-107.57305,1353.5616,-127.40661,-397.94678,1243.6207,-186.28993,-629.6925,1260.6475,-159.28351,93.814484,1359.6475,-121.8483,401.71576,1314.2229,-153.5394,618.30255,1335.0668,-85.894028
1030,10.29,3.2273171,1342.1807,-209.02231,2.2037177,1087.1638,62.670998,-106.05949,1354.2731,-128.19077,-399.96033,1259.9142,-187.11366,-630.32483,1291.3823,-160.31599,92.094734,1360.3558,-122.34285,399.98538,1333.7299,-153.12164,614.60114,1369.4612,-84.421455
1031,10.3,3.4981163,1342.2313,-209.48262,2.0301769,1087.601,62.506763,-104.56461,1354.9409,-128.75555,-400.83438,1276.1738,-187.8777,-628.9292,1321.6262,-160.52881,90.480034,1360.9279,-122.67526,396.91678,1352.8381,-152.35835,608.58026,1403.0344,-83.122467
1032,10.31,3.7835698,1342.366,-209.83521,1.7931668,1088.0251,62.382801,-103.06902,1355.64,-129.42409,-400.71738,1292.1431,-188.5587,-625.8139,1351.3237,-160.62347,88.925018,1361.2955,-122.87484,392.57532,1371.4679,-151.93185,600.32062,1435.2927,-81.745689
1033,10.32,4.135303,1342.5837,-210.14374,1.5074395,1088.4069,62.325935,-101.55058,1356.3741,-130.10817,-399.64508,1307.7607,-188.98624,-621.04669,1380.285,-160.45233,87.427773,1361.655,-123.21968,386.90234,1389.589,-151.93549,590.3786,1466.3365,-80.020111
1034,10.33,4.6541462,1342.7361,-210.79834,1.2749981,1088.7346,62.190079,-99.774933,1357.2882,-131.82254,-397.77426,1323.2362,-190.14102,-614.63153,1408.15,-159.61743,85.970451,1361.8746,-123.56804,380.22571,1406.9174,-151.71887,578.62567,1495.8567,-78.441643
1035,10.34,4.9666429,1342.9607,-211.17943,1.0542394,1089.0543,62.207317,-98.211082,1357.9717,-132.32594,-395.06158,1337.6692,-190.37408,-606.78967,1435.3219,-159.4045,84.308884,1362.1024,-123.92741,372.41653,1423.3674,-151.51347,565.37189,1523.4519,-76.816917
1036,10.35,5.1975837,1343.166,-211.57625,0.85673666,1089.3213,62.101208,-96.694504,1358.65,-132.50662,-391.70859,1351.6588,-190.50856,-597.60693,1461.4783,-159.10242,82.605293,1362.3132,-124.36303,363.80179,1438.7454,-151.28735,550.64288,1549.6647,-75.549904
1037,10.36,5.4232779,1343.3527,-211.9744,0.68156952,1089.5308,62.025555,-95.205902,1359.3303,-133.04965,-387.7327,1365.4702,-191.42348,-587.22742,1486.5314,-158.67137,80.985886,1362.4476,-124.78751,354.5206,1452.9465,-151.24344,534.65717,1574.3909,-74.691994
1038,10.37,5.6816292,1343.4926,-212.39371,0.59994978,1089.7642,61.823784,-93.703606,1360.0094,-133.54741,-383.20178,1378.5243,-191.52246,-575.80267,1510.4089,-158.1539,79.51239,1362.4802,-125.19839,344.76599,1465.8875,-151.29379,517.57782,1597.4473,-74.385216
1039,10.38,5.8750653,1343.6254,-212.75171,0.53602856,1089.9406,61.753922,-92.283821,1360.6344,-134.14423,-378.15778,1390.9672,-191.52867,-563.51654,1533.0667,-157.66669,78.111732,1362.5576,-125.65613,334.74945,1477.5133,-151.54132,499.67767,1618.9032,-74.178192
1040,10.39,6.0053549,1343.7029,-213.10201,0.4999254,1090.0822,61.560276,-90.990692,1361.2108,-134.72781,-372.6546,1402.998,-191.03792,-550.41663,1554.4667,-157.13222,76.938042,1362.5762,-126.084,324.66843,1487.8098,-151.87814,481.08041,1638.8016,-74.304764
1041,10.4,6.1669469,1343.8019,-213.39818,0.49457151,1090.2339,61.433743,-89.824318,1361.7544,-135.15782,-366.77203,1414.2634,-191.15057,-536.6369,1574.6504,-156.43365,75.641953,1362.6179,-126.57935,314.63675,1496.8285,-152.35927,461.8688,1657.1569,-74.69593
1042,10.41,6.2139907,1343.9213,-213.69881,0.4842113,1090.3505,61.314163,-88.845688,1362.2075,-135.59354,-360.62592,1424.8567,-190.96252,-522.25708,1593.6316,-155.87532,74.306732,1362.5839,-127.11841,304.95169,1504.6521,-152.97476,442.29092,1673.9553,-75.402473
1043,10.42,6.2629542,1343.9869,-214.00142,0.49865288,1090.4401,61.253105,-87.661491,1362.6001,-136.0815,-354.29916,1434.7211,-190.72289,-507.40106,1611.3713,-155.26747,73.156975,1362.5734,-127.66272,295.60892,1511.4526,-153.78728,422.4957,1689.2876,-76.235771
1044,10.43,6.2970695,1344.0574,-214.38551,0.55713701,1090.5349,61.156685,-86.579674,1363.0625,-136.48744,-347.93924,1443.8807,-190.48148,-492.20172,1628.0068,-154.65488,72.08242,1362.5353,-128.32646,286.78116,1517.452,-154.61931,402.76288,1703.097,-77.01722
1045,10.44,6.2776074,1344.139,-214.88234,0.63454348,1090.6724,61.030033,-85.692108,1363.5024,-136.83226,-341.47015,1452.5511,-190.34639,-476.76404,1643.4347,-154.01688,70.985329,1362.4451,-129.09912,278.37289,1522.8141,-155.4738,383.00937,1715.5339,-78.140877
1046,10.45,6.1874685,1344.1848,-215.37881,0.74854618,1090.7928,60.946434,-84.960815,1363.8361,-137.34192,-335.02798,1460.61,-189.95132,-461.17007,1657.7645,-153.34529,69.84919,1362.3942,-130.02252,270.3269,1527.4619,-156.20663,363.51764,1726.4197,-78.971397
1047,10.46,6.065443,1344.1233,-215.8643,0.81993824,1090.9224,60.812355,-84.195679,1364.1869,-138.00847,-328.59406,1468.3328,-189.86824,-445.52139,1670.9561,-152.52277,68.810707,1362.283,-130.89064,262.53201,1531.4651,-156.83235,344.34164,1735.9921,-79.709892
1048,10.47,5.905705,1343.9829,-216.44403,0.93408304,1091.058,60.667194,-83.350266,1364.5803,-138.60966,-322.15323,1475.4594,-189.49583,-429.87225,1683.0546,-151.66382,67.403961,1362.3597,-132.58943,255.07417,1534.9214,-157.35448,325.33698,1744.3831,-80.376091
1049,10.48,5.7660275,1343.782,-217.06235,1.0606617,1091.2552,60.445972,-82.199966,1365.0558,-138.89603,-315.6666,1482.0182,-188.96245,-414.33069,1694.0995,-150.77171,66.349274,1362.2488,-133.67761,247.84335,1537.8588,-157.70018,306.61966,1751.6218,-81.370514
1050,10.49,5.6318741,1343.4628,-217.7197,1.1425823,1091.4243,60.118912,-81.006104,1365.5332,-139.55554,-309.34531,1487.9862,-188.4799,-398.8356,1704.1606,-150.14601,65.41375,1362.0752,-134.62856,241.00595,1540.4747,-158.01686,288.39075,1757.787,-82.360367
1051,10.5,5.6003046,1343.0658,-218.40266,1.187227,1091.6195,59.828964,-79.980209,1365.886,-140.62085,-303.27054,1493.1125,-187.77083,-383.56711,1713.2747,-149.79544,64.95536,1361.9921,-136.93196,234.3636,1542.905,-158.1593,270.87161,1762.7596,-84.496529
1052,10.51,5.5503845,1342.4658,-219.09111,1.1893748,1091.8107,59.556984,-78.954987,1366.223,-141.86948,-297.54834,1497.7471,-187.01936,-368.53329,1721.5115,-149.55743,64.188637,1361.8877,-137.89447,227.78508,1545.1448,-158.2998,253.93871,1766.9442,-85.473122
1053,10.52,5.5276647,1341.7231,-219.87428,1.1680005,1091.9888,59.248074,-78.063118,1366.5435,-143.14551,-292.36523,1501.6665,-186.01564,-353.84814,1728.9633,-149.46823,63.197247,1361.7198,-137.80397,221.16977,1547.3253,-158.34712,237.97931,1770.3159,-86.060501
1054,10.53,5.4736671,1340.8673,-220.66394,1.1209713,1092.2018,59.033661,-77.192383,1366.8451,-144.61972,-287.01328,1505.7375,-185.18768,-339.40366,1735.5615,-149.43867,62.506981,1361.7262,-139.18585,214.4846,1549.3252,-158.38977,222.9523,1772.9805,-86.320824
1055,10.54,5.3601952,1339.9059,-221.51997,1.038156,1092.4497,58.736671,-76.263069,1367.076,-146.09779,-282.00076,1509.2023,-183.99257,-325.20248,1741.4421,-149.2269,61.985374,1361.7515,-140.87648,208.05353,1551.1152,-158.26418,208.92763,1774.9708,-85.965439
1056,10.55,5.2129183,1339.0361,-222.54167,0.90887862,1092.7181,58.46265,-75.34922,1367.2592,-147.58228,-276.89337,1512.603,-182.93568,-311.21426,1746.6234,-148.95416,61.232689,1361.8082,-142.1088,202.05182,1552.6493,-158.10823,195.55795,1776.5133,-86.205582
1057,10.56,5.1494269,1338.3069,-223.61009,0.84148222,1093.0455,58.05312,-74.407608,1367.3842,-149.02576,-271.9585,1515.8065,-181.83337,-297.47073,1751.1923,-148.49788,60.469955,1361.9501,-143.31541,196.61923,1553.9324,-157.95769,183.19093,1777.3575,-83.745804
1058,10.57,5.1342268,1337.9071,-224.5287,0.72342956,1093.3824,57.721748,-73.558937,1367.4724,-150.37259,-267.14124,1518.8184,-180.8959,-283.95206,1755.1852,-147.92377,59.799595,1362.1693,-144.39539,191.71054,1554.8896,-157.72748,171.22371,1778.1263,-86.32312
1059,10.58,5.1558504,1337.7025,-225.41837,0.65450668,1093.7152,57.49004,-72.848251,1367.4614,-151.59421,-262.60196,1521.5054,-179.8394,-270.58557,1758.5862,-147.2119,59.160553,1362.4131,-145.6299,187.38118,1555.7114,-157.64157,160.43413,1778.0271,-82.799919
1060,10.59,5.1148219,1337.6323,-226.25307,0.63203532,1094.0745,57.163696,-72.266983,1367.4685,-152.55644,-258.34317,1524.0946,-179.06975,-257.58017,1761.4409,-146.53587,58.679134,1362.6274,-146.4859,183.47064,1556.4137,-157.77812,150.05635,1778.0831,-85.285408
1061,10.6,4.9300985,1337.5515,-227.08643,0.61424935,1094.4293,56.87701,-71.861336,1367.4138,-153.66742,-254.28191,1526.564,-178.50877,-245.02344,1763.8014,-145.85527,58.118046,1362.7633,-147.71672,179.48013,1556.9552,-158.18413,141.08273,1777.5062,-82.540718
1062,10.61,4.6927724,1337.4099,-227.83858,0.53734797,1094.8169,56.541824,-71.480011,1367.4045,-154.65613,-250.36333,1528.8575,-178.02364,-233.06758,1765.6476,-145.14458,57.574501,1362.9027,-148.76311,175.7047,1557.5686,-158.30267,132.8026,1777.1289,-81.726288
1063,10.62,4.3919859,1337.2743,-228.73126,0.42176768,1095.1492,56.317551,-71.070435,1367.3217,-155.7067,-246.39079,1530.8485,-177.74237,-221.85333,1767.0629,-144.42648,57.005852,1363.0397,-149.95477,171.9124,1558.1351,-158.15724,125.41676,1776.7649,-81.524483
1064,10.63,4.1326671,1337.1234,-229.53645,0.32072437,1095.4996,56.046329,-70.560532,1367.1954,-156.72765,-242.48862,1532.5801,-177.66069,-211.3143,1768.1428,-143.64046,56.510674,1363.0706,-150.82881,168.7995,1558.4734,-157.80109,118.79378,1776.057,-80.565613
1065,10.64,3.9761314,1336.9047,-230.28909,0.12637885,1095.8121,55.752735,-70.005074,1367.0796,-157.74783,-238.82452,1534.0322,-177.42601,-201.55325,1768.9097,-142.83449,55.997192,1363.1277,-151.78917,166.07436,1558.54,-157.20764,112.77181,1774.9552,-79.702316
1066,10.65,3.8126438,1336.6926,-231.0426,-0.12878737,1096.1405,55.496227,-69.578934,1366.9877,-158.73055,-235.48233,1535.3425,-177.07895,-192.67084,1769.4293,-142.10864,55.658714,1363.1908,-152.48433,163.91194,1558.5055,-156.7818,107.3121,1773.9208,-79.330284
1067,10.66,3.6564877,1336.5229,-231.66367,-0.40373129,1096.406,55.228878,-69.170219,1366.8353,-159.61516,-232.48167,1536.5691,-176.50371,-184.64861,1769.8212,-141.46495,55.472267,1363.2517,-153.10687,162.51871,1558.3163,-156.61475,102.65562,1773.0541,-79.187119
1068,10.67,3.5877883,1336.3607,-232.11018,-0.6939857,1096.6046,55.03915,-69.209579,1366.7751,-160.36179,-229.89938,1537.7207,-175.53529,-177.69209,1770.1487,-140.85777,55.353054,1363.201,-153.7261,161.44193,1558.1837,-156.33519,98.848976,1772.0804,-78.612312
1069,10.68,3.5814018,1336.2218,-232.61949,-0.96982878,1096.7231,54.86451,-68.785988,1366.6351,-160.96033,-227.56078,1538.7898,-174.76065,-171.67696,1770.3966,-140.1769,55.234589,1363.0629,-154.23271,160.74042,1558.1671,-156.3922,96.08873,1771.1875,-77.425613
1070,10.69,3.6105089,1336.1711,-233.04904,-1.3108183,1096.8398,54.638962,-68.404892,1366.4764,-161.61377,-225.44556,1539.7375,-174.47346,-166.83847,1770.6415,-139.65599,55.18103,1363.0295,-154.65979,159.98575,1558.108,-156.18845,94.560417,1770.7345,-76.95549
1071,10.7,3.7411394,1336.1686,-233.48358,-1.615598,1096.9313,54.463791,-67.995163,1366.3696,-162.13797,-223.70047,1540.4698,-174.42198,-163.185,1770.8136,-139.33943,55.146973,1362.98,-154.9162,159.3228,1558.0209,-155.67809,94.040627,1770.3485,-76.186127
1072,10.71,3.9178176,1336.2406,-233.8047,-1.9462904,1096.941,54.348694,-67.633659,1366.2457,-162.41623,-222.29861,1540.8859,-174.24702,-160.49724,1770.9683,-139.04613,55.208801,1362.9277,-155.03999,159.5246,1557.7667,-155.52005,94.583969,1770.1591,-75.494209
1073,10.72,4.1257577,1336.299,-233.93475,-2.1896205,1096.9392,54.302608,-67.359871,1366.1471,-162.69289,-221.38339,1541.1611,-174.22807,-159.14143,1771.083,-138.94077,55.328888,1362.9381,-154.99779,159.91231,1557.5713,-155.19998,96.204254,1770.1046,-74.415131
1074,10.73,4.3209291,1336.3274,-233.9178,-2.4526479,1096.9463,54.257175,-67.180557,1366.0669,-162.85336,-220.97986,1541.2909,-174.32425,-158.81557,1771.2017,-138.85507,55.530468,1362.9637,-154.89807,160.30923,1557.5975,-155.36752,99.146187,1770.4528,-73.819473
1075,10.74,4.4439268,1336.3113,-233.86018,-2.6657691,1096.9259,54.260937,-67.017181,1366.0251,-162.88393,-220.9861,1541.2468,-174.54277,-159.73602,1771.3477,-138.80049,55.67028,1362.5208,-154.64362,161.26982,1557.6149,-155.70647,103.17662,1771.075,-73.220818
1076,10.75,4.5971437,1336.2751,-233.79294,-2.8993828,1096.9287,54.288475,-66.956337,1366.0042,-162.81018,-221.49728,1541.0508,-174.92445,-161.79631,1771.4962,-139.00667,56.068138,1362.9296,-154.47408,163.41786,1557.2677,-155.48291,108.26626,1771.7437,-72.954376
1077,10.76,4.819243,1336.2405,-233.67906,-3.0711825,1096.9491,54.399467,-67.007484,1366.0544,-162.86775,-222.47229,1540.7273,-175.82214,-165.03824,1771.6188,-139.40453,56.417461,1362.984,-154.18842,165.76556,1557.0452,-155.55051,114.24433,1772.5054,-72.991501
1078,10.77,4.9368629,1336.2443,-233.47997,-3.2780879,1096.9424,54.434753,-67.13195,1366.1011,-162.70857,-223.968,1540.1165,-176.42824,-169.34105,1771.6327,-140.20273,56.777245,1363.0581,-153.8463,168.86285,1556.6593,-155.54947,121.11681,1773.2012,-73.250069
1079,10.78,5.0385098,1336.2715,-233.16792,-3.4549036,1096.9321,54.604305,-67.411964,1366.1512,-162.53003,-225.97635,1539.2764,-177.02812,-174.70815,1771.5156,-141.40887,57.223385,1363.084,-153.2663,172.67383,1556.2806,-155.46962,128.96658,1773.9408,-74.29731
1080,10.79,5.1077657,1336.3483,-232.71571,-3.6246066,1096.8849,54.790009,-67.732452,1366.215,-162.19719,-228.47125,1538.0983,-177.45117,-181.07661,1771.2557,-142.7852,57.699272,1363.048,-152.5609,176.64368,1555.5844,-155.61971,137.50441,1774.3997,-74.374893
1081,10.8,5.1283841,1336.4696,-232.24484,-3.798187,1096.8302,54.992863,-68.188538,1366.2384,-161.87303,-231.30952,1536.8484,-177.97717,-188.45248,1770.8402,-144.31024,58.225101,1362.9916,-151.77757,181.04242,1554.801,-155.74615,147.10713,1774.8252,-75.605865
1082,10.81,5.1665173,1336.5636,-231.76976,-3.9861174,1096.7026,55.118721,-68.712616,1366.2465,-161.50586,-234.48784,1535.3983,-178.52794,-196.55313,1770.2261,-145.72826,58.781384,1362.9855,-150.95627,185.74442,1553.897,-155.91679,157.52034,1775.024,-76.395203
1083,10.82,5.1549368,1336.6154,-231.27892,-4.2083306,1096.5565,55.323833,-69.297348,1366.192,-161.08463,-237.88757,1533.7841,-179.34547,-205.58353,1769.3848,-147.10374,59.276836,1362.9897,-150.19643,190.6254,1552.9865,-156.06142,168.50938,1775.0344,-75.987434
1084,10.83,5.1489973,1336.6411,-230.69789,-4.4305568,1096.3608,55.482353,-69.951225,1366.1533,-160.55916,-241.54155,1532.0017,-180.16959,-215.32959,1768.2817,-148.37477,59.830093,1363.0254,-149.33339,195.76372,1551.7922,-156.17665,180.59457,1774.558,-77.935959
1085,10.84,5.1107678,1336.6467,-230.06836,-4.6729536,1096.1666,55.648167,-70.676987,1366.1,-160.05038,-245.36058,1530.3866,-181.64139,-225.77393,1766.8479,-149.59641,60.336487,1363.0974,-148.51167,201.09418,1550.4763,-156.414,193.30817,1773.7131,-78.383942
1086,10.85,5.0977659,1336.6865,-229.47774,-4.8911371,1095.9872,55.839684,-71.519218,1366.0868,-159.6011,-249.47675,1528.1243,-182.51982,-236.77122,1765.0381,-150.99585,60.917091,1363.2238,-147.66196,206.61641,1548.9683,-156.68883,206.47881,1772.408,-78.899467
1087,10.86,5.0342531,1336.7676,-228.77536,-5.1615615,1095.8751,56.041637,-72.427681,1366.0404,-159.08775,-253.67001,1525.8948,-183.45973,-247.99773,1762.787,-152.26816,61.516781,1363.3085,-146.72925,212.37518,1547.2362,-156.98764,220.10611,1770.6582,-79.588814
1088,10.87,4.9691334,1336.9255,-228.12982,-5.4112768,1095.7953,56.197884,-73.462883,1365.954,-158.53387,-258.13211,1523.2131,-184.18245,-259.50031,1760.0814,-153.57979,61.941269,1363.4086,-145.13515,218.30133,1545.306,-157.29233,233.99339,1768.4338,-80.314911
1089,10.88,4.8575025,1337.0294,-227.56607,-5.6777434,1095.7029,56.359783,-74.503838,1365.8026,-157.88101,-262.93274,1520.3538,-184.89427,-271.13693,1756.9575,-154.60522,62.566677,1363.4324,-144.13077,224.44383,1543.1439,-157.50536,247.96768,1765.8046,-80.394958
1090,10.89,4.7463913,1337.1831,-227.12117,-5.911624,1095.6245,56.441311,-75.549217,1365.562,-157.35818,-267.95026,1517.063,-185.35065,-282.84644,1753.4368,-155.14767,63.412666,1363.3242,-142.71516,230.79582,1540.7141,-157.61224,262.24228,1762.3336,-81.870705
1091,10.9,4.629703,1337.2314,-226.63284,-6.1771436,1095.4805,56.527439,-76.571144,1365.3737,-156.77876,-272.60336,1514.0439,-186.08644,-294.56467,1749.5712,-155.50499,64.214523,1363.1625,-142.58961,237.38002,1537.8737,-157.68977,276.40039,1758.5278,-81.591301
1092,10.91,4.4840088,1337.2227,-226.26181,-6.3837657,1095.3304,56.586025,-77.517807,1365.1222,-156.20146,-277.41309,1510.765,-186.97942,-306.46524,1745.3291,-155.47574,64.73571,1363.0421,-141.83849,244.36993,1534.6877,-157.58281,290.88449,1753.984,-83.59787
1093,10.92,4.3703623,1337.2045,-225.98816,-6.5663953,1095.2013,56.524536,-78.526237,1364.8101,-155.62018,-282.31479,1507.1694,-187.39215,-318.43625,1740.7266,-155.35924,65.00988,1363.0709,-140.49953,251.39568,1531.24,-157.59225,305.39783,1748.9089,-82.578232
1094,10.93,4.292078,1337.1484,-225.66614,-6.7433181,1095.0107,56.51067,-79.486336,1364.536,-154.87781,-287.2955,1503.5283,-187.88182,-330.48227,1735.7882,-155.06171,65.481544,1363.0745,-139.91589,258.26324,1527.6385,-157.70287,320.06927,1743.0997,-82.663887
1095,10.94,4.2565651,1337.1597,-225.39476,-6.8410339,1094.793,56.465008,-80.566841,1364.2517,-154.23314,-292.34882,1499.7988,-188.31602,-342.7489,1730.3177,-154.61095,65.914803,1363.1754,-139.48558,264.83832,1523.8427,-157.82562,334.94861,1736.4563,-82.026688
1096,10.95,4.2499208,1337.2097,-225.084,-6.8642497,1094.5969,56.37574,-81.686119,1364.0161,-153.41626,-297.48059,1495.8799,-188.69989,-355.06689,1724.5112,-154.39726,66.569489,1363.1422,-139.65062,270.97827,1520.0569,-157.9296,349.93536,1729.1265,-81.454773
1097,10.96,4.189404,1337.3999,-224.75885,-6.8730559,1094.379,56.228405,-82.667091,1363.7229,-152.50658,-302.90396,1491.6249,-189.12155,-367.40686,1718.2804,-154.13943,67.091385,1363.1157,-139.05322,276.89053,1516.0725,-157.96701,364.9693,1721.0134,-80.474304
1098,10.97,4.084703,1337.6509,-224.40918,-6.8215647,1094.1365,56.142197,-83.695953,1363.4597,-151.5052,-307.98111,1487.1641,-189.22461,-379.92685,1711.5276,-153.98206,67.491791,1363.0093,-138.49854,282.79031,1511.838,-157.80763,380.00574,1712.2324,-79.555672
1099,10.98,3.9261541,1337.9366,-224.08229,-6.8002105,1093.906,56.118477,-84.648354,1363.2465,-150.50552,-313.43832,1482.2828,-189.05327,-392.49237,1704.2957,-153.87453,67.636459,1363.0408,-137.60536,288.84976,1507.2389,-157.66795,394.9859,1702.6534,-78.512306
1100,10.99,3.7763095,1338.218,-223.76198,-6.7198777,1093.6869,55.972229,-85.671677,1362.9847,-149.38155,-319.05408,1477.0731,-188.6553,-405.14984,1696.4979,-153.81142,68.088211,1362.9467,-136.93947,294.98703,1502.2104,-157.55159,409.88675,1692.2582,-77.559547
1101,11.0,3.6139343,1338.4664,-223.338,-6.5895619,1093.4551,55.835991,-86.698624,1362.7335,-148.30952,-324.59198,1471.8295,-188.54601,-418.08179,1688.0023,-153.78979,68.59655,1362.891,-136.32498,301.1106,1496.8885,-157.45474,424.66101,1681.1068,-76.87368
1102,11.01,3.4895856,1338.7177,-222.86203,-6.4368386,1093.2804,55.681412,-87.902107,1362.4631,-147.34065,-329.98471,1466.365,-188.66357,-431.11606,1678.9108,-153.84569,69.140099,1362.8939,-135.78081,307.1749,1491.2878,-157.28725,439.31189,1669.1691,-76.363747
1103,11.02,3.3771534,1338.986,-222.19208,-6.2877998,1093.084,55.610989,-88.968391,1362.1913,-146.24512,-335.32129,1460.4741,-188.68507,-444.28723,1669.2058,-154.13469,69.847809,1362.8417,-135.1622,313.1698,1485.4679,-157.08266,453.84628,1656.4392,-75.767708
1104,11.03,3.2379882,1339.3218,-221.52419,-6.0704103,1092.8735,55.584995,-90.212837,1361.8336,-145.87798,-340.69928,1454.2023,-188.87447,-457.49268,1658.811,-154.6458,70.548119,1362.7546,-134.47343,319.19858,1479.111,-156.73843,468.10257,1642.9114,-75.463341
1105,11.04,3.0990205,1339.5837,-220.8315,-5.7976418,1092.6438,55.601616,-91.31189,1361.5865,-144.83986,-346.1925,1447.4152,-188.78923,-470.6337,1647.674,-155.33315,71.28183,1362.6404,-133.8282,325.36493,1472.2603,-156.44017,482.01862,1628.6949,-75.458229
1106,11.05,2.9581606,1339.8464,-220.23041,-5.5314841,1092.4111,55.524361,-92.394875,1361.4058,-143.63814,-351.72626,1440.1387,-188.70819,-483.66983,1635.811,-156.09825,72.025558,1362.5474,-133.22386,331.87039,1464.5938,-156.21931,495.50323,1613.6665,-75.456963
1107,11.06,2.8135962,1340.0414,-219.5182,-5.265902,1092.146,55.49477,-93.616203,1361.2861,-142.43225,-357.29221,1432.4839,-188.83017,-496.49506,1623.127,-156.86496,72.786484,1362.463,-132.58009,338.55316,1456.0801,-156.03867,508.48819,1597.9564,-75.799858
1108,11.07,2.6574543,1340.2822,-218.92619,-4.943728,1091.9076,55.476376,-94.928452,1361.1443,-141.18816,-362.61111,1424.368,-188.96964,-509.0155,1609.5919,-157.58673,73.559814,1362.4249,-131.82233,345.22833,1446.7723,-156.07321,520.94586,1581.4553,-76.584846
1109,11.08,2.5186203,1340.5331,-218.22775,-4.5897212,1091.6357,55.472988,-96.328224,1361.0548,-139.98476,-367.67068,1415.5072,-187.68448,-521.2652,1595.2394,-158.21136,74.375404,1362.4255,-131.08865,351.7294,1436.7665,-156.2252,532.93866,1563.9647,-77.130615
1110,11.09,2.4674342,1340.9418,-217.59882,-4.2360573,1091.4177,55.56496,-97.917198,1361.0537,-138.80341,-372.21973,1407.2373,-188.37154,-533.28748,1580.0765,-158.81662,75.251099,1362.3568,-130.30646,357.81058,1426.406,-156.47495,544.38068,1545.4543,-78.195953
1111,11.1,2.2441211,1341.1008,-216.59393,-3.8743181,1091.2123,55.643314,-99.685135,1361.1145,-137.13376,-376.45712,1398.6582,-188.72632,-544.87427,1564.1111,-159.36729,76.182526,1362.3293,-129.60188,363.47742,1415.6732,-156.69981,555.31702,1526.1552,-79.339233
1112,11.11,2.1015007,1341.3636,-215.85829,-3.5599341,1090.9434,55.717648,-101.29004,1361.1641,-135.95566,-380.35074,1389.7994,-189.17021,-556.0484,1547.5183,-160.19484,77.219749,1362.2301,-128.74315,368.61383,1404.5974,-156.76149,565.54266,1505.9423,-80.671875
1113,11.12,1.9309896,1341.5609,-215.02756,-3.2563281,1090.7235,55.808395,-101.51391,1361.2534,-135.20576,-383.89966,1380.1661,-189.60268,-566.59735,1529.8442,-160.38286,78.190704,1362.1472,-128.08907,373.37317,1393.061,-156.94861,575.07343,1485.0488,-82.259399
1114,11.13,1.8890252,1341.6516,-214.24011,-2.9692402,1090.4017,55.786861,-97.581963,1360.7411,-136.17732,-387.40857,1370.1202,-189.75447,-576.55585,1511.4817,-160.80525,79.201332,1361.9907,-127.33181,377.82794,1380.8138,-157.09215,583.85846,1463.1061,-84.080673
1115,11.14,2.0813079,1341.7043,-213.58043,-2.7524757,1090.0771,55.856098,-94.745178,1359.5303,-136.07443,-390.63184,1359.6508,-189.96272,-585.90234,1492.3136,-161.16089,80.243126,1361.8607,-126.61993,382.01443,1367.8571,-157.46658,591.76001,1440.3763,-86.246849
1116,11.15,2.4717894,1341.7358,-213.06793,-2.5294693,1089.783,55.830933,-95.867996,1359.3745,-134.86163,-393.49176,1348.9666,-190.22884,-594.56445,1472.3036,-161.19481,81.372887,1361.8154,-125.90432,385.72003,1353.8418,-157.57079,598.61932,1417.0089,-88.753304
1117,11.16,3.0086703,1341.9604,-212.4742,-2.3367043,1089.5067,55.955406,-98.193802,1359.2543,-132.90501,-395.82251,1337.8457,-189.65598,-602.40033,1451.5044,-161.16165,82.813049,1361.5127,-125.00669,388.60233,1340.0969,-158.61816,604.54224,1392.9437,-91.333733
1118,11.17,3.2474205,1342.2778,-211.7627,-2.1226044,1089.2048,56.034409,-99.038635,1358.8809,-131.73511,-397.47009,1327.0957,-189.81685,-609.30505,1429.9839,-160.91348,84.512512,1360.9769,-124.09095,390.76208,1326.1672,-159.16666,609.32349,1368.1525,-93.622238
1119,11.18,3.0459397,1342.3843,-210.40349,-1.9370763,1088.8682,56.109509,-99.057655,1358.3785,-131.08301,-398.49805,1315.9996,-189.09659,-615.1994,1407.8914,-160.67876,86.324982,1360.3877,-123.23047,392.12109,1312.3976,-159.54597,612.93079,1342.9159,-95.522118
1120,11.19,3.210525,1342.4465,-209.46803,-1.8245877,1088.4952,56.22847,-99.368942,1357.9705,-130.43967,-398.99933,1304.7795,-189.07561,-620.06738,1385.3516,-160.6595,88.105537,1359.8654,-122.40175,392.87881,1298.8256,-159.79996,615.35468,1317.371,-96.864052
1121,11.2,3.534904,1342.385,-208.73386,-1.6667798,1088.1234,56.321793,-99.968819,1357.7449,-129.79568,-399.15067,1292.9746,-189.12268,-623.79382,1362.5439,-160.66774,89.73661,1359.3773,-121.79548,393.15268,1285.3091,-160.08124,616.526,1291.6388,-97.928619
1122,11.21,4.0241299,1342.3606,-208.19505,-1.5200391,1087.7913,56.389336,-100.42014,1357.438,-129.15466,-398.80328,1280.4722,-189.1032,-626.45282,1339.188,-160.66322,91.332909,1358.9585,-121.29372,393.15308,1271.5995,-159.79999,616.45746,1265.9391,-98.823143
1123,11.22,4.5415144,1342.3741,-207.74985,-1.3422801,1087.4259,56.494118,-100.7261,1357.0685,-128.68604,-397.96582,1267.6025,-188.86899,-627.96246,1315.5853,-160.73972,93.025627,1358.5472,-120.83253,392.58932,1257.5975,-160.69919,615.08832,1240.2462,-99.677574
1124,11.23,4.9179077,1342.4623,-207.31627,-1.1811739,1087.0094,56.630783,-101.23275,1356.4901,-128.07327,-396.45541,1254.6967,-188.46988,-628.36987,1291.7036,-160.55177,94.945389,1358.0414,-120.41013,391.37155,1243.5402,-161.53165,612.38623,1214.5607,-100.51521
1125,11.24,4.967104,1342.8005,-206.56242,-0.98105985,1086.626,56.786777,-102.03092,1355.6134,-127.5976,-394.2674,1242.1097,-187.74312,-627.69537,1267.6847,-160.18205,97.111343,1357.2522,-119.85807,389.35422,1229.8854,-162.13895,608.30798,1189.0051,-101.38123
1126,11.25,5.0727882,1342.8905,-205.61421,-0.72109199,1086.2805,56.934479,-102.94346,1354.6754,-127.15702,-391.48666,1229.9076,-187.03745,-625.79492,1243.7312,-159.47913,99.519363,1356.15,-119.24142,386.63776,1216.657,-162.43971,602.9071,1163.7241,-101.96939
1127,11.26,5.1977854,1342.6775,-204.84099,-0.45730734,1085.8384,57.068806,-103.93304,1353.8396,-126.87631,-388.2767,1218.0323,-186.36121,-622.81256,1219.9301,-158.44054,102.09138,1354.8636,-118.68713,383.27643,1203.7321,-162.59906,596.32831,1138.8138,-101.8658
1128,11.27,5.3360209,1342.5703,-204.10753,-0.16911779,1085.4213,57.173508,-104.89104,1353.174,-126.68787,-384.72464,1206.2139,-185.92705,-618.80231,1196.3923,-156.91618,104.54004,1353.5743,-118.27055,379.53824,1191.0536,-162.77931,588.64795,1114.3427,-101.34294
1129,11.28,5.6858578,1342.364,-203.59337,0.12696375,1084.9517,57.324265,-105.78976,1352.5469,-126.38255,-380.83322,1194.3767,-185.6077,-613.82574,1173.0751,-155.10986,107.02296,1352.4906,-117.9221,375.88483,1178.6606,-163.26927,579.97241,1090.3741,-100.60352
1130,11.29,6.1511478,1342.2512,-203.1951,0.36610171,1084.4622,57.448376,-106.69317,1351.8644,-126.03061,-376.47083,1182.6378,-185.39397,-607.77686,1150.0111,-153.14877,109.55439,1351.4491,-117.75557,371.66937,1165.922,-163.56302,569.98663,1066.6362,-99.725525
1131,11.3,6.5740571,1342.377,-203.07468,0.60449368,1084.0914,57.550369,-107.75855,1351.0822,-125.325,-371.7095,1171.2295,-184.90837,-600.70209,1127.2659,-151.25766,112.32046,1350.2625,-117.60544,366.85306,1153.3779,-164.00334,558.97607,1043.5997,-99.032524
1132,11.31,6.8457723,1342.6064,-202.79565,0.83195549,1083.7441,57.589348,-108.89543,1350.0184,-124.48468,-366.50031,1160.4077,-184.12408,-592.83569,1105.0074,-149.5197,115.21297,1349.0367,-117.26019,361.32794,1141.2461,-164.39302,546.87531,1021.2275,-98.613174
1133,11.32,6.9365401,1342.9199,-202.24083,0.99798918,1083.382,57.651825,-109.96264,1348.7975,-123.71017,-361.13788,1150.2957,-183.25935,-584.16028,1083.2954,-147.67024,117.95573,1347.7102,-116.48567,355.39139,1129.751,-164.51807,533.80023,999.54065,-98.369072
1134,11.33,6.9315372,1343.2704,-201.62598,1.0973066,1082.9462,57.714973,-111.06676,1347.678,-123.25503,-355.74136,1140.7874,-182.54494,-574.80402,1062.163,-145.42412,120.3056,1346.1078,-115.53261,349.3931,1118.9303,-164.38644,519.8985,978.40002,-98.040405
1135,11.34,6.9935536,1343.4037,-201.0285,1.1575363,1082.4973,57.733665,-112.21892,1346.6494,-122.6039,-350.45203,1131.5394,-181.76787,-564.47723,1041.4896,-142.37956,122.3577,1344.3088,-114.4836,343.44778,1108.658,-163.99025,505.19894,957.87787,-97.477852
1136,11.35,7.4419851,1343.3352,-200.52107,1.2527707,1082.0746,57.823551,-113.50588,1345.6769,-122.08266,-345.04053,1122.3982,-181.06429,-553.83124,1021.9475,-139.4913,124.09011,1342.7714,-113.60097,337.59073,1098.8894,-163.4715,489.70755,938.11481,-96.823898
1137,11.36,8.0672598,1343.3323,-200.22656,1.4026903,1081.6838,57.858471,-114.90558,1344.8424,-121.75936,-339.48666,1113.4052,-180.54927,-542.51709,1003.1423,-136.16151,125.76178,1341.2789,-112.94049,331.75836,1089.4338,-162.80251,473.173,919.08124,-96.153625
1138,11.37,8.5267649,1343.3636,-200.06677,1.6168063,1081.3739,57.978477,-116.32286,1344.0111,-121.5123,-333.5921,1104.6317,-179.9438,-530.74274,985.22968,-133.07217,127.12461,1339.7255,-112.37759,325.89987,1080.4353,-162.36537,455.94943,901.42603,-95.542358
1139,11.38,8.7256737,1343.3501,-199.92288,1.8523155,1081.0848,57.890656,-117.84985,1343.1805,-120.99365,-327.46747,1096.249,-179.27371,-518.38,968.14087,-130.40157,128.02876,1338.0986,-112.14919,319.97684,1072.0177,-161.50659,438.70972,885.04535,-95.34584
1140,11.39,8.7606087,1343.4727,-200.04106,1.9955022,1080.8556,57.881226,-119.22217,1342.2618,-120.2823,-321.0441,1088.4321,-178.44357,-505.51022,951.76935,-127.54978,128.69168,1336.501,-112.07247,314.05505,1064.004,-160.31154,421.44763,870.08832,-95.281609
1141,11.4,8.6655054,1343.4351,-200.07292,2.170151,1080.6282,57.73542,-120.29694,1341.299,-119.43858,-314.41412,1081.1514,-177.35641,-492.25888,936.28284,-125.27577,129.28386,1335.1311,-112.13722,307.71826,1056.2506,-159.34482,404.28784,856.44171,-95.201126
1142,11.41,8.5170546,1343.2594,-200.07127,2.2817976,1080.3755,57.628044,-121.31687,1340.3331,-118.86257,-307.85104,1074.4089,-176.19405,-478.54608,921.33594,-122.47627,129.90344,1334.0958,-112.32439,301.43604,1048.9355,-158.30344,387.26434,844.00238,-94.759483
1143,11.42,8.3259735,1343.068,-200.12968,2.452153,1080.2111,57.500309,-122.24072,1339.567,-118.47449,-301.5629,1068.2175,-175.09471,-464.24268,907.1488,-119.47215,130.58987,1333.2988,-112.51232,295.21161,1042.0214,-157.10765,370.04752,833.01233,-93.959389
1144,11.43,8.1195421,1342.9081,-200.19707,2.7128863,1080.063,57.370232,-123.05403,1339.0001,-117.9733,-295.32962,1062.476,-174.04868,-449.38263,893.69489,-116.16242,131.13757,1332.5759,-112.80094,289.2959,1036.0997,-155.81252,353.09918,823.30859,-93.139572
1145,11.44,7.9602766,1342.7913,-200.27995,3.0346744,1079.9315,57.242096,-123.76739,1338.5239,-117.54388,-289.1756,1057.2031,-172.91859,-433.89813,881.125,-112.92909,131.59764,1331.8948,-113.06902,283.4657,1031.0741,-154.65323,336.73117,815.04199,-92.266983
1146,11.45,7.8226533,1342.7249,-200.47023,3.3500261,1079.8391,57.069931,-124.32301,1338.1287,-117.26408,-283.05048,1052.4852,-171.79129,-418.08612,869.54303,-109.66185,132.07648,1331.1377,-113.3105,277.88452,1026.4731,-153.26138,321.16656,808.01556,-91.557747
1147,11.46,7.6426845,1342.5505,-200.54199,3.7073765,1079.781,56.938419,-124.81219,1337.646,-116.87846,-276.88095,1048.1761,-170.65298,-402.49136,858.97925,-107.18911,132.54099,1330.3744,-113.5026,272.34061,1022.3282,-152.05038,306.51779,801.96893,-90.817932
1148,11.47,7.4483929,1342.3081,-200.61282,4.0717115,1079.7059,56.818172,-125.32323,1337.0391,-116.22372,-270.56989,1044.2076,-170.19623,-387.26532,849.30316,-105.18484,132.99323,1329.7349,-113.88378,267.20532,1018.4864,-150.64156,292.80923,796.75708,-90.040344
1149,11.48,7.2887855,1342.2788,-201.04437,4.4448609,1079.6227,56.741379,-125.87975,1336.3877,-115.55701,-264.05887,1039.8175,-168.27129,-372.45837,840.289,-103.27244,133.43991,1329.2268,-114.35569,262.04208,1015.0015,-149.35034,279.87518,792.44751,-88.847557
1150,11.49,6.883462,1341.879,-201.01453,4.939826,1079.557,56.689064,-126.50637,1335.7712,-115.00671,-257.70123,1035.7683,-167.08778,-357.62122,832.09082,-101.05046,133.85857,1328.9298,-114.8747,257.45438,1011.8392,-147.73509,267.57227,788.91571,-87.395897
1151,11.5,6.5163608,1341.5499,-201.26645,5.4779878,1079.5426,56.600174,-127.11414,1335.28,-114.71719,-251.78319,1032.3878,-166.51994,-343.07831,824.70917,-98.92907,134.17731,1328.7831,-115.41587,253.23846,1009.0067,-145.86284,255.90587,786.14203,-85.684792
1152,11.51,6.0504298,1341.1941,-201.44049,6.1312079,1079.5168,56.543678,-127.74101,1334.8077,-114.50839,-246.48299,1029.2795,-165.32439,-328.6889,818.1377,-96.34137,134.31061,1328.7349,-115.96484,250.06729,1006.8674,-143.69868,244.91943,784.03247,-84.111977
1153,11.52,5.5693479,1340.9697,-201.68582,6.6921535,1079.4645,56.416443,-128.28401,1334.2628,-114.13531,-241.89409,1026.7584,-164.2659,-314.96634,812.37634,-94.060532,134.31793,1328.7517,-116.47681,246.94197,1005.2006,-141.38922,235.05785,782.60034,-82.581413
1154,11.53,5.0315247,1340.8434,-201.81348,7.2340078,1079.4069,56.383121,-128.87653,1333.7686,-113.61718,-237.75864,1024.3134,-162.77,-302.36526,807.31348,-91.954247,134.35205,1328.7939,-116.94197,244.95531,1003.7116,-139.06187,226.78752,781.54272,-81.284698
1155,11.54,4.5420842,1340.834,-202.00902,7.7955508,1079.3845,56.415398,-129.51443,1333.2305,-112.97861,-233.79739,1022.1467,-161.24409,-290.82022,802.9516,-89.732796,134.38513,1328.8405,-117.26346,242.813,1002.2348,-137.39101,220.03041,780.88367,-79.973831
1156,11.55,4.0799274,1340.7717,-202.08038,8.2485914,1079.3083,56.391438,-130.07925,1332.7218,-112.41178,-230.1937,1020.1141,-159.71855,-280.43973,799.21381,-87.55912,134.47012,1328.9445,-117.45084,241.07884,1001.1643,-135.94521,215.10957,780.33319,-78.607605
1157,11.56,3.7118247,1340.7175,-202.23221,8.5563841,1079.2161,56.312588,-130.60426,1332.2941,-112.07938,-227.25288,1018.233,-157.97588,-271.02856,796.09937,-84.808502,134.51634,1329.0176,-117.61208,239.85332,1000.5137,-134.39932,212.47729,780.28595,-77.123444
1158,11.57,3.4153514,1340.597,-202.32368,8.7140341,1079.1249,56.277611,-131.02348,1331.8481,-111.59839,-225.11882,1016.7899,-156.23441,-262.6897,793.6889,-81.910393,134.53659,1329.144,-117.60085,239.27895,1000.2479,-132.92743,211.38228,779.93481,-76.315071
1159,11.58,3.1566744,1340.4775,-202.45117,8.8392067,1078.9944,56.111675,-131.28377,1331.4546,-111.22587,-223.89424,1015.5356,-153.92757,-255.65878,791.86377,-78.254074,134.53972,1329.2876,-117.45476,239.5331,1000.4424,-131.39404,211.61763,779.8678,-75.569946
1160,11.59,3.0288181,1340.3607,-202.49678,8.8746586,1078.863,55.999531,-131.45097,1331.0415,-110.87741,-223.28905,1014.6942,-151.42137,-250.12857,790.53308,-74.576233,134.54285,1329.4258,-117.15227,240.55556,1000.8992,-130.06223,212.48233,780.04639,-74.827744
1161,11.6,2.9894838,1340.3098,-202.66577,8.853755,1078.7048,55.76902,-131.51079,1330.6962,-110.73602,-223.25392,1014.0163,-148.7413,-246.22083,789.66431,-70.577148,134.46826,1329.6279,-116.77259,242.1947,1001.465,-128.80344,214.0565,780.36249,-74.149857
1162,11.61,3.0442905,1340.2137,-202.74828,8.7416019,1078.5416,55.595211,-131.47324,1330.4246,-110.66269,-223.67911,1013.4654,-145.93883,-243.93268,789.30591,-66.044548,134.3391,1329.853,-116.38421,244.28545,1002.106,-127.71125,216.04701,780.92908,-73.5317
1163,11.62,3.1242137,1340.134,-202.83629,8.6620131,1078.3634,55.347393,-131.37245,1330.2599,-110.76217,-224.66396,1013.0975,-142.89896,-243.31895,789.47534,-61.113533,134.21092,1330.0685,-116.00093,246.6143,1002.9689,-126.51415,218.63977,781.79608,-72.576675
1164,11.63,3.2254529,1340.0516,-202.93959,8.5730915,1078.2059,55.196945,-131.19199,1330.1062,-110.8697,-226.17445,1012.9905,-139.72241,-244.19525,790.19574,-55.506313,134.07634,1330.2935,-115.70682,249.00685,1003.9389,-125.34972,221.87463,782.73096,-71.682655
1165,11.64,3.3763919,1340.0447,-203.00468,8.439414,1077.9965,54.996155,-130.93982,1329.9933,-110.98161,-228.26733,1013.1706,-136.2435,-246.49019,791.5127,-49.419006,133.99072,1330.481,-115.46228,251.29547,1004.9248,-124.28791,225.74051,783.71075,-70.433342
1166,11.65,3.5254972,1340.0096,-203.11604,8.3713341,1077.8718,54.775574,-130.59639,1329.9778,-111.22808,-230.8562,1013.7532,-132.66295,-250.38126,793.35254,-42.242016,133.89427,1330.6616,-115.20961,253.56912,1006.0477,-123.26768,230.02385,784.6972,-69.145752
1167,11.66,3.7605119,1339.9788,-203.27422,8.2775803,1077.7427,54.576622,-130.16539,1330.0077,-111.40218,-233.92339,1014.6408,-128.85194,-255.51987,795.96112,-34.831741,133.86548,1330.8252,-115.03638,255.88248,1007.1232,-122.35004,234.41953,785.58008,-67.573868
1168,11.67,4.0304761,1339.9465,-203.3792,8.2196732,1077.6357,54.342293,-129.72844,1330.1227,-111.55168,-237.32474,1015.8436,-124.95158,-261.91,799.21851,-26.700907,133.89111,1330.946,-114.84811,258.1333,1008.1519,-121.14042,238.68755,786.34528,-66.0233
1169,11.68,4.3639402,1339.9313,-203.53423,8.1066732,1077.5563,54.109993,-129.18411,1330.3395,-111.74738,-241.16258,1017.3191,-120.83472,-269.20035,803.19421,-17.956436,133.91118,1331.0326,-114.71823,260.33466,1009.1155,-119.83477,242.57314,787.18463,-64.190483
1170,11.69,4.7065482,1339.9124,-203.88335,7.97191,1077.5396,53.910587,-128.54547,1330.6375,-112.02055,-245.46304,1019.1144,-116.48851,-277.22916,807.99286,-8.5508118,133.98128,1331.0951,-114.60506,262.52234,1010.0529,-118.24712,246.0929,787.99207,-62.332088
1171,11.7,5.1201015,1339.9207,-204.16772,7.8612223,1077.5609,53.704018,-127.86768,1331.0503,-112.59518,-249.99106,1021.2376,-112.02789,-285.92389,813.71136,0.91918355,134.0743,1331.1592,-114.53833,264.67062,1010.967,-116.46516,249.31828,788.83997,-60.508694
1172,11.71,5.557868,1339.8749,-204.48544,7.7040095,1077.6249,53.431499,-127.14619,1331.469,-113.02863,-254.78947,1023.8917,-107.44012,-295.15915,820.33942,11.225581,134.16736,1331.2096,-114.51505,266.64142,1011.7763,-114.77296,252.21559,789.758,-58.661221
1173,11.72,6.010982,1339.8307,-204.80357,7.4452128,1077.6799,53.199066,-126.36072,1331.958,-113.55415,-259.68152,1026.9403,-102.88813,-304.97458,828.01123,21.957983,134.33487,1331.2605,-114.50136,268.51489,1012.4641,-113.16943,254.94435,790.72461,-56.636765
1174,11.73,6.5530901,1339.8046,-205.16307,7.2075477,1077.8147,52.984627,-125.54544,1332.4413,-114.16735,-264.82883,1030.3745,-98.184616,-315.2962,836.78052,32.75021,134.52435,1331.3042,-114.43597,270.20352,1013.0933,-111.70975,257.48254,791.6228,-54.543819
1175,11.74,7.1283555,1339.7506,-205.36572,6.9819026,1077.9078,52.789356,-124.6377,1332.8987,-114.7224,-270.07104,1034.1553,-93.619728,-326.04868,846.68677,44.165581,134.713,1331.3337,-114.35204,271.83157,1013.7593,-110.24676,259.72562,792.40637,-52.456272
1176,11.75,7.7789712,1339.7721,-205.65929,6.70438,1077.9924,52.532082,-123.70195,1333.3571,-115.33926,-275.25876,1038.2666,-89.2341,-337.09201,857.79877,55.458786,134.8954,1331.3545,-114.2167,273.37222,1014.3737,-108.70758,261.68533,793.12769,-50.420811
1177,11.76,8.437871,1339.8138,-205.9604,6.4940157,1078.1244,52.292496,-122.74068,1333.8474,-116.1392,-280.48401,1042.5703,-84.852859,-348.20206,870.10187,68.266418,135.11848,1331.3763,-114.00046,274.81015,1014.9156,-107.13708,263.37387,793.76489,-48.449856
1178,11.77,9.1217785,1339.9226,-206.25899,6.2815447,1078.2136,52.123089,-121.74978,1334.3291,-116.86215,-285.65067,1047.3038,-80.775253,-358.97461,883.77014,80.093567,135.34142,1331.416,-113.76882,276.15302,1015.4532,-105.38487,264.89642,794.44769,-46.461655
1179,11.78,9.8200922,1340.0392,-206.62857,6.0679321,1078.3223,51.885712,-120.80581,1334.8253,-117.66693,-290.80499,1052.2833,-76.764702,-369.52832,898.42072,89.85421,135.53394,1331.4863,-113.49433,277.34399,1016.0214,-103.62197,266.29828,795.10321,-44.596439
1180,11.79,10.517773,1340.1428,-206.82816,5.877079,1078.4086,51.518139,-119.93325,1335.3407,-118.3907,-296.07147,1057.4064,-72.654434,-379.8291,914.58887,101.69373,135.7153,1331.5811,-113.21358,278.46719,1016.6265,-101.85945,267.58667,795.64532,-42.689621
1181,11.8,11.303323,1340.4041,-207.04362,5.6922297,1078.5225,51.217396,-119.05358,1335.8655,-119.21131,-301.33893,1062.991,-68.996704,-389.82629,932.4422,112.53888,135.85806,1331.7076,-112.80638,279.50256,1017.1627,-100.00675,268.55118,796.10675,-40.888535
1182,11.81,11.963609,1340.5814,-206.98955,5.4821835,1078.6104,50.897545,-118.19302,1336.3431,-119.9125,-306.63934,1068.8884,-65.482689,-399.47598,951.72217,122.4846,135.96532,1331.9133,-112.4361,280.44836,1017.6442,-98.229019,269.02496,796.59839,-39.264297
1183,11.82,12.691109,1340.9806,-206.97348,5.3337688,1078.7238,50.53484,-117.30098,1336.824,-120.58965,-311.98779,1075.1849,-62.145527,-408.65942,971.99475,131.06158,136.03525,1332.2467,-111.92648,281.41806,1018.1602,-96.585655,269.17099,797.23438,-37.90633
1184,11.83,13.433224,1341.4109,-206.92659,5.2213459,1078.8464,50.215832,-116.35542,1337.2596,-120.99586,-317.2894,1081.916,-58.974895,-417.0332,993.84625,139.47897,136.02063,1332.6493,-111.29463,282.51947,1018.9664,-94.913712,269.0134,798.27319,-37.10878
1185,11.84,14.137668,1342.0804,-207.13635,5.1066179,1078.9268,49.941959,-115.41281,1337.7518,-121.46304,-322.46082,1089.2031,-56.051819,-424.49094,1016.6851,147.04634,135.88347,1333.1169,-110.69505,283.89798,1020.1913,-93.277603,268.98169,799.9433,-36.302456
1186,11.85,14.6033,1342.3857,-206.85492,4.9797468,1079.0291,49.679203,-114.4962,1338.3315,-121.91656,-327.55893,1096.978,-53.330399,-430.93097,1040.2694,153.52827,135.66902,1333.6863,-110.11168,285.69022,1021.8526,-91.854958,269.5253,801.80859,-35.231834
1187,11.86,15.157523,1343.1132,-206.95667,4.8887682,1079.1632,49.502258,-113.66061,1338.9681,-122.31364,-332.591,1105.4258,-51.089474,-436.34393,1064.6489,158.91483,135.42697,1334.343,-109.55002,288.30029,1023.8693,-90.384972,270.44653,804.04816,-33.827679
1188,11.87,15.66042,1343.5964,-206.82248,4.7563157,1079.3011,49.408115,-112.89524,1339.5852,-122.55933,-338.31738,1114.6704,-49.467869,-440.8251,1089.5881,163.29172,135.05632,1335.0785,-109.05843,291.42929,1026.2297,-89.540977,271.44525,806.55219,-32.34977
1189,11.88,15.985215,1344.0076,-206.4454,4.5828671,1079.3695,49.618488,-112.0747,1340.2814,-122.7366,-343.15384,1123.9558,-47.656902,-444.16364,1115.2439,166.65401,134.58458,1335.8862,-108.61647,295.06918,1028.9071,-88.814056,272.94388,809.73566,-30.612053
1190,11.89,16.11483,1344.337,-206.05719,4.4066482,1079.4911,49.885361,-111.34148,1340.9753,-122.71976,-348.27301,1133.6779,-46.65974,-447.01215,1140.8882,168.20667,134.0876,1336.7661,-108.1507,299.83978,1031.8535,-89.085808,274.71637,813.54651,-29.281404
1191,11.9,16.167717,1344.6528,-205.70459,4.2737384,1079.651,49.872974,-110.66428,1341.5771,-122.71403,-352.6799,1143.4485,-45.464466,-448.84796,1166.6348,168.73242,133.52821,1337.6228,-107.64217,305.50607,1035.0059,-89.779411,277.19208,818.06348,-28.151318
1192,11.91,15.934063,1344.6564,-204.89294,4.1543183,1079.8369,49.982498,-110.09347,1342.0645,-122.56781,-357.1243,1153.788,-45.27359,-449.52942,1192.3685,168.1162,132.89017,1338.4095,-107.20323,311.70483,1038.8156,-90.295685,280.52933,823.1687,-26.942554
1193,11.92,15.717905,1344.9558,-204.54466,4.104495,1079.9371,50.073524,-109.61498,1342.5313,-122.42924,-361.41064,1164.1036,-44.994633,-449.09628,1217.7286,166.45497,132.1535,1339.2372,-106.86298,318.04797,1043.5225,-90.773048,284.58096,828.76239,-25.508425
1194,11.93,15.49194,1345.3887,-204.49403,4.0655971,1080.0538,50.257969,-109.25885,1343.0192,-122.28661,-365.4079,1174.3154,-44.727398,-447.67627,1242.6113,163.71124,131.31264,1340.0265,-106.71376,324.36841,1049.3495,-91.548996,289.03671,834.94977,-24.083761
1195,11.94,15.000301,1345.447,-204.00902,4.0037212,1080.1681,50.478184,-108.94164,1343.4705,-122.01123,-368.9556,1184.3912,-44.738953,-445.06067,1266.6041,160.04152,130.39523,1340.9277,-106.55345,331.12424,1055.9264,-92.318642,293.68881,841.86652,-23.715681
1196,11.95,14.706855,1345.9255,-204.27036,3.9508729,1080.3156,50.821423,-108.57677,1343.9395,-121.92204,-372.05725,1194.2158,-44.748207,-441.46841,1289.8353,155.54483,129.56046,1342.0225,-106.3873,338.40036,1063.0833,-92.620155,297.8558,849.61957,-22.95751
1197,11.96,14.137103,1345.7391,-203.51472,3.8332596,1080.2573,50.866146,-108.18878,1344.3883,-121.81371,-374.52087,1203.8839,-44.892422,-437.04596,1312.2051,150.1998,128.62433,1343.1791,-106.1724,345.83322,1071.1118,-92.556694,302.0087,858.15564,-22.972652
1198,11.97,13.815453,1346.1914,-203.63435,3.9394474,1080.7612,51.400742,-107.79781,1344.7311,-121.60989,-376.694,1213.5192,-45.336887,-431.8829,1333.6404,143.90535,127.72909,1344.5509,-105.94191,352.8309,1079.8219,-92.962601,306.17349,867.04291,-23.447573
1199,11.98,13.45301,1346.4498,-203.40361,3.8999321,1080.9252,51.754974,-107.44524,1345.0677,-121.47888,-378.61032,1223.0149,-46.032513,-425.9978,1354.1017,136.85799,126.7511,1346.0359,-105.77197,359.49997,1089.0809,-93.560768,310.3548,876.15308,-24.396053
1200,11.99,12.854663,1346.4681,-202.74905,3.7930131,1081.094,52.06641,-107.10126,1345.4875,-121.57565,-380.29062,1232.2509,-46.95372,-419.52158,1373.4156,128.89462,125.6693,1347.7314,-105.53159,365.84555,1098.6876,-94.177315,314.82553,885.33954,-26.435568
1201,12.0,12.426382,1346.8375,-202.55289,3.6511204,1081.2592,52.293381,-106.75336,1345.9688,-121.7158,-381.77185,1241.1827,-48.071899,-412.53085,1391.4927,120.09535,124.52193,1349.6425,-105.31633,371.62616,1108.4625,-95.004494,318.85519,894.57092,-27.297281
1202,12.01,12.087273,1347.2684,-202.35884,3.4683928,1081.4572,52.529938,-106.33411,1346.3627,-121.77442,-382.98334,1249.5265,-49.078232,-404.68335,1408.4082,111.01271,123.35189,1351.641,-104.91755,376.7243,1118.311,-96.044136,323.23401,903.70807,-30.087751
1203,12.02,11.712789,1347.752,-202.06186,3.2585437,1081.6986,52.664753,-105.89074,1346.757,-122.07905,-383.79764,1257.5103,-50.334625,-396.36353,1423.9663,101.59931,122.05122,1353.6403,-104.33986,381.39728,1128.0262,-97.179787,327.18192,912.57813,-31.54784
1204,12.03,11.352078,1348.3727,-201.83539,2.9922085,1081.9512,52.763077,-105.52995,1347.0564,-122.26474,-384.21771,1264.9862,-51.695904,-387.69763,1438.2377,91.993523,120.75122,1355.7195,-103.51994,385.60672,1137.6357,-98.430664,331.4223,921.24103,-35.088512
1205,12.04,11.011504,1349.0374,-201.54576,2.6407919,1082.2134,52.903637,-105.15557,1347.3711,-122.4982,-384.75302,1272.0521,-53.245438,-378.758,1451.2053,82.188522,119.32669,1357.8176,-102.69138,389.24518,1147.0509,-99.5401,335.34402,929.43256,-37.05761
1206,12.05,10.676176,1349.7474,-201.1754,2.2482195,1082.4874,52.970181,-104.85005,1347.7062,-122.84939,-384.12115,1279.0233,-54.905655,-369.62924,1462.9374,72.116859,117.94392,1359.835,-101.74356,392.45639,1156.1995,-100.61852,339.29791,937.46667,-41.480316
1207,12.06,10.340739,1350.511,-200.78854,1.7614611,1082.7994,53.101154,-104.57237,1348.0577,-123.2249,-384.31656,1285.264,-56.627022,-360.30927,1473.4454,61.688919,116.46907,1361.7614,-100.51891,395.2453,1165.0569,-101.66698,342.98721,945.06744,-45.383141
1208,12.07,10.060057,1351.1803,-200.22574,1.2333381,1083.0898,53.212868,-104.31821,1348.3566,-123.57158,-383.32629,1291.005,-58.102779,-350.9603,1482.6946,51.09396,114.99548,1363.5105,-99.16983,397.71213,1173.6787,-102.6003,346.37006,952.14551,-50.104515
1209,12.08,9.8298645,1351.8085,-199.77728,0.59921598,1083.3192,53.294327,-104.13319,1348.6509,-123.98666,-382.772,1296.4655,-59.713001,-341.50583,1490.765,40.297672,113.53561,1365.097,-97.686913,399.76337,1181.7837,-103.53945,349.6008,958.63507,-55.341892
1210,12.09,9.6807108,1352.4026,-199.26955,-0.069051348,1083.4969,53.38689,-103.98429,1348.8707,-124.31332,-382.62201,1301.5801,-61.588825,-331.978,1497.5104,29.532808,112.14553,1366.5239,-96.230629,401.48602,1189.2919,-104.59004,352.625,964.50531,-61.148689
1211,12.1,9.5339079,1352.9645,-198.63737,-0.8410055,1083.6395,53.504791,-103.81147,1349.0311,-124.55616,-381.55579,1306.0437,-63.07988,-322.61099,1503.1812,18.783215,110.89818,1367.8665,-94.792542,402.92944,1196.0345,-105.83445,355.51166,969.78784,-67.496231
1212,12.11,9.4578114,1353.4092,-197.90332,-1.6614629,1083.7516,53.663486,-103.661,1349.1125,-124.79295,-380.86566,1310.1812,-64.79715,-313.50732,1507.6989,7.9362111,109.90335,1369.0841,-93.39666,404.07544,1202.0496,-107.21283,358.23813,974.54144,-74.106735
1213,12.12,9.4487743,1353.8995,-197.29793,-2.5490263,1083.7588,53.905312,-103.53514,1349.1702,-124.96798,-380.1936,1314.1736,-66.746864,-304.5545,1511.1647,-2.5631008,109.02805,1370.2743,-91.980049,404.96371,1207.297,-109.01914,360.95413,978.70325,-81.04348
1214,12.13,9.6085806,1354.325,-196.65555,-3.3920872,1083.7886,54.184677,-103.3767,1349.1989,-125.113,-379.42776,1317.7544,-68.594833,-295.85025,1513.4954,-12.735877,108.32408,1371.3186,-90.433357,405.61459,1211.8988,-111.06052,363.51563,982.2572,-88.207283
1215,12.14,9.7705402,1354.7749,-195.87704,-4.2373438,1083.7297,54.525742,-103.22533,1349.2408,-125.22416,-378.59433,1320.9449,-70.528831,-287.39459,1514.7102,-22.27495,107.70671,1372.2445,-88.877731,406.0191,1215.7961,-113.33047,365.90982,985.20905,-95.692963
1216,12.15,10.019093,1355.1836,-194.96454,-5.0347095,1083.6458,54.930542,-103.01425,1349.2799,-125.20038,-377.71259,1323.6947,-72.690392,-279.44189,1514.9957,-32.950542,107.2113,1373.0488,-87.230156,406.13684,1218.9971,-115.82555,368.1459,987.67151,-103.43307
1217,12.16,10.303714,1355.6116,-194.17709,-5.7818003,1083.5881,55.45842,-102.73912,1349.3605,-125.14921,-377.1489,1325.6971,-74.746857,-271.69858,1514.2714,-42.768982,106.82561,1373.7329,-85.669106,406.00183,1221.4797,-118.46981,369.90082,989.51031,-110.48154
1218,12.17,10.627387,1356.1036,-193.41917,-6.3923244,1083.4856,55.817596,-102.42486,1349.3665,-124.97805,-376.52145,1327.7117,-77.226669,-264.35297,1512.7026,-52.517437,106.55127,1374.2979,-84.115616,405.64883,1223.3004,-121.20409,371.65735,990.74908,-118.54785
1219,12.18,10.983198,1356.4736,-192.46298,-6.9455442,1083.3735,56.342392,-102.12574,1349.3405,-124.74451,-376.02844,1329.3237,-79.918152,-257.49841,1510.4388,-61.93055,106.41457,1374.7483,-82.623352,405.14288,1224.4377,-124.07642,373.18951,991.61414,-127.73486
1220,12.19,11.363509,1356.7579,-191.56996,-7.4134469,1083.2729,56.881649,-101.79015,1349.325,-124.58695,-375.54196,1330.661,-83.069466,-251.1192,1507.5319,-70.825043,106.37305,1375.149,-81.200142,404.43195,1224.9883,-127.06095,373.87473,991.94751,-135.88757
1221,12.2,11.781182,1357.0426,-190.77235,-7.7297468,1083.1915,57.392273,-101.40324,1349.2772,-124.35493,-375.16473,1331.6205,-86.169716,-245.16539,1504.0559,-79.333908,106.48398,1375.4889,-79.801659,403.49356,1224.9556,-130.19847,374.36014,992.01758,-145.03545
1222,12.21,12.203216,1357.3011,-189.8838,-7.9646044,1083.0503,57.870914,-101.0064,1349.1683,-123.83555,-374.78629,1332.2164,-89.292984,-239.77216,1499.9635,-87.399124,106.68825,1375.7578,-78.576485,402.439,1224.3273,-133.53993,374.6687,991.85071,-155.04611
1223,12.22,12.605416,1357.521,-189.07716,-8.0867558,1082.9512,58.280502,-100.31366,1349.2345,-125.07662,-374.45801,1332.4178,-92.663277,-234.92366,1495.327,-95.027252,107.04479,1375.8871,-77.349518,401.32599,1223.2255,-136.97284,374.47382,991.22565,-164.37244
1224,12.23,13.022559,1357.6639,-188.25342,-8.1266394,1082.8313,58.660545,-99.963104,1349.1188,-125.05503,-374.22028,1332.1254,-96.055817,-230.52971,1490.1775,-102.39658,107.43685,1375.9172,-76.330666,400.14148,1221.7311,-140.49486,373.82855,990.43866,-173.67943
1225,12.24,13.436897,1357.7758,-187.45079,-8.0540323,1082.6801,58.922596,-99.706375,1348.7767,-124.14709,-373.74774,1331.3197,-99.666786,-226.53377,1484.5657,-109.53262,107.99151,1375.8256,-75.389458,398.93124,1220.0038,-144.03864,372.56503,989.66138,-183.04558
1226,12.25,13.885376,1357.8729,-186.74249,-7.9334836,1082.5205,59.294086,-99.368187,1348.5297,-124.17072,-373.7019,1329.894,-103.3509,-222.97424,1478.5905,-116.27958,108.67019,1375.6824,-74.544273,397.6228,1218.1505,-147.57826,370.8194,988.93378,-192.16313
1227,12.26,14.351797,1357.8772,-186.17979,-7.7441869,1082.3596,59.735027,-99.250526,1348.2458,-123.68955,-373.7146,1327.9146,-106.83572,-219.72672,1472.395,-122.60846,109.48649,1375.4557,-73.76696,396.31046,1216.2422,-151.15462,368.40854,988.34296,-201.0631
1228,12.27,14.895924,1357.8239,-185.70146,-7.4855046,1082.2538,60.173046,-98.911514,1347.9103,-123.92594,-373.65536,1325.5845,-110.51427,-216.85561,1466.0941,-128.40417,110.2896,1375.1895,-73.189423,395.0,1214.312,-154.64162,365.57181,987.81189,-209.5536
1229,12.28,15.492146,1357.7212,-185.32639,-7.2043357,1082.1661,60.586246,-98.336578,1347.6014,-124.86806,-373.53116,1322.9535,-113.85936,-214.32422,1459.7163,-133.46568,111.12713,1374.8633,-72.626457,393.69958,1212.4401,-158.19112,362.40195,987.35956,-217.33713
1230,12.29,16.032244,1357.4683,-184.94099,-6.8899422,1082.0747,60.866123,-97.9786,1347.3441,-125.36606,-373.29572,1320.1035,-117.16785,-212.0498,1453.3109,-138.08939,111.93169,1374.4783,-72.240395,392.33749,1210.6709,-161.73137,358.78281,986.91797,-224.39616
1231,12.3,16.68593,1357.2009,-184.68777,-6.5849357,1082.0518,61.12159,-97.79229,1347.0773,-125.45744,-372.96109,1317.0823,-120.20001,-209.98195,1446.8972,-142.11557,112.74246,1374.0638,-71.980888,391.04849,1208.9943,-165.37772,354.80264,986.44342,-230.88533
1232,12.31,17.240604,1356.8077,-184.41496,-6.272676,1082.0248,61.375137,-97.23188,1346.7896,-126.5581,-372.5921,1314.1407,-122.91837,-208.4398,1440.6488,-144.56841,113.48486,1373.668,-71.846245,389.81677,1207.4756,-168.84999,350.49149,986.08051,-236.54213
1233,12.32,17.82135,1356.5865,-184.44202,-5.9763961,1082.0532,61.520145,-96.853722,1346.5195,-127.22462,-372.22839,1310.7537,-125.48483,-206.806,1434.4067,-147.14528,114.25932,1373.2876,-71.81752,388.58438,1205.985,-172.20433,345.81061,985.43701,-240.41154
1234,12.33,18.386354,1356.4003,-184.4982,-5.7106028,1082.093,61.556686,-96.489426,1346.2363,-127.88056,-371.83749,1307.3923,-127.6941,-203.75607,1428.0874,-153.30487,114.98584,1372.996,-71.86422,387.34628,1204.5519,-175.22499,341.09402,985.37964,-245.67625
1235,12.34,18.967695,1356.2419,-184.66219,-5.3869634,1082.1322,61.515644,-96.061287,1345.9181,-128.62399,-371.30386,1304.1615,-129.68529,-202.09302,1422.6769,-155.62592,115.66652,1372.7227,-71.945145,386.08478,1203.0884,-177.89523,335.88315,985.06879,-248.80571
1236,12.35,19.524683,1356.0863,-184.86758,-5.0825601,1082.208,61.408535,-95.609238,1345.5968,-129.44672,-370.79651,1301.2631,-131.39178,-200.41631,1417.8352,-157.61293,116.28148,1372.4387,-72.073204,384.90491,1201.5537,-180.17101,330.8446,984.48981,-251.4455
1237,12.36,20.067142,1355.8396,-185.18173,-4.7768769,1082.2932,61.163486,-95.240715,1345.2333,-130.32025,-370.13895,1298.656,-132.75911,-198.89355,1413.5823,-159.04782,116.81653,1372.1641,-72.239494,383.78107,1199.9937,-181.97369,325.71649,984.30914,-253.83514
1238,12.37,20.550112,1355.6039,-185.52487,-4.4410982,1082.376,60.825508,-94.947975,1344.9292,-131.09186,-369.60754,1296.5067,-133.85304,-197.49808,1409.9734,-160.34041,117.27223,1371.8849,-72.55558,382.6561,1198.2753,-183.6129,321.00842,983.53729,-255.08296
1239,12.38,21.015755,1355.3418,-185.93007,-4.1200671,1082.4467,60.530025,-94.642021,1344.6226,-131.811,-369.09717,1294.7526,-134.81956,-196.00714,1406.9747,-162.68648,117.67578,1371.6178,-72.934082,381.66272,1196.4928,-184.96548,316.7348,982.69525,-256.8775
1240,12.39,21.389664,1355.0873,-186.2813,-3.7957814,1082.4525,60.076145,-94.34053,1344.3832,-132.49496,-368.64426,1293.3269,-135.4351,-195.12503,1404.5717,-163.25783,118.12321,1371.4352,-73.271873,380.73169,1194.7001,-186.09937,312.54343,981.69257,-257.02414
1241,12.4,21.725121,1354.8682,-186.66621,-3.4521065,1082.4677,59.638908,-94.052345,1344.176,-133.0979,-368.21463,1292.3785,-135.97151,-194.28529,1402.9353,-163.92642,118.55862,1371.2474,-73.627853,379.9881,1192.918,-186.90373,308.4061,980.60486,-255.96321
1242,12.41,22.042879,1354.7124,-187.0441,-3.0957417,1082.4028,59.196789,-93.793182,1343.9955,-133.61884,-367.79886,1291.8282,-136.41881,-193.70381,1401.8527,-164.11282,118.96108,1371.0162,-74.012802,379.40036,1191.137,-187.29779,304.7807,979.47968,-255.31284
1243,12.42,22.27248,1354.5634,-187.46826,-2.7197988,1082.394,58.733723,-93.589561,1343.8654,-134.00682,-367.54755,1291.5491,-136.61938,-193.30038,1401.2189,-163.59862,119.33497,1370.7639,-74.453621,378.91537,1189.3231,-187.30869,301.44376,978.3111,-254.11081
1244,12.43,22.476202,1354.3754,-187.86136,-2.3981488,1082.3615,58.423183,-93.397652,1343.7839,-134.34349,-367.33328,1291.6805,-136.74452,-192.96953,1401.2478,-163.55814,119.68472,1370.4519,-75.049057,378.64359,1187.5187,-186.85626,298.66855,977.01593,-252.34517
1245,12.44,22.586594,1354.1938,-188.21477,-2.073149,1082.2971,58.101902,-93.23925,1343.7065,-134.54359,-367.23285,1292.1317,-136.88762,-192.84142,1401.8014,-163.2112,119.99841,1370.1738,-75.623749,378.59036,1185.7189,-186.15518,296.43732,975.45551,-249.93626
1246,12.45,22.615856,1354.0062,-188.56804,-1.7451907,1082.2308,57.777481,-93.083046,1343.7271,-134.69934,-367.15482,1292.8173,-136.75163,-192.86414,1402.8036,-162.87328,120.34489,1369.9099,-76.319527,378.76743,1183.8978,-185.21768,294.80978,973.71478,-246.89381
1247,12.46,22.653822,1353.8195,-188.92494,-1.3922781,1082.1709,57.447861,-93.006065,1343.7488,-134.72523,-367.21783,1293.796,-136.62364,-193.03418,1404.1416,-162.61642,120.65444,1369.6631,-77.024681,379.02707,1182.059,-183.95776,293.92831,971.82208,-243.21379
1248,12.47,22.660707,1353.6417,-189.18941,-1.0005646,1082.1659,57.175217,-92.877991,1343.8057,-134.77974,-367.34525,1294.9263,-136.15163,-193.49702,1405.8898,-162.16768,120.99301,1369.4547,-77.698624,379.39627,1180.3892,-182.52831,293.5925,969.7392,-238.86334
1249,12.48,22.596172,1353.5375,-189.54372,-0.64104474,1082.1428,56.760975,-92.831421,1343.9174,-134.6937,-367.44751,1296.3823,-135.81757,-194.1129,1408.0057,-161.75259,121.26748,1369.3229,-78.366394,379.87808,1178.9644,-180.83418,293.93311,967.659,-233.82408
1250,12.49,22.509199,1353.4562,-189.8535,-0.2632553,1082.1398,56.346397,-92.803253,1344.0061,-134.59378,-367.70166,1297.8229,-135.05513,-194.83627,1410.3673,-161.55875,121.44691,1369.2582,-78.96347,380.34363,1177.8282,-179.00417,294.80582,965.57239,-227.91435
1251,12.5,22.326141,1353.3932,-190.1678,0.10851598,1082.0969,56.005165,-92.787033,1344.1565,-134.4543,-368.00809,1299.3934,-134.19789,-195.84784,1413.1981,-161.0103,121.54222,1369.1915,-79.546448,380.9465,1177.0107,-177.07283,296.23108,963.45697,-221.24013
1252,12.51,22.055729,1353.3228,-190.49867,0.44001791,1082.1095,55.727844,-92.777504,1344.3811,-134.2352,-368.258,1301.0031,-133.29918,-196.90419,1416.3489,-160.47777,121.58366,1369.2246,-80.288048,381.72794,1176.5021,-175.01137,298.15836,961.39685,-213.72827
1253,12.52,21.761997,1353.2529,-190.82303,0.82776767,1082.1359,55.376488,-92.805794,1344.6055,-133.98236,-368.57532,1302.8214,-132.35326,-198.24922,1419.9911,-159.57124,121.5523,1369.3486,-81.132698,382.63419,1176.1835,-172.71786,300.48761,959.48187,-205.44684
1254,12.53,21.363108,1353.2126,-191.10606,1.2199419,1082.1467,55.016182,-92.818542,1344.8455,-133.70374,-369.15009,1304.7477,-131.23688,-199.80647,1424.0747,-158.33868,121.48556,1369.5093,-82.006584,383.77771,1176.0171,-170.18051,302.98077,957.82788,-196.61765
1255,12.54,20.938936,1353.1375,-191.45686,1.6147456,1082.17,54.727406,-92.912521,1345.0737,-133.41003,-369.50085,1306.7535,-129.93719,-201.63419,1428.5653,-157.11603,121.35455,1369.7144,-83.050133,385.14139,1176.0657,-167.27039,305.67813,956.60431,-187.13411
1256,12.55,20.390154,1353.1149,-191.9241,2.0812697,1082.2169,54.431339,-93.003555,1345.2506,-133.13174,-369.96063,1308.9026,-128.48296,-204.60458,1433.8159,-153.26538,121.22296,1369.9331,-84.221115,386.55008,1176.2721,-164.06154,308.59216,955.80841,-177.11777
1257,12.56,19.868858,1353.0609,-192.50131,2.5279694,1082.2819,54.034145,-93.141571,1345.449,-132.92305,-370.53632,1311.1089,-127.03342,-206.61333,1438.9901,-152.74571,121.03156,1370.1874,-85.38813,387.97635,1176.6869,-160.69562,311.63586,955.44366,-166.55431
1258,12.57,19.345301,1353.1061,-193.31209,3.0868814,1082.3644,53.532364,-93.288857,1345.6174,-132.67422,-371.04996,1313.3458,-125.32808,-209.26932,1444.7603,-150.97681,120.83492,1370.4066,-86.57769,389.34552,1177.2661,-157.42964,314.92664,955.38788,-155.52197
1259,12.58,18.836817,1353.0706,-193.88905,3.6085317,1082.4321,53.194759,-93.468483,1345.7607,-132.42406,-371.40863,1315.4697,-123.61106,-212.30101,1450.916,-148.59216,120.63385,1370.6812,-87.638275,390.5632,1177.9711,-154.44218,318.54755,955.68097,-143.75592
1260,12.59,18.395617,1353.0371,-194.35291,4.1575766,1082.5509,52.701069,-93.463081,1345.8933,-132.67355,-371.74973,1317.4904,-121.6336,-215.61401,1457.2631,-145.82268,120.3885,1370.9911,-88.753647,391.55154,1178.7725,-151.6971,322.35028,956.25336,-131.49623
1261,12.6,18.003439,1353.0665,-194.98466,4.7177558,1082.6049,52.32542,-93.556595,1346.0343,-132.72755,-371.98929,1319.4863,-119.89957,-219.16177,1463.7095,-142.61453,120.18422,1371.3433,-89.757416,392.50128,1179.5869,-149.10648,326.25784,957.13599,-118.99535
1262,12.61,17.447023,1352.8835,-195.37502,5.2839384,1082.6559,51.887081,-93.547455,1346.1968,-132.78476,-372.13525,1321.1406,-118.03128,-223.01752,1470.2323,-138.70424,119.90037,1371.6423,-90.96769,393.50079,1180.4525,-146.17888,330.30856,958.2915,-107.30695
1263,12.62,17.160727,1352.8722,-196.09338,5.7915192,1082.7457,51.407497,-93.493103,1346.34,-132.82481,-372.30371,1322.6381,-116.54381,-227.10999,1476.6643,-134.21281,119.59444,1371.9182,-92.292076,394.31824,1181.2653,-142.79588,333.98755,959.88361,-95.249435
1264,12.63,16.824089,1352.849,-196.95305,6.3142495,1082.85,50.81855,-93.382919,1346.489,-132.8065,-372.37695,1323.9686,-115.19151,-231.41026,1482.8492,-128.8378,119.22926,1372.0909,-93.704277,395.06677,1181.9357,-139.01483,337.33804,961.72589,-83.421188
1265,12.64,16.543293,1352.8462,-197.92986,6.7653708,1082.9342,50.164196,-93.315323,1346.6332,-132.74966,-372.91867,1325.0704,-113.90293,-235.96703,1488.6754,-123.03358,118.88772,1372.1426,-95.198906,395.83105,1182.4504,-135.03983,340.34781,963.776,-71.79158
1266,12.65,16.268028,1352.7734,-199.04953,7.1314664,1082.9769,49.689514,-93.509064,1346.7896,-132.22847,-373.17178,1326.0127,-112.73132,-240.54715,1494.009,-116.72303,118.4788,1372.0083,-96.816093,396.55975,1182.7705,-130.76949,342.87534,965.784,-59.816151
1267,12.66,15.944571,1352.587,-200.13033,7.4961948,1083.0341,49.075104,-93.609612,1346.8761,-132.47118,-373.50558,1326.8484,-111.61481,-245.43329,1498.8896,-109.91075,118.10408,1371.7391,-98.422745,397.25632,1182.7987,-126.30138,345.38214,967.67694,-49.521378
1268,12.67,15.578632,1352.4344,-201.46677,7.8864155,1083.095,48.314636,-93.800446,1346.9116,-132.70952,-374.09207,1327.3079,-110.48381,-250.41678,1503.212,-102.87082,117.80325,1371.4803,-100.17588,397.67538,1182.428,-121.82389,347.65311,969.13416,-38.788433
1269,12.68,15.149369,1352.1643,-202.61476,8.2406797,1083.1968,47.49099,-94.022392,1346.936,-133.2254,-374.44232,1327.7279,-109.36695,-255.64053,1506.9705,-95.366714,117.66148,1371.3442,-101.91244,397.89682,1181.4601,-117.34905,349.72083,970.15088,-27.693754
1270,12.69,14.73976,1352.0725,-204.01974,8.5935993,1083.2965,46.712448,-94.330894,1346.9232,-133.85173,-375.6055,1327.4714,-108.06311,-261.07413,1510.1233,-87.232674,117.57549,1371.2682,-103.59673,397.68137,1179.9462,-112.91232,351.93127,970.60742,-17.69355
1271,12.7,14.400472,1351.9606,-205.2397,8.9199409,1083.4161,46.038445,-94.6884,1346.9005,-134.55901,-376.50235,1327.1787,-106.93298,-266.76547,1512.6387,-78.570503,117.52381,1371.1188,-105.22095,397.09662,1177.9977,-108.18512,354.03806,970.36707,-8.3778563
1272,12.71,14.016662,1351.8746,-206.5412,9.2511435,1083.4802,45.271633,-95.018105,1346.853,-135.16913,-377.36075,1326.757,-106.06238,-272.65463,1514.2852,-68.973305,117.38935,1370.8595,-106.76128,396.06989,1175.6616,-103.31045,355.92224,969.39117,0.22075215
1273,12.72,13.731666,1351.7747,-207.79503,9.5196981,1083.5876,44.427208,-95.39003,1346.8234,-136.10645,-378.48111,1325.6073,-104.78417,-278.60132,1514.8707,-58.864292,117.31481,1370.3864,-108.3494,394.64841,1172.92,-98.286095,357.53314,967.70551,7.9913893
1274,12.73,13.273013,1351.6587,-208.92502,9.735796,1083.7295,43.640755,-95.765526,1346.764,-136.90901,-379.30292,1324.4326,-103.89427,-284.65326,1514.2452,-48.448952,117.24051,1369.6083,-110.09003,392.90466,1169.7284,-93.21067,358.78671,965.29523,14.987201
1275,12.74,13.186808,1351.3274,-210.20164,9.8823404,1083.7723,42.893238,-96.134018,1346.7188,-137.76578,-380.1947,1322.3945,-102.53678,-290.77106,1512.3668,-37.655231,117.2597,1368.4768,-111.78638,391.0885,1166.0889,-88.134064,359.69348,962.2558,21.349049
1276,12.75,13.224463,1350.8981,-211.49229,9.9860258,1083.8063,42.143742,-96.508789,1346.6826,-138.58769,-380.96701,1319.754,-101.22772,-296.89075,1509.1346,-26.520441,117.44338,1366.9669,-113.52077,389.14185,1162.0742,-83.462349,360.20706,958.79291,27.060879
1277,12.76,13.384151,1350.4946,-212.9632,9.934269,1083.8506,41.20488,-96.818436,1346.6597,-139.65985,-381.70105,1316.2905,-99.863228,-302.91074,1504.5049,-15.288055,117.97086,1365.2567,-115.16102,387.13947,1157.8213,-79.333778,360.57373,955.26697,31.638739
1278,12.77,13.586307,1349.9457,-214.13028,9.7612743,1083.7742,40.680191,-97.137329,1346.6277,-140.48294,-382.38757,1312.4314,-98.770004,-308.88531,1498.6453,-4.0932007,118.68776,1363.4958,-116.68871,385.03232,1153.1827,-75.799759,360.33228,951.69739,36.988777
1279,12.78,13.988208,1349.4266,-215.29384,9.6192741,1083.7773,39.671555,-97.448776,1346.6801,-141.12231,-382.9711,1308.0143,-97.797005,-314.3887,1491.1311,7.8297148,119.68159,1361.6829,-118.12843,382.7767,1148.3691,-73.004951,359.95963,948.42688,42.102882
1280,12.79,14.573595,1348.9326,-216.23232,9.392622,1083.7211,38.825432,-97.699677,1346.7823,-141.77699,-383.64926,1302.7786,-96.713966,-319.68829,1482.104,19.570456,120.92076,1359.8184,-119.43516,380.34409,1143.3037,-71.326996,359.40219,945.46063,47.364784
1281,12.8,15.238714,1348.4471,-217.01201,9.0470085,1083.6421,38.054951,-97.862595,1346.942,-142.54118,-384.20303,1297.5538,-96.197868,-324.80029,1471.3645,31.71184,122.28921,1357.9962,-120.74758,377.86899,1137.985,-70.450943,358.63037,942.72308,52.252708
1282,12.81,15.984291,1348.0267,-217.74928,8.6615648,1083.4604,37.360622,-97.968651,1347.0876,-143.17099,-384.63513,1291.4541,-95.447845,-329.55136,1458.9165,43.873451,123.86896,1356.176,-121.97095,375.27942,1132.3405,-70.440475,357.40448,940.22681,56.804333
1283,12.82,16.643064,1347.5537,-218.10602,8.3204613,1083.2415,36.795723,-98.007645,1347.2206,-143.48123,-384.95288,1284.9989,-94.775833,-333.9971,1444.7408,55.790554,125.50114,1354.3138,-123.20635,372.63916,1126.4219,-71.092087,355.83621,938.12085,61.767815
1284,12.83,17.385872,1347.2323,-218.51851,7.9529138,1083.0211,36.258762,-98.006477,1347.4196,-143.86836,-385.16675,1277.9786,-93.917282,-337.98941,1428.968,67.498207,127.24814,1352.4424,-124.25455,370.02017,1120.2408,-72.26767,353.96854,935.8689,66.086853
1285,12.84,18.049782,1346.9343,-218.7908,7.6488953,1082.8732,35.72488,-98.027527,1347.64,-144.19557,-385.23837,1270.4093,-92.968521,-341.51697,1411.4746,78.685333,129.06419,1350.6152,-125.48331,367.33691,1113.7998,-73.97715,351.7803,933.65161,69.741692
1286,12.85,18.708677,1346.6031,-218.96951,7.421957,1082.7728,35.387215,-98.075699,1347.8585,-144.55196,-385.18481,1262.0399,-91.750816,-344.57117,1392.4651,89.323883,130.87741,1348.9266,-126.62409,364.5824,1107.1136,-76.105385,349.17737,931.51526,72.797241
1287,12.86,19.403923,1346.5699,-219.41631,7.1939125,1082.4999,35.569077,-98.165977,1348.0959,-144.94557,-384.82178,1252.9365,-90.588417,-347.14548,1371.9639,99.441406,132.66711,1347.3282,-127.8036,361.58276,1100.2594,-78.667595,346.27167,929.49609,75.10302
1288,12.87,19.992323,1346.2903,-219.62207,7.1855855,1082.4675,35.264122,-98.355812,1348.2727,-145.08466,-384.09796,1243.0322,-89.338509,-349.16,1350.1873,109.01457,134.35797,1345.8115,-128.75642,358.32751,1093.3236,-81.512199,343.23221,927.84546,77.674797
1289,12.88,20.444271,1345.9552,-219.88493,7.3426037,1082.5334,34.955635,-98.63549,1348.3431,-145.32063,-382.76666,1232.2996,-87.850441,-350.61197,1327.0754,117.90826,135.92668,1344.4486,-129.685,354.91074,1086.3522,-84.408028,339.43442,926.74927,81.871002
1290,12.89,20.978598,1345.5763,-220.24707,7.5964785,1082.6177,34.482033,-98.948181,1348.2966,-145.32162,-380.68091,1221.1349,-86.686241,-351.54715,1302.6667,126.14014,137.33827,1343.2648,-130.63806,351.11032,1079.4851,-87.370842,335.59564,925.23212,84.770943
1291,12.9,21.335167,1345.1633,-220.45673,7.6629338,1082.2972,34.309704,-99.639687,1348.1212,-146.06648,-377.89255,1209.7267,-85.631889,-351.87393,1276.8872,133.44783,138.5878,1342.1311,-131.4838,346.86017,1072.8346,-90.029961,331.52374,922.89709,84.827209
1292,12.91,21.552591,1344.8665,-220.89841,8.0373287,1082.4851,34.154972,-99.827995,1347.9751,-145.17146,-374.5946,1198.3235,-84.811348,-351.58728,1249.9152,139.95387,139.64336,1341.17,-132.25078,342.46759,1066.7308,-92.270248,327.07574,920.26038,85.284393
1293,12.92,21.45035,1344.302,-220.86916,8.3346128,1082.4517,33.954205,-99.961037,1347.7286,-143.77104,-370.93796,1186.8182,-83.582306,-350.61041,1221.8921,145.22861,140.53741,1340.3503,-132.93333,337.93277,1061.2377,-94.094536,322.29388,917.10663,85.956032
1294,12.93,21.569134,1344.5256,-221.79413,8.7029705,1082.4313,33.775063,-100.82347,1347.5613,-144.71225,-366.82153,1175.2701,-82.256622,-348.99417,1193.0284,149.31941,141.1575,1339.6359,-133.50896,333.25824,1056.5732,-95.287498,317.01376,913.06055,85.027611
1295,12.94,21.352642,1344.3591,-222.09937,9.0581074,1082.4207,33.592533,-101.52596,1347.2434,-144.01436,-362.31195,1163.4814,-80.745102,-346.73288,1163.7681,151.88492,141.6021,1339.1404,-133.97638,328.77304,1052.7106,-96.018646,311.37082,908.29565,83.682152
1296,12.95,20.945875,1344.1647,-222.37877,9.4326687,1082.4022,33.21653,-102.52524,1346.8398,-143.56136,-357.51923,1151.4495,-79.183678,-343.95929,1134.8136,153.21935,141.84279,1338.793,-134.38098,324.42709,1049.5321,-95.84314,305.47653,903.00287,81.819473
1297,12.96,20.329573,1343.9822,-222.46846,9.7415113,1082.2993,33.030899,-103.7187,1346.2261,-142.91156,-352.1116,1139.0643,-77.796577,-340.1362,1106.4688,153.48537,141.9314,1338.5696,-134.73875,320.32623,1046.6841,-95.219994,299.34381,897.29871,79.458115
1298,12.97,19.528772,1343.8898,-222.53273,10.035045,1082.1202,32.935314,-105.02309,1345.3365,-141.9268,-346.38138,1126.84,-76.769814,-336.79684,1078.3896,152.06387,141.84033,1338.4636,-135.03944,316.74857,1044.0198,-94.413811,293.03201,891.41443,76.741142
1299,12.98,18.547714,1343.8857,-222.6963,10.41316,1081.8639,32.861515,-106.54143,1344.4065,-140.9705,-340.28827,1114.9111,-75.825844,-333.32504,1051.272,149.62476,141.64748,1338.3976,-135.31122,313.31567,1041.5194,-93.615776,286.63068,885.32825,73.635811
1300,12.99,17.548199,1343.8296,-222.79686,10.796113,1081.5316,32.81995,-108.23118,1343.4417,-139.91003,-333.87506,1103.5481,-75.103806,-329.75491,1024.8964,145.99118,141.34306,1338.3042,-135.56068,310.04733,1039.0736,-92.838219,280.19598,879.07648,69.273468
1301,13.0,16.458645,1343.7242,-223.05276,11.103118,1081.182,32.696339,-110.03597,1342.4437,-138.72906,-327.39398,1092.9005,-74.129631,-325.87106,999.19696,141.09642,141.0719,1338.1996,-135.73383,307.00891,1036.7739,-91.910507,274.01453,872.80353,66.168083
1302,13.01,15.291737,1343.4368,-223.02716,11.425066,1080.8815,32.524204,-111.89487,1341.3667,-137.4809,-320.37903,1082.8208,-73.133514,-321.62524,974.50818,135.02055,140.6904,1338.0208,-135.87398,304.26523,1034.3666,-90.825348,267.80695,866.34009,61.856934
1303,13.02,14.021655,1343.0969,-223.00093,11.688802,1080.5275,32.347183,-113.80555,1340.0837,-136.31339,-313.64764,1073.9009,-72.174271,-316.67645,951.0141,127.49429,140.2411,1337.8668,-136.03896,301.70499,1031.8843,-89.655434,261.48441,859.5946,56.069382
1304,13.03,12.455256,1342.6052,-222.5569,11.905677,1080.2211,32.204777,-115.57026,1338.7085,-135.10524,-306.51257,1065.6156,-71.468849,-310.85498,929.05347,118.73397,139.72899,1337.7577,-136.16151,299.20511,1029.1964,-88.368652,255.61467,853.29156,51.438499
1305,13.04,11.162915,1342.4868,-222.83278,12.141342,1079.8761,32.081264,-117.2952,1337.2915,-133.84045,-299.86407,1058.6698,-71.263382,-304.25562,908.93427,109.0048,139.18529,1337.7349,-136.32649,296.71759,1026.4056,-86.968193,250.18742,847.26208,46.661125
1306,13.05,9.6955566,1341.9238,-222.44302,12.39465,1079.5485,32.008461,-119.03053,1335.9335,-132.66261,-293.52423,1052.2402,-71.010681,-296.92065,890.76422,98.602249,138.69655,1337.7635,-136.45111,294.08832,1023.7571,-85.513039,245.0901,841.52075,41.548847
1307,13.06,8.412281,1341.5927,-222.52441,12.652185,1079.2019,32.082233,-120.77063,1334.6874,-131.40581,-288.0798,1046.1603,-70.869087,-288.90735,874.59473,87.797653,138.21696,1337.8236,-136.60844,290.93579,1021.5792,-84.350594,240.30836,836.23798,37.151257
1308,13.07,7.0913529,1341.2255,-222.29807,12.855056,1078.9067,32.090454,-122.44032,1333.5942,-130.1436,-283.14154,1040.4479,-71.054375,-280.67123,860.45288,76.990067,137.74367,1337.9025,-136.71402,287.29581,1020.0305,-83.59597,235.75244,830.9209,32.148052
1309,13.08,5.9629931,1341.0457,-222.18042,12.993377,1078.6245,32.179386,-123.81234,1332.6506,-129.09229,-278.44284,1035.2615,-71.560371,-272.39392,848.37415,66.382126,137.26273,1337.9584,-136.70726,283.27689,1018.7662,-83.138618,231.63736,826.29425,27.130228
1310,13.09,4.8878856,1340.965,-221.88303,13.105259,1078.3668,32.304745,-124.92515,1331.788,-127.9062,-273.79715,1030.6926,-72.63266,-264.38361,838.17773,56.396564,136.79738,1338.0001,-136.62364,279.13849,1017.5741,-82.953835,227.96815,822.22559,22.371
1311,13.1,3.9921246,1341.0341,-221.46561,13.204197,1078.1257,32.478374,-125.84888,1331.0775,-126.55804,-269.31271,1026.8079,-74.275208,-256.70139,829.90472,47.010967,136.34862,1338.022,-136.39384,275.18271,1016.4203,-82.902985,224.65634,818.59631,17.763517
1312,13.11,3.3072364,1341.2275,-220.90979,13.29792,1077.8704,32.665634,-126.65445,1330.5476,-125.49707,-265.17358,1023.537,-76.386742,-249.38327,823.01611,38.54636,135.98564,1338.0667,-135.98135,271.61398,1015.2648,-83.14727,221.61719,815.38013,13.469568
1313,13.12,2.7770848,1341.4292,-220.15552,13.350939,1077.6654,32.77721,-127.33078,1330.1788,-124.50553,-261.60733,1020.5167,-78.413452,-242.6456,817.51782,31.155142,135.68286,1338.1882,-135.45334,268.30927,1014.2001,-83.763527,218.77434,812.58167,9.3138914
1314,13.13,2.4159882,1341.6833,-219.43416,13.3681,1077.4818,32.877979,-127.87865,1329.9891,-123.90201,-258.79645,1018.0101,-80.818428,-236.49416,813.29327,24.915049,135.41853,1338.3821,-134.7556,265.27811,1013.3498,-84.573677,215.91634,810.12848,5.1708956
1315,13.14,2.1428435,1342.0051,-218.8356,13.279549,1077.3278,32.965649,-128.33577,1329.8098,-123.05534,-256.61386,1015.7571,-83.174675,-231.1375,810.01154,19.609985,135.21605,1338.5739,-134.04559,262.59845,1012.7527,-85.452003,212.94885,807.99896,1.0355432
1316,13.15,2.0229928,1342.2927,-218.15637,13.116494,1077.2036,32.983433,-128.77798,1329.7804,-122.55767,-254.81758,1013.7534,-85.337303,-226.50031,807.55219,15.306777,135.05035,1338.7404,-133.24612,260.2991,1012.2284,-86.150429,210.05927,806.28149,-2.6411293
1317,13.16,1.9948756,1342.5831,-217.49088,12.815183,1077.1003,32.961491,-129.20276,1329.8029,-122.11695,-253.33452,1012.0792,-87.568542,-222.83345,805.70898,11.928298,134.90118,1338.7935,-132.34564,258.48221,1011.7751,-86.627151,207.49963,805.02124,-5.6064262
1318,13.17,1.9062352,1342.8779,-216.90909,12.48137,1076.951,32.931011,-129.59009,1329.8687,-121.82206,-252.22194,1010.7015,-89.633316,-220.06226,804.45844,9.2914991,134.72806,1338.7439,-131.39935,257.401,1011.2762,-87.129204,205.35393,804.13397,-7.5405922
1319,13.18,1.8949093,1343.1801,-216.37209,12.029225,1076.851,32.834343,-129.98131,1329.9688,-121.67265,-250.99986,1009.7413,-91.76281,-218.27496,803.54724,7.3884501,134.54787,1338.6029,-130.54424,257.06677,1010.8192,-87.333244,203.52513,803.60712,-8.7786999
1320,13.19,1.8240834,1343.5331,-215.89355,11.532005,1076.7719,32.635143,-130.31255,1330.054,-121.5029,-250.92619,1009.0043,-93.093651,-217.47275,803.04712,6.1074605,134.37183,1338.4437,-129.68311,257.35834,1010.423,-87.027206,202.22905,803.55121,-9.026166
1321,13.2,1.7692275,1343.8645,-215.44534,11.159518,1076.6703,32.463017,-130.59616,1330.1425,-121.33723,-251.01122,1008.5958,-94.171539,-217.50725,802.7691,5.2759504,134.17493,1338.295,-128.97609,258.15158,1010.1667,-86.190063,201.59793,804.12195,-7.8711071
1322,13.21,1.7124287,1344.2253,-215.13148,10.719629,1076.5503,32.266869,-130.75214,1330.2224,-121.1603,-251.15755,1008.532,-94.825607,-218.26491,802.61523,4.8425298,133.94196,1338.1903,-128.43529,259.31143,1010.3221,-84.64962,202.02762,805.42542,-4.6703391
1323,13.22,1.6236504,1344.6078,-214.91353,10.445215,1076.39,32.026764,-130.79926,1330.3441,-120.92889,-252.38037,1008.8561,-94.614487,-219.64063,802.75507,4.6689577,133.67641,1338.1711,-128.0912,260.98816,1011.1469,-82.914154,203.78021,807.70374,0.74638718
1324,13.23,1.4673017,1344.9985,-214.77863,10.201033,1076.2507,31.749304,-130.76328,1330.5427,-120.53016,-253.67949,1009.5673,-94.374832,-221.56844,803.15387,4.7304683,133.36357,1338.2786,-127.84978,262.90283,1012.7132,-80.996208,206.66983,811.1745,8.1716452
1325,13.24,1.1832062,1345.4185,-214.72643,10.082355,1076.0712,31.390358,-130.64159,1330.8873,-119.9929,-255.14856,1010.7031,-94.035408,-223.95778,803.91852,4.9183288,132.88884,1338.5217,-127.8149,265.34341,1015.0155,-79.037918,210.49448,816.05469,17.20812
1326,13.25,0.76431245,1345.8215,-214.65329,10.112177,1075.9622,31.044226,-130.47234,1331.3352,-119.28862,-257.7811,1012.0427,-93.223221,-226.83141,804.9621,5.1687059,132.26099,1338.8745,-127.93716,268.38434,1017.9132,-77.059952,215.08546,822.43286,27.730169
1327,13.26,0.14640532,1346.1558,-214.58116,10.161384,1075.8713,30.78837,-130.28697,1331.9535,-118.55553,-260.47626,1013.6375,-92.580688,-230.10347,806.26929,5.3685808,131.49872,1339.2937,-128.34013,272.13721,1021.2312,-74.785583,220.42419,830.52087,39.064766
1328,13.27,-0.58393776,1346.4702,-214.58351,10.342341,1075.8425,30.608742,-130.13234,1332.6965,-117.62492,-263.45346,1015.4574,-92.101906,-233.90958,807.77832,5.4357901,130.67412,1339.7677,-128.9211,276.66434,1025.1257,-72.099762,226.4016,840.33533,52.203922
1329,13.28,-1.4123802,1346.7755,-214.68999,10.651821,1075.8593,30.470188,-129.99841,1333.448,-116.41236,-266.53003,1017.4203,-91.781639,-238.01997,809.21747,5.1374927,129.83076,1340.3154,-129.71774,281.72281,1029.5736,-69.234512,232.95506,852.09717,65.81739
1330,13.29,-2.3796921,1347.0946,-214.74913,11.061092,1075.9701,30.219704,-129.81387,1334.3746,-115.22149,-269.71414,1019.5429,-91.720695,-242.46892,810.84808,4.4686427,128.97202,1340.8844,-130.7791,287.33951,1034.6066,-66.182091,239.97484,865.77484,80.0541
1331,13.3,-3.2980013,1347.3795,-214.82562,11.49037,1076.1123,30.075245,-129.66028,1335.449,-113.9848,-272.97784,1021.8158,-91.910904,-247.11595,811.98999,3.5535226,128.14261,1341.443,-131.90096,293.07581,1040.2988,-63.127598,247.59984,882.02539,95.288963
1332,13.31,-4.2737131,1347.6896,-214.89793,12.027596,1076.334,29.994375,-129.35968,1336.5167,-112.36503,-276.49554,1024.2882,-92.616768,-251.40196,813.77966,1.4394934,127.41403,1341.925,-133.18533,298.71689,1047.1018,-60.453789,255.32484,900.85791,110.37206
1333,13.32,-5.1761866,1347.9767,-214.95621,12.564838,1076.5536,29.941711,-129.04906,1337.7271,-110.93691,-280.16403,1026.8889,-93.52906,-255.68733,815.32996,-1.2002757,126.69776,1342.3688,-134.47302,304.35806,1054.7748,-57.890732,262.72995,921.95886,124.54125
1334,13.33,-6.0204582,1348.179,-214.80438,13.152469,1076.8156,29.896372,-128.62036,1338.9515,-109.30975,-284.03976,1029.632,-94.722702,-259.58603,816.78638,-4.8283319,126.0222,1342.7638,-135.88371,309.91031,1063.3521,-55.262501,269.78064,945.96558,139.08369
1335,13.34,-6.8491001,1348.3877,-214.69653,13.756033,1077.0833,29.922075,-128.23605,1340.188,-107.59006,-288.16339,1032.5029,-96.268494,-263.05145,818.01038,-9.3881187,125.41235,1343.1042,-137.23338,315.08386,1072.7056,-53.241871,276.34161,971.82269,150.81316
1336,13.35,-7.66539,1348.616,-214.55557,14.304702,1077.3307,29.964403,-127.83295,1341.3829,-105.8865,-292.21155,1035.3226,-97.996193,-265.90491,819.1286,-14.881377,124.83858,1343.4686,-138.61171,319.65939,1082.5892,-51.927158,281.96771,999.51746,160.94078
1337,13.36,-8.4359169,1348.7953,-214.22101,14.962972,1077.556,30.164564,-127.42968,1342.5245,-104.072,-296.51172,1038.2657,-100.12354,-268.20688,820.33917,-21.272612,124.29081,1343.7671,-139.82364,323.77841,1092.3239,-51.171448,287.11206,1028.5795,168.93147
1338,13.37,-9.1261406,1349.0204,-213.89281,15.610995,1077.777,30.514238,-127.04688,1343.5785,-102.3167,-300.88495,1040.9996,-102.23504,-270.04681,821.68817,-28.525784,123.75283,1344.0469,-141.00192,327.767,1102.3488,-50.625179,291.49631,1059.12,174.64195
1339,13.38,-9.7581835,1349.2408,-213.50523,16.229065,1077.9845,30.904097,-126.68897,1344.5354,-100.37187,-305.44052,1043.7931,-104.60889,-271.92139,822.93561,-37.115768,123.24166,1344.2628,-141.90637,331.51584,1112.5038,-50.248356,296.20331,1088.905,173.62047
1340,13.39,-10.362355,1349.3862,-212.86105,16.885279,1078.1772,31.287159,-126.3855,1345.4712,-98.620331,-309.97711,1046.7925,-107.62993,-273.74496,825.0871,-45.070137,122.73534,1344.4218,-142.57393,335.26974,1122.9525,-50.141098,298.06558,1119.1301,175.17787
1341,13.4,-10.857607,1349.636,-212.28961,17.466885,1078.3051,31.768587,-126.08646,1346.3293,-96.851006,-314.10989,1049.9369,-110.76154,-275.95547,826.87738,-54.236214,122.13932,1344.5463,-143.0341,338.96155,1133.1516,-49.9342,299.32828,1148.9952,176.34377
1342,13.41,-11.26406,1349.8193,-211.71246,17.782248,1078.5001,32.251472,-125.83816,1347.1743,-95.298645,-317.61743,1053.3931,-114.70404,-278.10971,828.86292,-63.272858,121.55087,1344.625,-143.23061,342.88135,1143.3407,-49.821526,300.69781,1178.5208,170.92488
1343,13.42,-11.602707,1349.9663,-211.0434,18.161961,1078.5287,32.965958,-125.54528,1347.965,-93.901566,-320.4675,1056.8538,-119.13142,-280.36655,830.62878,-73.96904,120.86559,1344.6545,-143.11389,346.65344,1153.4055,-49.99263,300.90686,1207.3134,166.30957
1344,13.43,-11.908042,1350.1326,-210.40236,18.399771,1078.5515,33.633778,-125.3726,1348.6846,-92.157394,-322.82028,1060.1483,-124.00154,-282.6434,832.58594,-84.685593,120.24531,1344.5627,-142.85437,349.71072,1163.3402,-50.216297,300.32037,1235.0747,160.90028
1345,13.44,-12.074644,1350.307,-209.67043,18.487722,1078.6051,34.241798,-125.2291,1349.4016,-90.756233,-324.72214,1063.2173,-128.69937,-284.98096,834.28088,-95.950508,119.67471,1344.4193,-142.34129,352.52835,1173.0652,-50.5425,299.43076,1261.0605,152.37946
1346,13.45,-12.19759,1350.494,-208.963,18.412281,1078.6062,35.275085,-125.14797,1350.0862,-89.597023,-325.98007,1066.2307,-133.93437,-287.32745,835.86829,-107.86555,119.18577,1344.2158,-141.90315,355.32666,1182.8521,-50.928154,298.30905,1285.0885,142.3616
1347,13.46,-12.350613,1350.6541,-208.24402,18.183434,1078.584,36.069344,-125.15312,1350.6835,-88.257339,-326.64111,1069.1226,-139.07741,-289.54517,837.59534,-120.42692,118.61755,1344.0273,-141.29596,357.85599,1192.3837,-51.660034,296.55399,1307.476,131.6196
1348,13.47,-12.56744,1350.8199,-207.50308,17.940237,1078.6443,36.755444,-125.16971,1351.1644,-86.812195,-327.01309,1072.0466,-144.63805,-291.44537,839.47186,-133.51822,118.00837,1343.8281,-140.67615,359.95364,1201.5206,-52.933842,294.8165,1327.7336,119.22285
1349,13.48,-12.796811,1350.8762,-206.73018,17.556351,1078.674,37.677559,-125.27825,1351.5677,-85.530861,-327.15247,1074.7726,-150.11514,-292.99155,841.69415,-147.14331,117.32288,1343.6338,-139.89038,361.73572,1210.2465,-54.314255,292.63812,1346.4749,106.74627
1350,13.49,-13.026751,1350.9216,-205.95058,17.212196,1078.5197,39.206181,-125.45651,1351.8423,-84.189102,-327.09808,1077.4219,-155.81842,-294.27939,844.17584,-160.55145,116.66412,1343.4589,-139.21782,363.30725,1218.4675,-56.044464,290.11417,1363.3223,94.013695
1351,13.5,-13.241036,1350.9371,-205.10849,16.749971,1078.5967,39.784519,-125.73512,1352.0156,-82.828621,-326.78632,1080.0386,-161.68349,-294.90588,846.88245,-175.13432,116.07407,1343.2705,-138.53987,364.70575,1226.0378,-57.968891,287.36713,1378.3965,80.907166
1352,13.51,-13.533668,1350.9591,-204.17529,16.334824,1078.6437,40.678085,-126.04159,1352.1924,-81.637558,-326.14789,1082.6466,-167.75826,-295.57166,849.91235,-189.04715,115.45276,1343.0248,-137.73642,365.79306,1232.9121,-60.172264,284.43011,1391.7684,67.454422
1353,13.52,-13.80234,1350.9631,-203.32623,15.886641,1078.627,41.86414,-126.3051,1352.2014,-80.288414,-325.19745,1085.2749,-173.9855,-295.86697,853.13647,-202.72752,114.8278,1342.7861,-136.96307,366.81909,1239.0725,-62.50502,281.40329,1403.4285,53.703106
1354,13.53,-14.031378,1350.9836,-202.47211,15.44397,1078.6244,42.941521,-126.64504,1352.207,-79.219749,-323.96637,1087.881,-180.15869,-295.75003,856.72437,-216.55757,114.25108,1342.5922,-136.19939,367.69345,1244.5317,-65.002708,278.17776,1413.4098,39.805405
1355,13.54,-14.257167,1350.9869,-201.50766,15.059448,1078.6479,43.992012,-127.01884,1352.2106,-78.247208,-322.58856,1090.6354,-186.54889,-294.9805,860.73248,-230.34367,113.68929,1342.5979,-135.43167,368.4939,1249.3407,-67.682518,274.85385,1421.6833,25.961245
1356,13.55,-14.361161,1350.9614,-200.66869,14.569913,1078.6591,45.212013,-127.38412,1352.0861,-77.025459,-321.18289,1093.4301,-193.09705,-293.6955,865.04852,-244.0266,113.1608,1342.5552,-134.63657,369.13699,1253.5259,-70.50338,271.45575,1428.3694,12.302277
1357,13.56,-14.554832,1350.9674,-199.85902,14.135129,1078.7451,46.21067,-127.8548,1352.0208,-76.193413,-319.57776,1096.1587,-199.20058,-291.92661,869.69147,-257.39456,112.58643,1342.5725,-133.84666,369.77625,1256.9585,-73.473244,268.11707,1433.7236,-1.036014
1358,13.57,-14.793353,1350.879,-198.87511,13.668398,1078.7961,47.327412,-128.3382,1351.918,-75.281937,-317.75595,1098.9269,-205.47383,-289.91791,874.44684,-270.47742,112.01398,1342.5642,-133.06476,370.34427,1259.7832,-76.44838,264.73477,1437.3198,-14.066676
1359,13.58,-15.014991,1350.9213,-198.12161,13.110743,1078.7592,48.306477,-128.78825,1351.7406,-74.109085,-315.60406,1101.7537,-211.72685,-287.73578,879.32074,-283.02731,111.42505,1342.6012,-132.27679,370.86679,1261.8823,-79.594528,261.4787,1439.5865,-25.917145
1360,13.59,-15.337068,1350.9586,-197.29839,12.530736,1078.8463,49.186787,-129.37848,1351.6213,-73.174294,-313.28857,1104.6311,-218.04195,-285.24207,884.2735,-295.13205,110.78484,1342.7302,-131.5838,371.38745,1263.231,-82.746719,258.23895,1440.7028,-38.063164
1361,13.6,-15.611857,1350.9292,-196.36823,11.934105,1078.9375,49.860279,-129.99976,1351.3846,-72.728462,-310.88785,1107.455,-224.15605,-282.4017,889.30286,-306.78503,110.13362,1342.8289,-130.86682,371.71692,1264.0881,-86.079384,255.10704,1440.655,-49.693493
1362,13.61,-15.874767,1351.0039,-195.60382,11.190052,1078.8976,50.692802,-130.61925,1351.0569,-71.559433,-308.40799,1110.2065,-229.98051,-279.1535,894.47888,-318.09485,109.48313,1342.8491,-130.20822,371.91907,1264.1659,-89.714355,252.06726,1439.558,-60.712566
1363,13.62,-16.198101,1351.0336,-194.80083,10.457728,1078.915,51.467613,-131.28761,1350.7355,-70.926704,-305.92462,1112.9019,-235.64841,-275.42673,899.67999,-328.80606,108.91009,1342.8756,-129.48329,372.11972,1263.6521,-92.70681,249.12885,1437.5753,-70.951698
1364,13.63,-16.590614,1351.0493,-194.04861,9.7056742,1078.9475,52.163155,-132.00189,1350.4197,-70.594597,-303.37424,1115.3893,-240.88091,-271.45459,904.8891,-339.03021,108.3672,1342.8778,-128.94682,372.202,1262.8572,-96.341576,246.35587,1434.8339,-80.219742
1365,13.64,-17.009871,1350.9989,-193.28096,8.9664125,1079.0184,52.737312,-132.65392,1350.0002,-69.878761,-300.69128,1117.6591,-245.69965,-267.33734,910.01208,-348.62668,107.91584,1342.8744,-128.5146,372.17795,1261.3097,-99.656265,243.75569,1431.3644,-88.776894
1366,13.65,-17.49008,1350.9559,-192.49435,8.3325872,1079.0424,53.44511,-133.29721,1349.5668,-69.15593,-297.8551,1119.8008,-250.0161,-262.99503,914.99323,-357.65067,107.53728,1342.7959,-128.25752,371.96454,1259.2427,-102.83537,241.4146,1427.3884,-96.147697
1367,13.66,-17.94932,1351.0255,-191.99121,7.6992073,1079.0521,54.190163,-133.91869,1349.1127,-68.457527,-294.97226,1121.7198,-253.99232,-258.54309,919.62769,-365.93344,107.13976,1343.0116,-127.87412,371.67844,1256.7982,-105.89751,239.32149,1423.47,-102.28835
1368,13.67,-18.428862,1351.1102,-191.5513,7.1555734,1079.077,54.799797,-134.57843,1348.7024,-68.038757,-292.18915,1123.4111,-257.58865,-254.34775,923.7475,-373.55154,106.82967,1342.9545,-127.75333,371.26041,1253.9563,-108.71745,237.05168,1418.9607,-107.62736
1369,13.68,-18.969891,1351.0685,-190.90785,6.747407,1079.0977,55.249847,-135.11108,1348.1927,-67.610313,-289.54419,1124.9668,-260.89667,-249.60916,927.80682,-380.30878,106.51889,1342.8522,-127.75065,370.78647,1250.8789,-111.25409,234.91776,1414.2031,-111.90559
1370,13.69,-19.471497,1351.0693,-190.42615,6.4136195,1079.135,55.585064,-135.64011,1347.7188,-67.130615,-287.17465,1126.1947,-263.80716,-244.89742,931.46179,-386.15045,106.30904,1342.7484,-127.81309,370.33548,1247.661,-113.61639,232.96693,1409.4978,-114.92667
1371,13.7,-19.925098,1351.0,-189.91142,6.1948981,1079.137,55.919991,-136.02641,1347.1477,-66.652702,-285.04785,1127.2346,-266.44028,-240.29601,934.53827,-391.02997,106.16463,1342.6049,-128.0647,369.81696,1244.3721,-115.68617,231.24255,1405.1078,-116.56195
1372,13.71,-20.238892,1350.8705,-189.68431,6.0513525,1079.1072,56.201912,-136.31627,1346.6508,-66.157883,-283.00949,1128.0519,-268.80475,-235.87627,937.07806,-394.99115,106.17622,1342.5052,-128.32875,369.41,1241.3145,-117.53245,229.79187,1401.2274,-116.91457
1373,13.72,-20.43239,1350.5988,-189.39435,5.9584961,1079.0563,56.396797,-136.5778,1346.2816,-66.006546,-281.14417,1128.6113,-270.77905,-231.9117,938.84406,-397.9827,106.26305,1342.3505,-128.61084,368.94254,1238.502,-119.07162,228.72369,1397.9701,-116.05197
1374,13.73,-20.544083,1351.006,-190.13542,5.9298315,1078.9763,56.427624,-136.77376,1345.9269,-65.812317,-279.50516,1128.9403,-272.51334,-228.33443,939.84869,-400.0889,106.38037,1342.2412,-128.85498,368.39554,1236.012,-120.32982,227.97182,1395.3013,-114.22326
1375,13.74,-20.51874,1350.9485,-189.97679,5.954618,1078.8971,56.413685,-136.95534,1345.7754,-66.012817,-277.97531,1128.7898,-273.55743,-225.20068,940.07251,-401.05624,106.50143,1342.1415,-129.03159,367.9649,1233.9172,-121.22934,227.54286,1393.1683,-111.6067
1376,13.75,-20.41181,1351.0332,-190.13945,5.9770021,1078.7806,56.332829,-137.0621,1345.6217,-66.245789,-276.91727,1128.3292,-274.51639,-222.34087,939.57996,-401.3374,106.61633,1342.0367,-129.03554,367.61359,1232.1736,-121.84576,227.43411,1391.5101,-108.50185
1377,13.76,-20.271502,1351.0557,-189.85031,5.9931083,1078.6179,56.151878,-137.15538,1345.5409,-66.802719,-276.07834,1127.4185,-274.85147,-219.74646,938.45172,-400.6683,106.72185,1341.9993,-128.86543,367.47296,1230.887,-122.11589,227.66771,1390.3091,-105.19211
1378,13.77,-20.042278,1350.868,-189.59047,6.0640712,1078.4542,55.849216,-137.26003,1345.4807,-67.235077,-275.68719,1126.2539,-274.81055,-217.69221,936.64954,-399.17398,106.89632,1342.0082,-128.48882,367.53909,1230.0282,-122.15366,228.19629,1389.5044,-101.63806
1379,13.78,-19.727978,1350.8263,-189.48039,6.1369638,1078.2401,55.599583,-137.27107,1345.3552,-67.679214,-275.52921,1124.8741,-274.37457,-216.08688,934.12146,-396.55438,107.09797,1342.0809,-127.99251,367.79089,1229.5507,-121.89816,229.07454,1389.1293,-98.017258
1380,13.79,-19.426132,1350.5287,-188.73987,6.1983099,1078.0225,55.405231,-137.23145,1345.2406,-67.960213,-275.62561,1123.2924,-273.59875,-215.09056,930.96063,-392.87903,107.34428,1342.1589,-127.40063,368.22052,1229.4485,-121.46558,230.56805,1389.4907,-93.879379
1381,13.8,-18.985813,1350.4346,-188.65543,6.2089405,1077.7257,55.206203,-137.09291,1345.2814,-68.571121,-276.08731,1121.656,-272.56244,-214.74165,927.11957,-388.26001,107.63242,1342.2629,-126.63949,368.73282,1229.7241,-120.83849,232.60664,1390.4989,-89.411713
1382,13.81,-18.492224,1350.3289,-188.61861,6.2430129,1077.4675,55.02861,-136.87155,1345.3907,-69.277855,-276.85355,1119.8418,-271.19382,-214.74541,923.05237,-382.74414,107.91661,1342.4063,-125.82941,369.33932,1230.2623,-120.1094,235.18027,1392.0121,-84.5084
1383,13.82,-17.903936,1350.2439,-188.53966,6.2445154,1077.165,54.90078,-136.58708,1345.6385,-70.258926,-277.90491,1117.8689,-269.50952,-215.38428,918.5058,-376.44647,108.20756,1342.5121,-125.03947,370.05594,1231.0341,-119.21439,238.17514,1393.8229,-79.346939
1384,13.83,-17.164124,1350.1993,-188.4276,6.2142034,1076.8944,54.736515,-136.24658,1345.8433,-70.949745,-279.13858,1115.7184,-267.53537,-216.67863,913.66168,-369.57349,108.51035,1342.6383,-124.54224,370.88095,1232.088,-118.37161,241.5791,1395.9011,-73.870781
1385,13.84,-16.436899,1350.2151,-188.39745,6.2016301,1076.6591,54.642914,-135.86697,1346.0747,-71.69146,-280.57413,1113.3353,-265.05478,-218.62599,908.56494,-362.14432,108.82932,1342.8136,-123.57923,371.83591,1233.2778,-117.54478,245.33524,1398.1758,-67.981911
1386,13.85,-15.710194,1350.2413,-188.33165,6.0769329,1076.4581,54.516243,-135.49767,1346.3268,-72.526123,-282.09454,1110.9132,-262.30103,-221.26945,903.31696,-354.09955,109.15199,1343.005,-122.62708,372.8924,1234.7721,-116.80361,249.40881,1400.4457,-61.503258
1387,13.86,-14.949875,1350.2986,-188.28499,5.911355,1076.275,54.425957,-135.13615,1346.5967,-73.293304,-283.81677,1108.4507,-259.28931,-224.64333,897.97125,-345.50287,109.48968,1343.2084,-121.8907,374.13242,1236.5568,-116.17569,253.75951,1402.6514,-54.53355
1388,13.87,-14.262748,1350.3274,-188.12148,5.738205,1076.1503,54.23983,-134.73822,1346.8971,-74.026207,-285.73911,1106.0706,-256.13629,-228.59669,892.56989,-336.09821,109.86062,1343.4254,-121.15182,375.43054,1238.6057,-115.64239,258.43488,1404.7776,-46.873859
1389,13.88,-13.520031,1350.3806,-188.15152,5.4580517,1076.0272,54.05724,-134.32225,1347.2936,-75.062401,-288.20477,1103.9602,-252.72545,-233.12105,887.41077,-325.80743,110.23109,1343.6813,-120.48701,376.96234,1240.9241,-115.1487,263.38602,1406.6583,-38.696018
1390,13.89,-12.791076,1350.3529,-188.19412,5.1773653,1075.965,53.901909,-133.74777,1347.696,-76.170364,-291.17166,1102.1267,-249.17241,-237.92149,882.66467,-314.76038,110.57406,1343.9709,-119.93411,378.69672,1243.4525,-114.69992,268.70883,1408.3151,-29.97336
1391,13.9,-11.904678,1350.2926,-188.32721,4.8789659,1075.947,53.750923,-133.09424,1348.191,-77.479744,-294.54736,1100.7406,-245.71924,-243.17859,878.35065,-302.80814,110.95206,1344.3365,-119.34738,380.44257,1246.234,-114.3258,274.12134,1409.8822,-20.462158
1392,13.91,-10.991837,1350.2015,-188.64075,4.6110969,1075.9805,53.553295,-132.39764,1348.6808,-78.807114,-298.16876,1099.8427,-242.35594,-248.9416,874.58093,-289.75073,111.28707,1344.6776,-118.87241,382.21515,1249.1779,-113.88491,279.95926,1410.8694,-11.007738
1393,13.92,-10.07695,1350.101,-188.90359,4.3454599,1076.0508,53.366611,-131.55814,1349.1477,-79.78624,-301.86569,1099.4423,-239.29021,-255.36844,871.38562,-275.6582,111.5332,1345.0525,-118.49637,383.96985,1252.3241,-113.5391,286.039,1411.4476,-1.3187237
1394,13.93,-9.2353916,1350.1124,-189.22379,4.1075888,1076.1805,53.071259,-130.78871,1349.712,-80.694748,-305.30499,1099.465,-236.71669,-262.53891,868.75555,-260.40607,111.73439,1345.3962,-118.15296,385.71237,1255.6516,-113.11853,292.63763,1411.3369,6.910645
1395,13.94,-8.4252567,1350.2118,-189.50177,3.8967381,1076.3246,52.781055,-129.98936,1350.3419,-81.762573,-308.40216,1099.8134,-234.24274,-270.40009,866.75366,-243.97466,111.904,1345.75,-117.81879,387.29004,1259.1127,-112.63538,299.33493,1411.1941,17.218697
1396,13.95,-7.6024723,1350.3727,-189.85451,3.6408539,1076.4442,52.452885,-129.1944,1351.0177,-82.760712,-311.28625,1100.3046,-231.82681,-278.41257,865.9577,-227.28253,111.93479,1346.1134,-117.53629,388.82645,1262.7345,-112.015,306.24081,1410.1479,28.481157
1397,13.96,-6.8591981,1350.4791,-190.1059,3.3300769,1076.5693,52.171787,-128.34834,1351.7102,-83.998756,-314.0722,1100.7931,-229.4568,-286.68933,866.32806,-210.03064,111.86603,1346.489,-117.23927,390.32086,1266.3442,-111.27883,313.34024,1408.4691,38.888027
1398,13.97,-6.0761743,1350.6176,-190.48354,3.069495,1076.6597,51.813488,-127.4604,1352.3275,-85.227768,-316.73962,1101.1786,-226.78407,-294.80161,867.70758,-192.77124,111.72945,1346.89,-116.92609,391.77176,1269.908,-110.32026,320.34335,1405.9586,49.960533
1399,13.98,-5.2365193,1350.7678,-191.02637,2.8030283,1076.823,51.302593,-126.56229,1352.9324,-86.88562,-319.38867,1101.4301,-223.88402,-302.7851,869.98468,-175.48459,111.53754,1347.2688,-116.65388,393.25497,1273.3468,-109.13432,327.58014,1402.9189,59.728752
1400,13.99,-4.4104195,1350.9092,-191.57553,2.5736384,1076.9851,50.811867,-125.67767,1353.3928,-88.189682,-322.11853,1101.6643,-220.73212,-310.76611,873.22101,-157.9864,111.39774,1347.6702,-116.46818,394.82379,1276.6737,-107.65183,334.69525,1399.3871,69.185547
1401,14.0,-3.6114101,1351.0157,-192.10429,2.3487592,1077.1439,50.249405,-124.89002,1353.8475,-89.655754,-324.99149,1101.7439,-217.35933,-318.53101,877.37024,-140.64905,111.22727,1348.0759,-116.3242,396.34756,1279.828,-105.79945,341.76996,1395.0643,78.878754
1402,14.01,-2.9343743,1351.1549,-192.71298,2.1560552,1077.3461,49.686996,-124.16919,1354.1438,-90.750648,-327.91147,1101.828,-213.76601,-325.93073,882.51532,-123.45272,110.91611,1348.3413,-115.98735,397.80222,1282.821,-103.61586,348.96579,1389.8575,88.523758
1403,14.02,-2.3061609,1351.2908,-193.25729,2.0081012,1077.5117,49.242397,-123.54135,1354.4563,-92.073288,-330.83307,1101.9281,-209.74683,-333.3107,888.55707,-106.41187,110.82205,1348.9001,-116.15983,399.0253,1285.6772,-101.08492,356.3013,1383.46,98.268524
1404,14.03,-1.7207632,1351.4377,-193.97928,1.8996068,1077.6091,48.827709,-122.89538,1354.6567,-93.419952,-333.70425,1102.1429,-205.47748,-340.42377,895.60504,-89.510086,110.7363,1349.1946,-116.253,400.21686,1288.4406,-98.238419,363.72952,1375.8281,107.85567
1405,14.04,-1.1393201,1351.4274,-194.59148,1.8624417,1077.7047,48.23912,-122.17463,1354.7201,-94.646629,-336.72388,1102.4559,-200.7738,-346.85388,902.90448,-73.325241,110.70715,1349.4734,-116.46923,401.44543,1291.2281,-95.023567,370.51419,1367.2192,116.94695
1406,14.05,-0.46537197,1351.3444,-195.27386,1.8797122,1077.8341,47.519432,-121.43872,1354.7748,-96.104507,-339.82352,1102.8107,-195.51936,-352.69427,910.40845,-57.720966,110.80109,1349.6726,-116.7151,402.8006,1293.522,-91.420044,376.85696,1357.9419,125.29868
1407,14.06,0.31419846,1351.2595,-196.13113,1.8897189,1077.9885,46.852158,-120.74577,1354.8889,-97.412109,-342.98825,1103.295,-189.95496,-357.9722,918.12286,-42.791172,110.97218,1349.8611,-117.00317,404.16068,1295.1942,-87.457291,382.55881,1348.2183,132.83643
1408,14.07,0.96020424,1351.109,-196.82758,1.9810151,1078.0687,46.342964,-120.12284,1355.046,-98.666969,-346.02286,1103.7548,-183.99532,-362.68277,925.95551,-28.493168,111.29354,1350.1976,-117.52399,405.71405,1296.2834,-83.336884,387.63937,1338.3113,139.60039
1409,14.08,1.550905,1351.0493,-197.61499,2.1271417,1078.1185,45.801529,-119.51958,1355.2649,-99.865761,-348.96805,1104.4292,-177.76732,-366.82123,934.00507,-14.884966,111.56832,1350.3069,-117.87696,407.09348,1296.2382,-79.072861,392.31955,1328.4561,145.99094
1410,14.09,2.0278339,1351.0503,-198.40387,2.3407056,1078.2457,45.26593,-118.93481,1355.4449,-100.82069,-351.6601,1105.3093,-171.37262,-370.63724,941.70721,-1.8207912,111.82668,1350.5175,-118.4162,408.27182,1295.3279,-74.845978,396.38937,1317.9895,151.79581
1411,14.1,2.4149342,1351.0636,-199.36488,2.6002383,1078.4026,44.636379,-118.29117,1355.6239,-101.82767,-354.01508,1106.3931,-164.98732,-373.95486,949.48608,10.433239,112.13811,1350.6411,-118.96562,409.06985,1293.7659,-70.887741,400.31641,1306.9077,157.27129
1412,14.11,2.8430731,1351.0139,-200.21005,2.9199913,1078.5175,44.094059,-117.54052,1355.6655,-102.52914,-356.2858,1107.8073,-158.52029,-376.72928,957.18835,22.303885,112.47601,1350.6302,-119.66245,409.3902,1291.605,-66.914955,404.01007,1295.4467,162.72055
1413,14.12,3.2758181,1350.9446,-201.01697,3.3269131,1078.6375,43.582401,-116.63412,1355.7042,-103.52177,-358.4223,1109.4617,-151.94437,-378.93887,964.36835,33.471249,112.85576,1350.5538,-120.34992,409.67908,1289.3096,-62.902309,407.09314,1284.4292,169.21278
1414,14.13,3.7633371,1350.8802,-201.87996,3.700619,1078.689,43.258839,-115.72484,1355.7699,-104.57462,-360.51105,1111.3405,-145.24165,-380.56128,970.98572,44.044659,113.26012,1350.5042,-121.09695,409.90787,1286.9299,-58.706993,410.41104,1271.5865,173.70421
1415,14.14,4.211802,1350.7249,-202.6474,4.2360797,1078.5774,42.803268,-114.90051,1355.8549,-105.23119,-362.19904,1112.9949,-138.33255,-381.66971,976.94055,53.990944,113.66127,1350.4971,-121.86768,409.71567,1284.1887,-54.449898,413.3179,1258.1516,177.55666
1416,14.15,4.4907851,1350.5996,-203.47754,4.5808358,1079.2075,41.91534,-114.20654,1356.1239,-106.07771,-364.38052,1115.1122,-131.5144,-382.39056,982.56439,63.470097,114.00641,1350.6339,-122.76679,409.13199,1280.8461,-50.078777,417.36154,1244.4753,176.50455
1417,14.16,4.620832,1350.5953,-204.48236,5.1168337,1079.3765,41.601131,-113.63879,1356.4634,-106.84791,-366.05975,1117.2671,-124.87207,-382.76178,987.91187,72.147415,114.27914,1350.72,-123.63802,408.58676,1276.8209,-45.637352,419.58353,1231.0608,179.41901
1418,14.17,4.6404552,1350.5533,-205.38147,5.7054496,1079.5684,41.240963,-113.07926,1356.7531,-107.25219,-367.59116,1119.5891,-118.47484,-382.82797,993.12036,80.695129,114.57613,1350.8384,-124.60923,407.90723,1272.308,-41.349731,420.05994,1217.7405,186.11578
1419,14.18,4.6412129,1350.4976,-206.06317,6.2670369,1079.7438,40.860722,-112.4604,1357.076,-107.65363,-368.93753,1122.0345,-112.44447,-382.67987,997.94849,88.425484,114.77991,1350.9099,-125.50113,407.06458,1267.5031,-37.129856,421.74484,1203.3007,187.69611
1420,14.19,4.680604,1350.5741,-206.88698,6.8452597,1079.8934,40.556015,-111.80724,1357.3529,-108.01659,-369.73383,1124.5988,-106.71674,-382.1824,1002.4568,95.575928,114.97881,1351.0533,-126.23954,405.82089,1262.4818,-33.112869,424.20639,1187.6241,184.76909
1421,14.2,4.7694178,1350.5782,-207.63162,7.4515181,1080.0905,40.176838,-111.12702,1357.5739,-108.46559,-371.08295,1127.4354,-101.09097,-381.3952,1006.6172,102.32783,115.23455,1351.2677,-126.92036,404.505,1257.3431,-29.28989,424.8653,1172.1857,184.83273
1422,14.21,4.9182706,1350.5675,-208.29092,8.0372047,1080.2192,39.953213,-110.46163,1357.7456,-108.96078,-372.02991,1130.1354,-95.6745,-380.36404,1010.4246,108.56644,115.46072,1351.5695,-127.49025,402.83389,1252.125,-25.646997,423.91779,1157.6853,187.01897
1423,14.22,5.0347128,1350.5308,-208.76619,8.5476608,1080.3348,39.807037,-109.82217,1357.8334,-109.40463,-372.78583,1132.798,-90.652214,-379.2579,1014.1789,114.49491,115.74603,1351.8937,-127.95806,400.89258,1246.7089,-22.397343,423.39066,1143.1327,185.62436
1424,14.23,5.1658659,1350.6029,-209.25089,9.1088142,1080.439,39.506287,-109.23145,1357.8149,-109.81705,-373.64041,1135.2615,-85.820129,-378.47684,1017.676,119.29485,116.08022,1352.1774,-128.28392,398.87698,1240.9675,-19.67098,422.75171,1128.7629,183.24567
1425,14.24,5.3218327,1350.6598,-209.56517,9.648941,1080.5082,39.401966,-108.70344,1357.7692,-110.15335,-374.00055,1137.4849,-81.480476,-377.59778,1021.5909,124.39597,116.55534,1352.3434,-128.36317,396.95511,1234.8658,-17.600557,421.75037,1115.6025,180.81175
1426,14.25,5.5403161,1350.7415,-209.83759,10.073461,1080.5284,39.095577,-108.28614,1357.6876,-110.44569,-374.61301,1139.7711,-77.464973,-376.60901,1025.9071,129.91724,117.07344,1352.3456,-128.31081,395.23947,1228.2334,-16.308582,420.57227,1103.6223,178.45424
1427,14.26,5.8147631,1350.7654,-209.79929,10.474082,1080.548,38.976814,-107.89989,1357.573,-110.59499,-375.57785,1142.0969,-73.852219,-376.06387,1030.4744,134.81421,117.77299,1352.2627,-128.13657,393.67087,1221.1669,-15.673784,419.30664,1092.5507,176.16701
1428,14.27,6.1414027,1350.7799,-209.75581,10.846224,1080.4774,38.830502,-107.51135,1357.4653,-110.87044,-375.86523,1144.1824,-70.57428,-375.61722,1035.4138,139.46353,118.55095,1352.184,-127.89662,392.47937,1214.1132,-15.637908,417.87372,1082.0709,173.55313
1429,14.28,6.5359712,1350.7502,-209.67715,11.161832,1080.3892,38.723335,-107.12656,1357.2917,-111.03753,-376.36292,1146.403,-67.813225,-375.25195,1040.6908,143.85959,119.39782,1352.0813,-127.66003,391.31015,1207.379,-15.907958,416.40546,1072.0914,170.71304
1430,14.29,6.9854207,1350.7434,-209.72574,11.422502,1080.2931,38.624172,-106.72962,1357.1542,-111.1207,-377.29123,1148.7324,-65.354515,-375.03851,1046.4032,147.98047,120.26898,1351.9901,-127.44816,390.05017,1201.2277,-16.41441,414.70932,1062.4937,167.4917
1431,14.3,7.4177637,1350.6962,-209.7337,11.598825,1080.1963,38.582195,-106.25248,1357.0367,-111.26337,-377.84024,1150.9187,-63.282608,-374.95288,1052.6155,151.90607,121.12828,1351.8594,-127.25021,388.88754,1195.899,-16.691011,412.8873,1053.333,163.98625
1432,14.31,7.9082942,1350.6499,-209.72464,11.671282,1079.9526,39.380653,-105.80521,1356.9429,-111.46553,-378.22354,1153.2126,-61.698582,-374.99747,1059.3794,155.62132,121.92291,1351.725,-126.96943,387.95261,1190.974,-17.089054,410.97961,1044.5424,160.21187
1433,14.32,8.3992023,1350.6079,-209.62859,11.783838,1079.8425,39.26852,-105.37622,1356.7893,-111.58504,-378.9126,1155.7211,-60.458553,-375.34491,1066.7468,159.09932,122.6339,1351.632,-126.68587,387.32132,1186.3916,-17.883137,409.08377,1036.3824,156.20692
1434,14.33,8.8224907,1350.5632,-209.5249,11.827387,1079.6705,39.1535,-104.9919,1356.6305,-112.00459,-379.73859,1158.2307,-59.217327,-375.82306,1074.6132,162.36224,123.23225,1351.5956,-126.30893,386.82806,1182.131,-18.835947,407.28909,1028.6945,152.06764
1435,14.34,9.2632561,1350.5356,-209.28609,11.912184,1079.7943,39.551373,-104.57184,1356.3734,-112.27966,-380.40048,1160.9197,-58.407337,-376.51382,1083.0925,165.37296,123.74777,1351.613,-125.90929,386.41107,1178.0812,-20.220966,405.66272,1021.6492,147.79883
1436,14.35,9.7365971,1350.5924,-209.33063,12.050105,1079.3975,38.981789,-104.17977,1356.1171,-112.6245,-381.52368,1163.6123,-57.822861,-377.4007,1092.225,168.22827,124.14071,1351.6953,-125.51425,386.02686,1174.3835,-21.719801,404.3071,1015.0854,143.42081
1437,14.36,10.077613,1350.6232,-209.18198,12.187535,1079.2153,38.81942,-103.79482,1355.8184,-113.00967,-382.33026,1166.3446,-57.551586,-378.44336,1102.1493,170.85059,124.47238,1351.855,-125.16181,385.6839,1170.9006,-23.420082,403.15088,1009.0074,138.97346
1438,14.37,10.351724,1350.6405,-209.10887,12.307067,1079.2065,38.829742,-103.51642,1355.4933,-113.34681,-383.44107,1169.0055,-57.349102,-379.66013,1112.8712,173.1627,124.72689,1352.1052,-124.72422,385.34424,1167.7468,-25.222496,402.26712,1003.242,134.2282
1439,14.38,10.544496,1350.637,-209.00099,12.463082,1079.1801,38.932156,-103.35661,1355.1885,-113.68934,-384.58713,1171.7346,-57.534744,-380.83539,1124.5398,175.08075,124.88153,1352.4335,-124.33391,384.99243,1164.9127,-27.179895,401.48682,997.61877,129.12654
1440,14.39,10.674506,1350.6271,-208.94939,12.618664,1079.2247,38.990234,-103.28999,1354.9121,-114.14084,-385.75748,1174.4884,-57.944904,-382.0932,1136.8988,176.43213,124.93546,1352.7792,-123.94669,384.64713,1162.3561,-29.332018,400.81964,992.23621,123.8441
1441,14.4,10.793498,1350.6285,-208.85089,12.721801,1079.2532,39.062939,-103.29586,1354.6393,-114.60289,-386.91675,1177.3269,-58.522461,-384.11395,1149.1368,177.05133,124.90746,1353.1619,-123.52114,384.41501,1160.0676,-31.708132,400.4819,986.81018,117.50433
1442,14.41,10.823875,1350.6598,-208.71655,12.798051,1079.3328,39.209423,-103.3221,1354.4573,-115.15484,-388.17755,1180.196,-59.028183,-385.18713,1162.4099,177.68454,124.82543,1353.6013,-123.06555,384.40176,1157.9309,-34.110516,399.84558,981.91614,112.28594
1443,14.42,10.82456,1350.653,-208.55013,12.80574,1079.3589,39.296398,-103.3933,1354.2229,-115.6841,-389.4028,1183.1946,-59.494114,-386.20151,1176.1807,177.68402,124.69022,1354.0591,-122.48711,384.59561,1155.7915,-36.499859,399.44559,977.04395,106.47428
1444,14.43,10.825829,1350.6128,-208.35464,12.73835,1079.4177,39.294041,-103.43169,1353.9825,-116.23302,-390.49335,1186.3577,-60.167633,-387.02328,1190.8177,177.44675,124.54936,1354.5392,-121.91069,384.88199,1153.6449,-38.951897,399.20224,972.2796,100.32253
1445,14.44,10.815814,1350.5752,-208.1597,12.639954,1079.4713,39.36591,-103.4874,1353.729,-116.78332,-391.53873,1189.6082,-60.839573,-387.98965,1204.8783,176.03026,124.43506,1355.012,-121.36617,385.03281,1151.642,-41.389496,399.08911,967.66602,93.782936
1446,14.45,10.78308,1350.558,-208.06326,12.462317,1079.5283,39.453087,-103.52628,1353.4215,-117.13759,-392.62018,1192.7687,-61.19331,-388.39761,1220.1538,174.52663,124.25288,1355.5142,-120.7371,385.00787,1149.8397,-44.058807,399.09106,963.11047,87.02697
1447,14.46,10.725748,1350.4518,-207.81534,12.242902,1079.5823,39.555946,-103.57923,1353.1592,-117.56294,-393.51892,1196.0525,-61.744457,-388.70059,1235.5829,172.27962,124.01126,1356.0375,-120.0812,384.90121,1148.0806,-46.89082,399.15488,958.63397,79.980385
1448,14.47,10.643173,1350.3767,-207.56998,12.004162,1079.592,39.741474,-103.62928,1352.8396,-117.94258,-394.63562,1199.6963,-62.647984,-388.75998,1251.1714,169.16302,123.74224,1356.5502,-119.41885,384.78653,1146.3489,-49.999565,399.11429,954.1936,72.474442
1449,14.48,10.539762,1350.3599,-207.42535,11.689504,1079.6312,39.985458,-103.6754,1352.5961,-118.46214,-395.45102,1202.6595,-62.824524,-388.51901,1266.891,165.3054,123.44744,1357.1359,-118.69292,384.67737,1144.682,-53.415394,398.91489,949.77081,64.577209
1450,14.49,10.454603,1350.3457,-207.12004,11.290944,1079.442,39.871658,-103.71874,1352.3971,-119.03954,-395.99695,1206.199,-63.378906,-387.98566,1282.7784,160.76007,123.10218,1357.7393,-117.87738,384.63089,1143.0586,-56.845135,398.46057,945.33313,56.159348
1451,14.5,10.319188,1350.3138,-206.71149,11.142792,1079.7598,40.211834,-103.74283,1352.2041,-119.3839,-396.64542,1209.6572,-63.906162,-387.14767,1298.335,155.48158,122.77541,1358.3698,-116.93072,384.48831,1141.4938,-60.305145,397.82538,940.95258,47.261314
1452,14.51,10.218466,1350.3408,-206.31718,10.843734,1079.8319,40.6614,-103.76923,1352.0781,-119.7653,-397.19843,1213.0574,-64.355011,-386.09317,1313.8251,149.40115,122.41116,1358.9774,-115.95738,384.31949,1139.9136,-63.839146,397.09708,936.66803,37.891239
1453,14.52,10.142439,1350.4064,-205.96277,10.519573,1079.8022,40.98201,-103.75788,1351.9192,-120.08419,-397.75461,1216.3937,-64.736168,-384.68527,1328.9911,142.5983,122.08068,1359.5642,-115.03326,383.91013,1138.3,-67.463348,396.40897,932.3194,28.655394
1454,14.53,10.005097,1350.4197,-205.50081,10.243704,1079.8076,41.347042,-103.70662,1351.7284,-120.28011,-398.31113,1219.7218,-64.966599,-383.0477,1343.7941,135.18253,121.77237,1360.1061,-114.01775,383.38693,1136.6694,-71.327713,395.63599,928.09869,18.921856
1455,14.54,9.9208174,1350.4633,-205.09186,9.9620943,1079.8418,41.715633,-103.66592,1351.6036,-120.50072,-398.79224,1223.2037,-65.31665,-381.05588,1358.1418,127.09944,121.54853,1360.637,-113.08501,382.74268,1135.0071,-75.464836,394.69528,924.01648,8.8806353
1456,14.55,9.8390837,1350.4698,-204.6362,9.673233,1079.8766,42.171429,-103.57485,1351.4633,-120.7506,-399.19299,1226.8597,-65.703598,-378.73944,1372.0576,118.44899,121.37799,1361.1846,-112.01274,382.10065,1133.2916,-79.835739,393.61118,920.01471,-1.4893255
1457,14.56,9.8225336,1350.5574,-204.10803,9.4341974,1079.9626,42.745907,-103.4217,1351.3799,-121.01304,-399.54422,1230.6305,-66.219971,-376.16299,1385.4447,109.2274,121.28265,1361.6971,-111.00284,381.4166,1131.5776,-84.462029,392.371,916.2677,-12.050178
1458,14.57,9.8274889,1350.5193,-203.32707,9.2159386,1080.016,43.25359,-103.25993,1351.373,-121.19596,-399.88513,1234.3118,-66.427734,-373.39124,1398.125,99.548851,121.26733,1362.1188,-109.93783,380.75284,1129.9421,-89.175659,390.91873,912.71033,-22.704216
1459,14.58,9.9253139,1350.6361,-202.7023,9.0140543,1080.0923,43.732468,-103.0555,1351.3901,-121.34375,-400.12903,1238.172,-66.886566,-370.38086,1410.1007,89.474525,121.38966,1362.5082,-108.75603,380.02936,1128.3192,-94.009735,389.43808,909.45972,-33.366951
1460,14.59,9.9927359,1350.7233,-202.06836,8.8327923,1080.1625,44.27301,-102.82021,1351.3723,-121.44905,-400.34689,1242.0846,-67.356766,-367.29944,1421.4227,79.006592,121.53162,1362.8229,-107.76665,379.26132,1126.6923,-99.026802,387.79453,906.45728,-44.125
1461,14.6,10.045304,1350.7368,-201.3326,8.6721678,1080.2142,44.938168,-102.5516,1351.3796,-121.43724,-400.53619,1245.8809,-67.650711,-363.93173,1432.0798,68.18129,121.76733,1363.1199,-106.66692,378.37537,1125.1093,-104.08823,386.21753,903.71442,-54.722668
1462,14.61,10.173521,1350.7581,-200.64169,8.5350428,1080.271,45.58522,-102.23237,1351.403,-121.46147,-400.64807,1249.8082,-68.181473,-360.5773,1442.0574,56.984505,122.00944,1363.3221,-105.67474,377.38602,1123.6008,-109.47275,384.67273,901.27179,-65.149185
1463,14.62,10.26683,1350.7603,-199.93704,8.4004755,1080.3646,46.246758,-101.85638,1351.3965,-121.46492,-400.52206,1253.5339,-68.400124,-357.07663,1451.2668,45.697735,122.26289,1363.5212,-104.75531,376.29245,1122.2549,-114.94772,383.05005,899.01447,-75.677177
1464,14.63,10.344651,1350.6958,-199.08289,8.3799639,1080.5083,46.903374,-101.42525,1351.4752,-121.44058,-400.52985,1257.3724,-68.745407,-353.42615,1459.6688,34.252384,122.52117,1363.6687,-103.75151,375.10431,1121.1017,-120.60111,381.26505,897.04364,-86.174484
1465,14.64,10.508143,1350.7457,-198.28329,8.3346262,1080.5116,47.743679,-100.96699,1351.5536,-121.3836,-400.36725,1261.3262,-69.475662,-349.73718,1467.2015,22.905031,122.82036,1363.8572,-102.84423,373.95993,1120.0693,-126.22128,379.29553,895.37653,-96.676804
1466,14.65,10.675991,1350.8082,-197.56859,8.3572206,1080.5895,48.603882,-100.44567,1351.6653,-121.28632,-400.22626,1264.9935,-69.964607,-345.92072,1473.9198,11.467578,123.15865,1363.9745,-101.8772,372.83456,1119.2369,-131.78842,377.00229,893.91461,-107.32238
1467,14.66,10.875424,1350.8785,-196.7863,8.3133984,1080.7311,49.28476,-99.954773,1351.8181,-121.2569,-400.08392,1268.6041,-70.664696,-342.01529,1479.8579,0.21023902,123.56675,1364.0519,-100.8955,371.81799,1118.5178,-137.29462,374.49841,892.70996,-117.96173
1468,14.67,11.09491,1350.9144,-195.8524,8.3791943,1080.833,50.152534,-99.448479,1351.9231,-121.16452,-400.25061,1272.1594,-71.835419,-337.91736,1485.0552,-10.900605,123.95964,1364.1316,-100.00526,370.76654,1117.9053,-142.80836,371.92764,891.83331,-128.46083
1469,14.68,11.268703,1350.9781,-195.05173,8.4262247,1080.9174,51.018562,-98.951164,1351.9991,-121.07046,-399.60788,1275.7184,-72.841667,-333.754,1489.5192,-21.770203,124.33718,1364.1521,-99.12011,369.65121,1117.4753,-148.283,369.35477,891.21808,-138.72203
1470,14.69,11.431481,1351.0726,-194.29608,8.4602499,1080.9847,51.814159,-98.402016,1352.1196,-120.93076,-399.43228,1279.1304,-74.149231,-329.67886,1493.3885,-32.781925,124.70823,1364.1693,-98.226616,368.51474,1117.1932,-153.81689,366.68378,890.8056,-148.87576
1471,14.7,11.651997,1351.2028,-193.56587,8.5722837,1081.0741,52.480244,-97.852684,1352.235,-120.73563,-399.28586,1282.4449,-75.740654,-325.59644,1496.6371,-43.599655,125.04545,1364.0941,-97.435745,367.22943,1117.1185,-159.28828,364.16669,890.6095,-158.73679
1472,14.71,11.798326,1351.2004,-192.69852,8.6469755,1081.135,53.299179,-97.391869,1352.3879,-120.55891,-399.17206,1285.2303,-77.158813,-321.57666,1499.3005,-54.20969,125.42634,1363.9705,-96.636055,365.94626,1117.1464,-164.66843,361.59009,890.58228,-168.51894
1473,14.72,11.991359,1351.2855,-191.92636,8.7409096,1081.1541,54.229858,-96.882088,1352.5602,-120.37361,-399.03723,1288.3123,-79.14608,-317.60764,1501.3552,-64.548218,125.84187,1363.8447,-95.870636,364.61816,1117.2195,-169.97182,358.95135,890.77155,-178.16647
1474,14.73,12.240663,1351.3469,-191.08189,8.9062614,1081.2589,54.945419,-96.342743,1352.7467,-120.19014,-398.8587,1291.2557,-81.403,-313.62744,1502.8293,-74.502205,126.30321,1363.7004,-95.154419,363.37265,1117.3458,-175.17693,356.18433,891.13062,-187.74782
1475,14.74,12.481185,1351.3712,-190.20752,9.0495195,1081.351,55.654438,-95.78698,1352.865,-119.7408,-398.72623,1294.0377,-83.980148,-309.74066,1503.7791,-84.154488,126.82845,1363.5304,-94.434006,362.07425,1117.5986,-180.30478,353.28177,891.7359,-197.14531
1476,14.75,12.704393,1351.4641,-189.34424,9.2431746,1081.4597,56.495796,-95.29808,1352.9619,-119.13284,-398.60538,1296.6447,-86.854691,-305.87433,1504.2693,-93.503723,127.30423,1363.2953,-93.734337,360.71259,1118.0017,-185.28192,350.43835,892.5777,-206.28078
1477,14.76,12.979565,1351.5057,-188.58057,9.4256039,1081.5643,57.481705,-94.807632,1353.1287,-118.93017,-398.51685,1299.0184,-89.810966,-301.95224,1504.3236,-102.50616,127.82341,1363.0745,-93.065826,359.28049,1118.4812,-190.20908,347.77362,893.52789,-215.06129
1478,14.77,13.250125,1351.5416,-187.82787,9.6340427,1081.6216,58.250984,-94.290039,1353.3125,-118.67313,-398.37863,1301.3177,-93.177231,-298.14517,1503.9883,-111.27971,128.248,1362.8463,-92.458824,357.83957,1119.2129,-195.10147,345.17636,894.63403,-223.49591
1479,14.78,13.510382,1351.5177,-187.00851,9.8340054,1081.71,59.041706,-93.714561,1353.5264,-118.48834,-398.27383,1303.3723,-96.797867,-294.35571,1503.2479,-119.83766,128.65298,1362.595,-91.968727,356.35791,1120.0116,-200.08772,342.52637,895.89728,-231.88715
1480,14.79,13.777038,1351.5403,-186.21368,10.000285,1081.7535,59.995266,-92.881737,1353.7645,-119.04959,-398.18634,1305.0658,-100.43923,-290.65125,1502.1456,-127.94363,129.0526,1362.355,-91.416939,354.99393,1121.0314,-205.15611,339.74896,897.22705,-240.02484
1481,14.8,14.006469,1351.5891,-185.51343,10.128429,1081.7787,60.779102,-92.465164,1354.0353,-118.32838,-398.03351,1306.6073,-104.47976,-286.94794,1500.7001,-135.77159,129.47667,1362.1348,-90.867218,353.51755,1121.943,-210.0137,336.93506,898.72272,-247.78572
1482,14.81,14.292776,1351.6968,-184.73546,10.267487,1081.8246,61.468689,-91.852356,1354.3077,-118.19023,-397.92856,1307.7805,-108.52919,-283.36115,1498.9778,-143.26471,129.83054,1361.9568,-90.323509,351.98303,1122.9957,-214.58066,334.02267,900.39954,-255.17007
1483,14.82,14.596549,1351.8002,-183.90939,10.408676,1081.8503,62.165192,-91.166771,1354.5348,-118.44801,-397.82437,1308.7058,-112.70722,-279.76608,1497.0001,-150.20135,130.20473,1361.7522,-89.788177,350.40979,1124.2007,-218.66116,330.86868,902.14307,-262.38998
1484,14.83,14.804224,1351.7572,-182.85675,10.55488,1081.9453,62.850357,-90.641235,1354.76,-118.32534,-397.60211,1309.452,-117.18804,-276.33765,1494.8013,-156.76419,130.57709,1361.5808,-89.232307,348.6416,1125.3098,-222.66707,327.73654,904.00098,-269.26385
1485,14.84,15.082975,1351.8723,-182.13126,10.64298,1081.9802,63.545799,-90.172478,1354.9459,-118.27051,-397.12714,1310.1794,-121.69588,-272.92685,1492.4298,-163.09027,130.87578,1361.4166,-88.647697,347.08383,1126.5149,-226.36844,324.77524,905.86737,-275.44949
1486,14.85,15.37354,1352.0027,-181.48511,10.74324,1081.9926,64.112633,-89.622154,1355.1333,-118.30424,-397.02875,1310.2216,-125.89317,-269.61081,1489.8615,-169.25891,131.1561,1361.3088,-88.071632,345.3006,1127.703,-230.04865,321.59601,907.74408,-281.50244
1487,14.86,15.663489,1352.0664,-180.93181,10.846606,1082.1399,64.694885,-89.118568,1355.2672,-118.43822,-396.30881,1310.6459,-130.46638,-266.32965,1487.1569,-175.18428,131.41527,1361.2311,-87.512177,343.62228,1128.9342,-233.49341,318.3631,909.66339,-287.26123
1488,14.87,15.956623,1352.068,-180.46014,10.969939,1082.2615,65.350792,-88.624527,1355.3711,-118.68285,-395.93857,1310.5559,-134.47824,-263.09418,1484.2749,-181.03789,131.63788,1361.2015,-87.030899,341.94528,1130.2366,-236.75497,315.12469,911.65649,-292.54178
1489,14.88,16.256042,1352.045,-180.03255,11.051881,1082.3923,66.042053,-88.111374,1355.5018,-119.03123,-395.39148,1310.4337,-138.58473,-260.43491,1481.3744,-185.09419,131.81815,1361.1965,-86.541115,340.13556,1131.5461,-239.98953,311.95587,913.55463,-297.3345
1490,14.89,16.589306,1352.0081,-179.64107,11.120103,1082.5935,66.532982,-87.621796,1355.6115,-119.3952,-395.35855,1310.0895,-142.4425,-257.64059,1478.2861,-189.22635,132.01256,1361.2506,-86.05764,338.26971,1132.8494,-242.99464,308.57693,915.45325,-302.26563
1491,14.9,16.911879,1351.939,-179.30127,11.150645,1082.7712,67.023605,-87.137695,1355.7008,-119.82488,-394.24463,1309.7147,-146.04727,-253.93036,1475.2422,-196.12199,132.18243,1361.2772,-85.586708,336.41678,1134.1643,-245.78294,305.2312,917.33344,-306.62823
1492,14.91,17.295158,1351.8572,-178.96709,11.09637,1082.9598,67.528404,-86.655243,1355.7927,-120.37419,-393.97556,1309.0953,-149.72437,-250.9821,1472.111,-200.78049,132.35342,1361.3296,-85.1036,334.72818,1135.4501,-248.26337,301.75357,919.27924,-311.03784
1493,14.92,17.71801,1351.816,-178.65994,11.018389,1083.2461,67.919502,-86.122688,1355.8641,-120.89274,-393.254,1308.2083,-152.87813,-248.14374,1468.8895,-205.14259,132.51797,1361.376,-84.658134,333.06662,1136.7175,-250.55789,296.49249,921.31348,-316.91943
1494,14.93,18.173662,1351.7552,-178.45844,10.86462,1083.4252,68.320869,-85.544769,1356.036,-121.72845,-392.51221,1307.2606,-155.95236,-245.38759,1465.541,-209.48425,132.62634,1361.418,-84.239922,331.48184,1137.9458,-252.81506,293.07407,923.2641,-320.61652
1495,14.94,18.608793,1351.7075,-178.25412,10.680374,1083.6339,68.66507,-85.069298,1356.0797,-122.42574,-391.44485,1306.4095,-158.94685,-242.70999,1462.0441,-213.70363,132.73793,1361.4061,-83.780632,329.7865,1139.145,-254.90993,289.44226,925.21362,-324.32697
1496,14.95,19.11524,1351.6593,-178.01315,10.394966,1083.7787,69.09024,-84.623405,1356.0879,-122.95949,-390.71002,1305.3054,-161.72072,-239.91971,1458.4409,-218.56732,132.86795,1361.4071,-83.308174,328.18829,1140.3224,-257.01639,285.80817,927.00488,-327.81882
1497,14.96,19.630907,1351.6511,-177.82224,10.128874,1083.9019,69.52916,-84.14003,1356.0636,-123.45456,-390.035,1304.1649,-164.31085,-237.58389,1455.1161,-221.83086,133.02505,1361.3855,-82.793198,326.55618,1141.4132,-259.05209,283.00287,928.74249,-330.86819
1498,14.97,20.088243,1351.6024,-177.58057,9.8537703,1083.996,69.847481,-83.703926,1355.9849,-123.91661,-389.39514,1303.0283,-166.87259,-235.41492,1452.0662,-224.30701,133.16153,1361.3358,-82.307449,324.93506,1142.4001,-260.95511,280.01071,930.10956,-333.81665
1499,14.98,20.51041,1351.6262,-177.39017,9.5861588,1084.0795,70.232895,-83.356194,1355.8894,-124.38219,-388.69516,1301.8151,-169.12851,-233.21321,1449.1781,-226.74861,133.2924,1361.2634,-81.891335,323.31866,1143.1597,-262.71866,277.24307,931.28778,-336.53613
1500,14.99,20.912926,1351.616,-177.19209,9.3705282,1084.13,70.54364,-83.081345,1355.7878,-124.81231,-387.99371,1300.6667,-171.36581,-231.16946,1446.4009,-228.91168,133.42345,1361.1565,-81.494263,321.70282,1143.6393,-264.19852,274.65503,932.3064,-339.17133
1501,15.0,21.285198,1351.5234,-176.95039,9.146059,1084.1876,70.818245,-82.806564,1355.6927,-125.27458,-387.46579,1299.4491,-173.2635,-229.33505,1443.885,-230.67279,133.55501,1361.0021,-81.130089,320.17148,1143.8433,-265.33154,272.04749,933.10864,-341.53177
1502,15.01,21.608526,1351.4713,-176.73201,8.9742641,1084.2122,71.055557,-82.565453,1355.6089,-125.70116,-386.89825,1298.4426,-175.19771,-227.6265,1441.5872,-232.19237,133.71738,1360.7921,-80.814476,318.78818,1143.7441,-266.26736,269.58887,933.78326,-343.72598
1503,15.02,21.883987,1351.3606,-176.50682,8.7903929,1084.226,71.198257,-82.428947,1355.4911,-125.95755,-386.48679,1297.5288,-176.82971,-226.18179,1439.5951,-233.3116,133.91223,1360.569,-80.478767,317.54959,1143.4983,-266.95874,267.31219,934.0434,-345.16208
1504,15.03,22.096018,1351.266,-176.27612,8.6716223,1084.2096,71.306702,-82.321945,1355.4175,-126.25005,-386.08615,1296.6714,-178.21135,-224.90445,1438.0359,-234.20389,134.12439,1360.3447,-80.14682,316.52225,1142.9615,-267.41574,265.30023,934.04364,-346.19775
1505,15.04,22.295263,1351.1458,-175.98076,8.5680437,1084.1996,71.479736,-82.276566,1355.2776,-126.3108,-385.83057,1296.0784,-179.6138,-223.87752,1436.9224,-234.61296,134.34125,1360.1152,-79.908241,315.70544,1142.1676,-267.43478,263.61163,933.63184,-346.71365
1506,15.05,22.463245,1351.0377,-175.80023,8.4791565,1084.1464,71.512543,-82.285706,1355.1689,-126.48246,-385.53311,1295.6661,-180.84915,-223.16025,1436.3734,-234.48944,134.42714,1359.8323,-79.780167,315.15613,1141.0422,-267.0733,262.20685,932.83124,-346.71637
1507,15.06,22.539179,1350.9413,-175.63878,8.440239,1084.076,71.588669,-82.311157,1355.1411,-126.61107,-385.44965,1295.2781,-181.57983,-222.66844,1436.2177,-233.97343,134.50092,1359.511,-79.741905,314.86945,1139.7087,-266.2973,261.26947,931.62854,-345.74969
1508,15.07,22.5952,1350.8165,-175.54257,8.4074001,1083.9915,71.580383,-82.453163,1355.0741,-126.34601,-385.38309,1295.1907,-182.21452,-222.48965,1436.4039,-233.06772,134.5547,1359.1207,-79.803177,314.82458,1138.1221,-265.34045,260.73392,930.07269,-344.29214
1509,15.08,22.568609,1350.7256,-175.51143,8.3685389,1083.8706,71.54213,-82.637627,1355.0717,-126.20108,-385.47433,1295.2791,-182.58879,-222.47459,1436.8026,-232.12791,134.60353,1358.6915,-79.940346,315.05228,1136.4131,-264.01056,260.83786,928.02521,-341.79559
1510,15.09,22.552561,1350.5945,-175.43318,8.377533,1083.7556,71.426277,-82.853767,1355.1078,-126.08008,-385.72449,1295.3715,-182.44006,-222.68636,1437.3762,-230.80432,134.64018,1358.2882,-80.096657,315.50061,1134.575,-262.50278,261.51215,925.56592,-338.59363
1511,15.1,22.448442,1350.5054,-175.43083,8.3828239,1083.6492,71.281761,-83.16449,1355.1058,-125.72691,-386.07263,1295.6887,-182.08057,-223.13164,1438.1735,-229.31743,134.65514,1357.9142,-80.40033,316.17438,1132.5192,-260.4978,262.78873,922.59863,-334.50769
1512,15.11,22.276218,1350.4088,-175.42155,8.3856897,1083.5109,71.093544,-83.551697,1355.1011,-125.36002,-386.5936,1296.0314,-181.16574,-223.73637,1439.1062,-227.61412,134.63899,1357.5485,-80.778137,317.17728,1130.321,-258.14691,264.71625,919.28595,-329.4371
1513,15.12,22.029537,1350.2982,-175.49617,8.4521513,1083.3435,70.896767,-83.969925,1355.1055,-125.10484,-387.11884,1296.6066,-180.15108,-224.58499,1440.3101,-225.7204,134.56905,1357.2181,-81.259789,318.40182,1128.0675,-255.49223,267.04086,915.86481,-323.82492
1514,15.13,21.649321,1350.2035,-175.59358,8.5545273,1083.1826,70.662384,-84.409637,1355.1147,-124.70116,-387.90607,1297.0945,-178.59731,-225.76897,1441.6721,-223.4742,134.46597,1356.9169,-81.713997,319.89972,1125.7261,-252.48465,269.8999,912.20782,-317.24704
1515,15.14,21.256554,1350.0836,-175.82478,8.6892185,1083.0311,70.313812,-84.857857,1355.1244,-124.41811,-388.63525,1297.7358,-176.88834,-227.2191,1443.3365,-221.00287,134.30045,1356.6257,-82.303947,321.60406,1123.4004,-249.20256,273.05066,908.33551,-310.04236
1516,15.15,20.808361,1349.9672,-176.10385,8.9030628,1082.8872,69.934372,-85.289406,1355.1486,-124.14329,-389.43918,1298.4449,-174.84314,-228.85208,1445.1622,-218.32544,134.06155,1356.4001,-82.987679,323.43719,1121.0912,-245.65919,277.36713,904.40765,-301.50439
1517,15.16,20.379587,1349.8774,-176.49786,9.1094723,1082.7296,69.448212,-85.730164,1355.1738,-123.86446,-390.24805,1299.0049,-172.40504,-230.77637,1447.1536,-215.55475,133.83652,1356.2053,-83.686905,325.30478,1118.8029,-241.85513,281.83154,900.55316,-292.65338
1518,15.17,19.965117,1349.7921,-176.89053,9.3431082,1082.616,68.946465,-86.177124,1355.1897,-123.55,-391.16336,1299.5259,-169.57332,-232.83398,1449.1328,-212.92662,133.56781,1356.0338,-84.42675,327.27237,1116.6377,-237.8791,287.4635,896.54346,-281.81393
1519,15.18,19.509127,1349.7495,-177.24907,9.5569887,1082.4722,68.393333,-86.67511,1355.1959,-123.24329,-392.05267,1300.0153,-166.6167,-235.16927,1451.3075,-209.99536,133.29633,1355.8934,-85.237663,329.45306,1114.5585,-233.46223,292.61743,892.78766,-271.56329
1520,15.19,19.040445,1349.7188,-177.71539,9.7520542,1082.2848,67.820366,-87.189972,1355.165,-123.00568,-393.02225,1300.3871,-163.34776,-238.09557,1453.889,-205.64323,133.01836,1355.6934,-86.194427,331.9823,1112.4714,-228.6234,297.92053,889.34119,-260.57727
1521,15.2,18.550497,1349.7264,-178.24396,9.940856,1082.1068,67.278793,-87.629211,1355.1501,-122.74535,-393.98944,1300.5973,-159.83525,-240.97781,1456.2576,-201.78461,132.70854,1355.4828,-87.126877,334.71521,1110.4531,-223.47479,303.24313,886.21698,-249.16487
1522,15.21,18.046352,1349.7483,-178.94302,10.123842,1082.0129,66.657814,-88.121902,1355.0984,-122.32703,-394.92685,1300.6984,-156.3074,-244.02502,1458.7021,-197.51169,132.36903,1355.2487,-88.216827,337.58978,1108.55,-218.13889,308.68414,883.45715,-237.1895
1523,15.22,17.57411,1349.7018,-179.77351,10.283846,1081.9666,65.995125,-88.634781,1354.9338,-121.71804,-395.82468,1300.5906,-152.66411,-246.85934,1461.0831,-193.82785,132.0631,1355.0217,-89.37339,340.59039,1106.8539,-212.67062,314.35092,881.03699,-224.1745
1524,15.23,17.132292,1349.6425,-180.6503,10.474566,1081.8834,65.286575,-89.158157,1354.8431,-121.6049,-397.13266,1300.1069,-148.94562,-250.11176,1463.6758,-188.86067,131.76991,1354.7725,-90.617737,343.45697,1105.3281,-207.37022,319.78693,879.27173,-211.34308
1525,15.24,16.713678,1349.531,-181.68439,10.552901,1081.7942,64.534744,-89.597031,1354.7738,-121.61148,-397.46667,1299.6918,-145.2261,-254.40973,1466.4407,-180.86649,131.49654,1354.5831,-91.855568,346.31931,1103.9729,-201.94797,325.37311,877.92175,-198.01743
1526,15.25,16.40748,1349.3849,-182.68886,10.708413,1081.7726,63.76609,-89.928955,1354.7206,-121.63288,-398.45544,1298.8969,-141.62685,-257.37936,1468.9821,-176.17119,131.18475,1354.3809,-93.18335,349.0459,1102.9419,-196.65355,331.04013,877.01263,-184.40942
1527,15.26,16.041761,1349.3237,-183.78168,10.875406,1081.7378,62.953629,-90.256874,1354.6814,-121.71467,-398.61737,1298.3381,-138.08157,-260.85492,1471.6176,-169.6722,130.92862,1354.1178,-94.551437,351.79996,1102.2443,-191.14728,336.55542,876.62018,-170.80234
1528,15.27,15.733555,1349.2721,-184.93694,10.972321,1081.6619,62.078701,-90.58757,1354.6266,-121.73567,-399.03738,1297.5377,-134.67136,-264.39783,1474.0715,-162.3613,130.61583,1353.809,-96.05555,354.84369,1101.9061,-185.18588,341.85074,876.90332,-156.86368
1529,15.28,15.317185,1349.2135,-186.14038,11.030387,1081.623,61.288578,-90.894554,1354.5808,-121.89854,-399.53644,1296.6273,-131.19659,-267.96143,1476.4015,-154.61275,130.31624,1353.4604,-97.62709,357.79987,1101.7274,-179.1142,346.8364,877.83405,-142.7419
1530,15.29,14.954346,1349.189,-187.62245,11.140711,1081.7068,60.437195,-91.195229,1354.5522,-122.12191,-400.24008,1295.6713,-127.95842,-271.35867,1478.4994,-146.28297,130.05542,1353.1262,-99.28363,360.86865,1101.8235,-172.8855,351.48755,879.4682,-128.65289
1531,15.3,14.494505,1349.0415,-188.95815,11.313171,1081.7799,59.650745,-91.567581,1354.4844,-122.48013,-400.75439,1294.668,-124.70602,-274.59711,1480.3754,-137.43944,129.85521,1352.7717,-100.91766,364.01392,1102.3099,-166.90703,355.90424,881.83533,-114.64908
1532,15.31,14.150323,1348.769,-190.43542,11.446022,1081.8643,58.746281,-91.968376,1354.3948,-122.92612,-401.20944,1293.6667,-121.55501,-277.71912,1482.0032,-128.14706,129.66205,1352.5272,-102.60471,367.12421,1103.2671,-161.08098,360.00906,884.89154,-100.66619
1533,15.32,13.843379,1348.4945,-191.855,11.570433,1081.9667,57.954601,-92.341629,1354.2761,-123.36462,-401.55313,1292.6115,-118.62109,-280.62039,1483.3113,-118.37717,129.48247,1352.3405,-104.21896,370.0657,1104.6115,-155.41325,363.76749,888.62292,-86.824593
1534,15.33,13.450533,1348.0333,-193.03674,11.8098,1082.0884,57.059868,-92.686485,1354.1321,-123.92411,-401.8316,1291.6432,-115.89324,-283.38986,1484.3173,-108.26371,129.23575,1352.2332,-105.90968,372.83572,1106.2478,-150.04196,367.31796,892.91046,-73.203819
1535,15.34,13.073467,1347.6752,-194.34476,11.982454,1082.2373,56.13401,-93.056198,1353.976,-124.47975,-402.10352,1290.6476,-113.11044,-286.0209,1484.8733,-97.793495,129.03902,1352.1884,-107.56983,375.45587,1108.1615,-144.79637,370.5538,897.72852,-59.728008
1536,15.35,12.668611,1347.3678,-195.64973,12.153992,1082.371,55.309227,-93.488495,1353.7817,-124.71962,-402.28806,1289.6835,-110.32909,-288.38986,1485.0028,-87.247574,128.76352,1352.1396,-109.21318,377.99551,1110.344,-139.47327,373.43335,902.97949,-46.640236
1537,15.36,12.241347,1347.0245,-196.83336,12.381835,1082.564,54.420021,-93.71759,1353.6416,-125.65377,-402.47961,1288.9175,-107.79468,-290.62634,1484.6146,-76.697777,128.52364,1352.056,-110.86203,380.44095,1112.7888,-134.15157,376.05643,908.74896,-33.797993
1538,15.37,11.80995,1346.7687,-198.07664,12.600874,1082.6497,53.501709,-94.329948,1353.4318,-125.36207,-402.69604,1288.0438,-105.15865,-292.70319,1483.8118,-66.377312,128.2404,1351.9452,-112.49777,382.76859,1115.4525,-129.04617,378.40518,915.01587,-21.214937
1539,15.38,11.363105,1346.4648,-199.27277,12.805326,1082.736,52.632298,-94.768059,1353.2745,-125.64143,-402.94492,1287.4299,-102.65211,-294.5556,1482.5038,-56.260563,128.02435,1351.7706,-113.98927,384.94983,1118.2803,-124.14773,380.57614,921.90668,-8.803731
1540,15.39,10.903995,1346.1483,-200.28459,13.028299,1082.7729,51.84774,-95.224014,1353.0721,-125.90849,-403.16373,1286.4943,-100.06528,-296.24628,1480.7488,-46.25127,127.74142,1351.6027,-115.45839,387.0957,1121.2247,-119.4911,382.5274,929.34033,3.4692574
1541,15.4,10.504222,1345.8892,-201.40799,13.256331,1082.8655,51.062332,-95.641647,1352.8514,-126.17888,-403.44852,1285.3827,-97.306877,-298.13345,1478.844,-36.910801,127.53405,1351.3998,-116.80925,389.00473,1124.3461,-114.97693,384.34451,937.37799,15.699172
1542,15.41,10.104312,1345.6534,-202.33138,13.426554,1082.8881,50.130127,-96.091698,1352.5732,-126.38228,-403.75879,1284.0651,-94.418449,-299.44272,1476.4252,-27.117136,127.26353,1351.1357,-118.12482,390.68872,1127.4741,-110.78767,386.01883,946.00116,27.688421
1543,15.42,9.6707792,1345.4115,-203.19534,13.587776,1082.8698,49.369682,-96.528687,1352.2998,-126.46774,-403.81973,1282.931,-91.902084,-300.62158,1473.7057,-17.57535,127.00011,1350.8381,-119.36758,392.25412,1130.5968,-106.85844,387.61749,955.3327,39.400742
1544,15.43,9.2216063,1345.1189,-203.94904,13.695209,1082.8544,48.761135,-96.950058,1352.0736,-126.68906,-404.13699,1281.3236,-88.960449,-301.65305,1470.5856,-8.2125626,126.78708,1350.4735,-120.61424,393.56848,1133.6226,-103.27586,388.91086,964.86768,50.871014
1545,15.44,8.7576275,1344.8325,-204.65999,13.794392,1082.7883,48.090073,-97.406693,1351.8572,-126.71505,-403.98746,1279.8893,-86.374649,-302.62357,1467.1632,0.80721807,126.64285,1350.0859,-121.76752,394.65619,1136.5651,-99.90696,390.09363,975.0531,62.005131
1546,15.45,8.2929621,1344.5654,-205.22072,13.909121,1082.6489,47.502464,-97.867455,1351.6563,-126.86509,-403.83212,1278.0797,-83.557549,-303.52759,1463.4172,9.459301,126.54672,1349.666,-122.89027,395.54321,1139.4934,-96.788208,391.25378,986.21283,73.203812
1547,15.46,7.9592514,1344.3263,-205.82191,13.983232,1082.5355,46.880829,-98.33297,1351.4463,-127.0304,-403.65512,1276.1765,-80.943459,-304.41525,1459.4155,17.764563,126.42521,1349.2302,-123.96198,396.35574,1142.4421,-93.913773,391.95767,997.68536,83.88736
1548,15.47,7.6622081,1343.9912,-206.29465,14.050332,1082.4392,46.418404,-98.70752,1351.2179,-127.13562,-403.46552,1273.9449,-78.252892,-305.22113,1455.0775,25.877439,126.41038,1348.7689,-124.93296,396.96863,1145.4967,-91.202362,392.85663,1009.5954,93.47081
1549,15.48,7.4404516,1343.7672,-207.01181,14.128215,1082.316,46.013371,-99.08905,1350.9509,-127.01194,-403.27502,1271.4731,-75.580177,-306.10544,1450.5996,33.388969,126.46272,1348.3337,-125.89484,397.24817,1148.533,-88.46994,393.45105,1022.444,103.03451
1550,15.49,7.3182416,1343.3939,-207.50514,14.241897,1082.2253,45.657864,-99.450462,1350.7023,-126.85249,-402.94843,1268.7897,-72.976456,-306.99371,1446.0111,40.67791,126.5496,1347.9214,-126.71627,397.20969,1151.4773,-86.120895,394.24091,1036.115,111.64614
1551,15.5,7.2084274,1343.1824,-208.08508,14.30854,1082.1125,45.26413,-99.845337,1350.467,-126.72862,-402.59399,1265.9413,-70.449226,-307.9942,1441.3789,47.563847,126.7232,1347.5895,-127.52148,397.01324,1154.3336,-83.973534,394.26556,1051.0319,121.53816
1552,15.51,7.0720882,1342.8936,-208.48788,14.440357,1081.9952,44.930367,-100.20372,1350.2601,-126.54475,-402.18417,1262.9308,-67.805107,-309.1879,1436.7582,54.270016,126.92854,1347.2419,-128.28586,396.62952,1156.9099,-82.188026,394.45145,1066.6914,129.75731
1553,15.52,6.938756,1342.6743,-208.97133,14.529899,1081.9016,44.518608,-100.56586,1350.1,-126.51603,-401.61453,1259.8225,-65.357765,-310.50436,1432.1273,60.666119,127.1226,1346.9049,-129.00922,396.15842,1159.4253,-80.592743,394.47354,1083.1318,137.01691
1554,15.53,6.8657308,1342.3921,-209.38152,14.595039,1081.792,44.257488,-100.93938,1349.9642,-126.39783,-400.91458,1256.4738,-62.812187,-312.01706,1427.522,66.682365,127.30137,1346.5574,-129.63928,395.51358,1161.9243,-79.058052,394.76682,1099.0721,141.63734
1555,15.54,6.8786092,1342.127,-209.86852,14.647434,1081.7267,43.877102,-101.31499,1349.8705,-126.47691,-400.06006,1252.9637,-60.400188,-313.62283,1422.9041,72.242798,127.51337,1346.2263,-130.38304,394.5733,1164.3926,-77.842247,395.13983,1115.1245,145.6368
1556,15.55,6.9061174,1341.8463,-210.3297,14.712035,1081.6904,43.576283,-101.68041,1349.7355,-126.534,-399.03409,1249.1874,-58.150051,-315.39612,1418.2985,77.331306,127.68857,1345.9104,-131.01355,393.56674,1166.5714,-76.535301,395.29712,1131.0774,148.81125
1557,15.56,6.9947667,1341.5479,-210.74605,14.6939,1081.7148,43.375664,-102.08259,1349.5863,-126.55463,-397.95261,1245.2411,-55.976635,-317.25839,1413.8157,81.997375,127.91188,1345.6478,-131.61182,392.83075,1168.4822,-75.165169,392.56833,1148.1075,158.18776
1558,15.57,7.1060596,1341.233,-211.23676,14.560616,1082.2678,43.575859,-102.47645,1349.4423,-126.64063,-396.85089,1241.2281,-53.911083,-319.25031,1409.4548,86.265045,128.1978,1345.4413,-132.15497,392.00146,1170.2252,-73.594124,393.96942,1162.3032,154.65741
1559,15.58,7.2278738,1340.87,-211.59619,14.679006,1081.8663,42.59367,-102.8905,1349.2784,-126.73123,-395.62189,1237.2589,-52.126122,-321.26993,1405.1061,90.443367,128.46751,1345.295,-132.67149,391.05545,1171.5648,-71.67009,392.04831,1177.6123,160.20305
1560,15.59,7.29176,1340.5334,-211.96892,14.708449,1081.9426,42.461582,-103.30929,1349.088,-126.84944,-394.45163,1233.2925,-50.326756,-323.33441,1400.9154,94.349937,128.72656,1345.175,-133.16121,390.18365,1173.1174,-69.807678,392.26819,1191.2878,157.26418
1561,15.6,7.3549967,1340.2615,-212.42279,14.722685,1081.9794,42.196033,-103.73756,1348.924,-127.11826,-393.16589,1229.3722,-48.541519,-325.38364,1396.7438,98.032532,128.95515,1345.0951,-133.60124,389.24191,1174.6532,-67.906792,390.8324,1204.8859,157.91261
1562,15.61,7.4650354,1339.9482,-212.74529,14.746188,1082.0529,41.960751,-104.17827,1348.8004,-127.42043,-391.81995,1225.5653,-47.045208,-327.3233,1392.5746,101.39456,129.217,1344.9703,-134.0513,388.3306,1176.2931,-66.010078,389.12704,1217.9972,158.19827
1563,15.62,7.5793962,1339.7014,-213.21156,14.714584,1082.1454,41.728821,-104.59063,1348.7209,-127.63689,-390.61517,1221.7467,-45.744114,-329.19968,1388.4471,104.44901,129.37129,1344.8575,-134.39252,387.46747,1178.0605,-63.994946,386.41251,1230.2308,160.89975
1564,15.63,7.6772804,1339.4119,-213.53268,14.631079,1082.2103,41.570747,-104.90007,1348.6935,-127.8121,-389.45682,1218.1304,-44.913429,-330.96249,1384.2385,107.22871,129.49551,1344.7645,-134.75467,386.75043,1179.9288,-61.850704,384.56647,1241.625,160.33728
1565,15.64,7.7706437,1339.1458,-213.90822,14.534169,1082.2864,41.371246,-105.21356,1348.6492,-127.90306,-388.47531,1214.5814,-44.262436,-332.57318,1379.9144,110.00208,129.5518,1344.7104,-135.10419,386.04358,1181.8168,-59.774162,382.52737,1252.1411,159.62572
1566,15.65,7.8281665,1338.9153,-214.22313,14.42678,1082.3551,41.310066,-105.55527,1348.6097,-128.09001,-387.64395,1211.4489,-44.035397,-334.02689,1375.4628,112.81217,129.53252,1344.6931,-135.40604,385.49808,1183.7017,-57.708305,380.42957,1261.9679,158.81509
1567,15.66,7.8173642,1338.7473,-214.5468,14.307855,1082.4016,41.259975,-105.91943,1348.5599,-128.22502,-387.11578,1208.6534,-44.050335,-335.34756,1370.8143,115.70464,129.42058,1344.7151,-135.68645,384.92645,1185.5529,-55.804054,378.11182,1271.2013,157.56844
1568,15.67,7.8159766,1338.5826,-214.80647,14.162693,1082.4215,41.218105,-106.21809,1348.4983,-128.39835,-386.7146,1206.1971,-44.237934,-336.57159,1366.0177,118.82847,129.28802,1344.7654,-135.8396,384.43134,1187.4558,-53.90485,376.1763,1279.9095,155.6875
1569,15.68,7.8125167,1338.4719,-215.04971,14.032342,1082.4625,41.259747,-106.43005,1348.483,-128.56093,-386.56503,1204.1321,-44.581203,-337.75153,1360.9407,122.11127,129.06395,1344.8729,-135.94495,383.89328,1189.3818,-52.131962,374.23166,1287.7897,153.93431
1570,15.69,7.8552718,1338.3365,-215.23766,13.850415,1082.496,41.173729,-106.66541,1348.4926,-128.70944,-386.58685,1202.4072,-45.234573,-338.81982,1355.6094,125.51075,128.85303,1344.9529,-136.01427,383.48734,1191.3448,-50.533524,371.70731,1295.4972,152.53925
1571,15.7,7.923182,1338.2778,-215.50955,13.583109,1082.5416,41.074688,-106.78109,1348.5914,-128.89241,-386.71234,1201.0413,-46.238438,-339.84784,1349.9609,128.92612,128.6165,1345.0054,-136.07779,383.14368,1193.3715,-49.028225,369.47299,1303.0208,150.92847
1572,15.71,8.0071087,1338.2506,-215.77904,13.256847,1082.5886,40.968281,-106.84902,1348.722,-129.05414,-387.08447,1199.7411,-46.978542,-340.87036,1343.9072,132.45311,128.35941,1345.0618,-136.07712,382.81912,1195.5558,-47.416298,367.33469,1310.174,149.21248
1573,15.72,8.1026373,1338.2048,-215.96111,12.980632,1082.6604,40.777882,-106.86306,1348.8318,-129.02916,-387.55835,1198.8357,-48.236946,-341.78583,1337.4564,135.9937,128.10738,1345.1208,-136.09471,382.40939,1197.8521,-45.902214,365.2348,1317.0424,147.60962
1574,15.73,8.190258,1338.2457,-216.15474,12.658103,1082.677,40.66507,-106.85654,1348.9878,-129.04163,-388.18387,1198.1638,-49.727028,-342.65576,1330.5469,139.59045,127.81392,1345.2208,-136.06293,381.95584,1200.2144,-44.399849,363.17786,1323.7515,145.98224
1575,15.74,8.2375498,1338.301,-216.35118,12.346481,1082.6833,40.483074,-106.84244,1349.1908,-128.90443,-389.03006,1197.7196,-50.97501,-343.42218,1323.2659,143.14787,127.54373,1345.3108,-135.98561,381.60977,1202.6284,-42.906391,361.13745,1330.3907,144.15799
1576,15.75,8.3034706,1338.3837,-216.46774,11.959886,1082.5348,40.294792,-106.91443,1349.4249,-128.78209,-390.06015,1197.4763,-52.463417,-344.16516,1315.4424,146.62747,127.34103,1345.4243,-135.97304,381.21674,1205.0876,-41.495243,359.09457,1337.0931,142.01973
1577,15.76,8.3675804,1338.4373,-216.44098,11.560905,1082.3323,40.183285,-106.97391,1349.6724,-128.49107,-391.18542,1197.3662,-53.881886,-344.76855,1307.1754,150.0555,126.94903,1345.4489,-135.6485,380.92078,1207.6539,-40.091282,356.99429,1343.8136,139.5507
1578,15.77,8.4402895,1338.5186,-216.42896,11.129425,1082.1399,40.22422,-106.93214,1349.9138,-128.17747,-392.3566,1197.2887,-55.330276,-345.33542,1298.2357,153.48424,126.62056,1345.5229,-135.40732,380.62231,1210.2299,-38.889328,354.9335,1350.6931,136.66568
1579,15.78,8.5440207,1338.6094,-216.49771,11.018153,1082.7385,41.213482,-106.72408,1350.2375,-127.39311,-393.60806,1197.3524,-56.802982,-346.31329,1288.2587,156.37811,126.333,1345.601,-135.26534,380.36676,1212.7583,-37.725502,352.83246,1357.6904,133.39668
1580,15.79,8.6183767,1338.6729,-216.48677,10.747946,1082.8099,41.223648,-106.57891,1350.4491,-127.17146,-394.82813,1197.4856,-58.264339,-346.66245,1277.7191,159.36919,126.02276,1345.6837,-135.06161,380.14587,1215.3057,-36.808846,350.63016,1364.6721,129.66498
1581,15.8,8.743866,1338.7804,-216.58714,10.552069,1082.9094,41.363319,-106.5351,1350.9065,-127.19706,-395.98679,1197.7355,-59.820492,-346.9317,1266.5402,161.67688,125.72871,1345.7893,-134.92119,379.95477,1217.7446,-36.020077,348.3421,1371.6152,125.48242
1582,15.81,8.8148746,1338.8628,-216.61003,10.341994,1083.0125,41.509983,-106.25462,1351.2695,-126.56404,-397.07187,1198.014,-61.405136,-347.34357,1254.855,162.73708,125.46149,1345.8844,-134.85522,379.80493,1220.2267,-35.344891,345.80151,1378.5074,120.84599
1583,15.82,8.8602343,1338.929,-216.54146,10.219233,1083.1216,41.781086,-105.96792,1351.625,-125.96476,-398.14313,1198.292,-63.089535,-347.21063,1242.1761,165.06821,125.2283,1345.9722,-134.77066,379.76099,1222.7662,-34.85788,343.21478,1385.2106,115.96676
1584,15.83,8.9311838,1339.0211,-216.44598,10.124666,1083.2018,42.101089,-105.67713,1352.0094,-125.31628,-399.14346,1198.3662,-64.504036,-348.41586,1229.2517,165.4352,125.01701,1346.0137,-134.6841,379.69928,1225.3523,-34.56517,340.47266,1391.7975,110.80285
1585,15.84,8.9622135,1339.0806,-216.27078,10.044626,1083.2712,42.459232,-105.30589,1352.7048,-125.43727,-399.9743,1198.3007,-65.976311,-348.37943,1215.9307,165.38622,124.81962,1346.0408,-134.60027,379.7023,1228.0731,-34.466579,337.63858,1398.2909,105.30492
1586,15.85,9.0424252,1339.1931,-216.1676,10.096554,1083.1006,42.95911,-105.08032,1352.8699,-123.91624,-400.65878,1198.0181,-67.384949,-349.32263,1201.7446,164.72891,124.64437,1346.0708,-134.58679,379.71982,1230.8943,-34.494923,334.77203,1404.6533,99.362411
1587,15.86,9.0883799,1339.2499,-216.0127,10.092066,1083.0558,43.20422,-104.7708,1353.3217,-123.16227,-401.26553,1197.3867,-68.705673,-349.5936,1186.8201,163.98395,124.48583,1346.0952,-134.5502,379.88525,1233.7205,-34.670105,331.789,1410.8861,93.007713
1588,15.87,9.0648556,1339.2771,-215.79567,10.120101,1083.1736,43.579853,-104.46623,1353.7418,-122.13059,-401.67953,1196.5955,-69.864532,-350.46329,1171.5193,161.53383,124.33938,1346.1317,-134.57339,380.0705,1236.5764,-35.03252,328.6897,1417.0088,86.182503
1589,15.88,9.0010748,1339.3523,-215.51665,10.188113,1083.244,44.026028,-104.20871,1354.2144,-121.1936,-402.20181,1195.7102,-70.97477,-351.13446,1156.0848,158.58791,124.03144,1346.1261,-134.28055,380.31287,1239.4702,-35.531216,325.53351,1422.8103,79.120743
1590,15.89,8.8772211,1339.4597,-215.23627,10.348807,1083.2357,44.571487,-104.03045,1354.5551,-119.80634,-402.29016,1194.2201,-71.846626,-351.89075,1140.5702,154.93733,123.98585,1346.2849,-134.46461,380.67316,1242.3309,-36.248825,322.28915,1428.3507,71.600349
1591,15.9,8.7055588,1339.5186,-214.62656,10.538129,1083.208,45.113823,-103.86048,1354.9431,-118.87916,-402.15945,1192.5176,-73.060707,-352.8252,1125.0536,150.42397,123.89304,1346.4088,-134.56456,381.05334,1245.2844,-37.215233,319.07574,1433.5709,63.7201
1592,15.91,8.5027847,1339.6803,-214.15338,10.741517,1083.2466,45.314659,-103.70814,1355.2678,-117.58064,-401.74109,1190.3844,-74.156906,-352.88025,1110.0579,145.82346,123.66276,1346.4966,-134.47087,381.53424,1248.2423,-38.406025,315.83551,1438.4658,55.657169
1593,15.92,8.3233023,1339.7754,-213.55138,10.978151,1083.1801,45.900242,-103.65089,1355.6329,-116.4362,-401.2384,1187.83,-75.226082,-353.95016,1095.1188,140.00748,123.39051,1346.6217,-134.34491,382.07358,1251.2115,-39.761757,312.62225,1442.9902,47.48381
1594,15.93,8.0927954,1339.9144,-213.03198,11.240188,1083.1338,46.45689,-103.68122,1356.0126,-115.33276,-400.74533,1184.9156,-76.807579,-355.03397,1080.4646,133.38733,123.0483,1346.7367,-134.20537,382.63599,1254.215,-41.444347,309.47345,1447.1638,39.17305
1595,15.94,7.7431245,1339.9944,-212.28976,11.50394,1083.0918,47.030632,-103.82494,1356.3671,-114.04884,-400.34476,1181.526,-78.46814,-355.91794,1065.9915,126.13245,122.7048,1346.8645,-134.0439,383.22952,1257.0856,-43.208851,306.38879,1450.9298,30.778803
1596,15.95,7.3931203,1340.0906,-211.59541,11.781741,1083.0309,47.534592,-104.16432,1356.6656,-112.64936,-399.72937,1177.8896,-80.609291,-356.80673,1051.9191,118.32561,122.32029,1347.0094,-133.92387,383.83591,1259.8823,-45.203251,303.36975,1454.2981,22.059441
1597,15.96,6.973485,1340.2122,-210.92705,12.077836,1082.9473,48.103569,-104.57389,1356.8862,-111.03395,-398.93533,1174.2117,-82.719986,-358.23004,1038.0181,109.22006,121.9203,1347.1149,-133.74406,384.52826,1262.5547,-47.367096,300.3511,1457.2318,13.541536
1598,15.97,6.4664378,1340.2928,-210.03021,12.408174,1082.901,48.734219,-105.02805,1357.079,-109.46291,-398.03888,1170.4963,-85.155502,-358.78732,1024.8041,100.41109,121.50298,1347.2214,-133.57826,385.1438,1265.178,-49.798477,297.30701,1459.7472,4.7270136
1599,15.98,5.9800005,1340.4808,-209.24226,12.71953,1082.7574,49.281242,-105.61436,1357.2479,-107.80028,-396.92621,1166.6276,-87.531136,-359.14691,1011.9096,90.847092,121.07789,1347.3219,-133.34818,385.77887,1267.6,-52.338539,294.31458,1461.7566,-3.7693315
1600,15.99,5.4030647,1340.6449,-208.32843,13.018126,1082.6797,49.772556,-106.26846,1357.3514,-105.91919,-395.71167,1162.7173,-90.064766,-359.36957,999.48718,80.491814,120.61361,1347.4103,-133.11371,386.42459,1269.8824,-55.141827,291.38879,1463.4512,-11.707552
1601,16.0,4.7665009,1340.8301,-207.47911,13.233137,1082.8378,49.984089,-107.02183,1357.4803,-104.14736,-394.37521,1158.9019,-93.120277,-359.35922,987.97345,70.559006,120.15012,1347.425,-132.86162,387.0134,1272.028,-58.099323,288.51117,1464.4246,-20.037558
1602,16.01,4.0114293,1340.9469,-206.42168,13.651147,1082.4563,50.908333,-107.86671,1357.5969,-102.17628,-392.94934,1155.0649,-96.19162,-359.22842,976.80505,59.550514,119.65054,1347.4471,-132.62581,387.5712,1274.0255,-61.220287,285.66232,1465.2714,-28.296566
1603,16.02,3.2151821,1341.1931,-205.50554,13.92967,1082.3145,51.56543,-108.73808,1357.5741,-99.751396,-391.46841,1151.4404,-99.7286,-358.96457,966.3277,47.809685,119.12011,1347.4257,-132.45413,388.09656,1275.7566,-64.38765,282.93039,1465.6677,-36.438229
1604,16.03,2.3672402,1341.4004,-204.54379,14.255512,1082.1713,52.217442,-109.57323,1357.516,-97.619095,-389.94495,1147.9539,-103.23257,-358.38962,956.52686,36.128601,118.55914,1347.3639,-132.27847,388.56433,1277.2612,-67.732162,280.19559,1465.5735,-43.471203
1605,16.04,1.455332,1341.5989,-203.4124,14.578579,1082.0959,52.763214,-110.31258,1357.3787,-95.402061,-388.38586,1144.713,-106.92007,-357.49478,947.33716,23.927296,117.96612,1347.2922,-132.17702,388.96515,1278.6394,-71.203453,277.6058,1465.4465,-51.875896
1606,16.05,0.52988064,1341.843,-202.51778,14.850539,1081.9598,53.5448,-111.10992,1357.2476,-93.245842,-386.74182,1141.7488,-110.70455,-356.30612,938.78717,11.240438,117.30447,1347.1986,-132.06432,389.26044,1279.6495,-74.870049,275.01746,1464.6328,-58.24239
1607,16.06,-0.44680157,1341.9982,-201.40298,15.068395,1081.7866,54.379261,-111.91936,1357.0918,-91.018738,-385.00656,1139.0424,-114.58765,-354.82574,930.94147,-1.7088554,116.6217,1347.0739,-131.93146,389.49857,1280.3455,-78.71199,272.44006,1463.6608,-65.696442
1608,16.07,-1.4525895,1342.1458,-200.25374,15.313165,1081.6464,55.196163,-112.73478,1356.9916,-88.74617,-383.15042,1136.4823,-118.68651,-353.08929,923.89362,-14.778267,115.93152,1346.9452,-131.83873,389.67712,1280.787,-82.686172,269.9996,1462.3601,-72.64212
1609,16.08,-2.5069983,1342.3828,-199.22229,15.562618,1081.5315,55.788754,-113.57189,1356.9695,-86.74939,-381.1937,1134.1433,-122.74415,-351.27341,917.37347,-28.426483,115.18486,1346.8124,-131.73982,389.74326,1280.9528,-86.774841,267.72433,1460.7559,-79.54229
1610,16.09,-3.5711691,1342.53,-198.06995,15.748981,1081.4467,56.638119,-114.42455,1356.9052,-84.581093,-379.14969,1132.1638,-127.08822,-349.42627,911.73505,-41.846218,114.48797,1346.6808,-131.66162,389.81088,1280.8079,-90.868752,265.40552,1458.7992,-86.326935
1611,16.1,-4.6983681,1342.7216,-196.9846,15.956656,1081.2903,57.508305,-115.22442,1356.7633,-82.319427,-376.97714,1130.3641,-131.38974,-347.63971,906.81165,-55.256157,113.76572,1346.5552,-131.57303,389.79105,1280.2896,-95.128876,263.33206,1456.6334,-93.348671
1612,16.11,-5.8422375,1342.8373,-195.6463,16.143412,1081.1321,58.309658,-116.07487,1356.6968,-80.382271,-374.66077,1128.9097,-135.86218,-345.84515,902.58521,-68.754951,113.08407,1346.437,-131.50386,389.6347,1279.4412,-99.423859,261.33957,1454.1661,-98.673706
1613,16.12,-6.9892306,1343.0621,-194.70987,16.393562,1081.0435,59.040958,-116.94367,1356.6006,-78.364746,-372.3699,1127.772,-140.70461,-344.03146,899.17743,-81.583961,112.35504,1346.3228,-131.45638,389.43958,1278.2162,-103.64473,260.13556,1451.5829,-103.51657
1614,16.13,-8.1449623,1343.2471,-193.47646,16.562332,1080.9318,60.002125,-117.82842,1356.4407,-76.172096,-370.03946,1126.7998,-145.36813,-342.10065,896.17651,-96.092384,111.68071,1346.1984,-131.42635,389.19183,1276.6444,-107.94434,258.34827,1448.6289,-109.18921
1615,16.14,-9.3812323,1343.4073,-192.23979,16.734087,1080.8297,60.803764,-118.72156,1356.3092,-74.064095,-367.64594,1126.2,-150.32787,-339.99222,893.97833,-110.1935,111.03617,1346.0835,-131.20393,388.93488,1274.8274,-112.26479,256.66431,1445.4341,-114.58252
1616,16.15,-10.600145,1343.5908,-191.05942,16.921291,1080.7666,61.582008,-119.5837,1356.2039,-72.150208,-365.28076,1125.8059,-155.13918,-337.7374,892.55322,-124.49155,110.384,1345.9336,-131.21242,388.54709,1272.6749,-116.63909,255.01538,1442.0636,-119.84801
1617,16.16,-11.745075,1343.8141,-190.09734,17.168545,1080.7338,62.546185,-120.47002,1356.0778,-70.156029,-362.86386,1125.8566,-160.06033,-335.43808,891.83392,-138.87086,109.73471,1345.7456,-131.28687,388.16977,1270.2891,-120.94429,253.46342,1438.6201,-124.71597
1618,16.17,-12.966455,1343.9132,-189.03737,17.303097,1080.679,63.390358,-121.26559,1355.9562,-68.343582,-360.41333,1126.3467,-164.94359,-333.0871,891.84558,-153.22281,109.16233,1345.5264,-131.3513,387.56323,1267.6202,-125.19245,251.94981,1435.0333,-129.27863
1619,16.18,-14.204947,1343.9456,-187.97874,17.492636,1080.6338,64.190216,-121.98727,1355.7865,-66.534103,-358.03171,1127.2705,-170.12852,-330.71054,892.56458,-167.30515,108.64582,1345.3477,-131.48802,386.79214,1264.7036,-129.40199,250.4324,1431.1669,-133.64926
1620,16.19,-15.274598,1344.0558,-187.45107,17.746477,1080.6389,64.949692,-122.71416,1355.5698,-64.72728,-355.66867,1128.6443,-175.53819,-328.81516,893.9566,-180.24261,108.14137,1345.1466,-131.74094,385.88864,1261.5907,-133.54852,249.14348,1427.5117,-137.37141
1621,16.2,-16.262482,1344.2463,-187.40833,18.007633,1080.6992,65.695938,-123.4025,1355.2894,-63.260765,-353.28244,1130.1991,-180.88052,-325.78931,895.84033,-195.50903,107.69751,1344.9591,-131.98242,384.9989,1258.3541,-137.48683,247.86546,1423.9393,-140.71429
1622,16.21,-17.387608,1344.3707,-185.87277,18.262369,1080.6504,66.42485,-124.13338,1354.9543,-61.698971,-351.13187,1132.0022,-186.33005,-323.34604,898.2951,-208.67142,107.30035,1344.7781,-132.21432,384.05612,1255.1165,-141.34113,246.58362,1420.3472,-143.81238
1623,16.22,-18.317764,1344.3718,-184.98372,18.578966,1080.6238,67.059456,-124.82867,1354.6716,-60.581753,-349.17233,1133.985,-191.99461,-320.86627,901.20966,-221.65216,106.86818,1344.5995,-132.43672,383.09329,1251.8455,-144.97893,245.23415,1416.7664,-146.68163
1624,16.23,-19.143976,1344.4015,-184.19191,18.897902,1080.6395,67.606194,-125.53354,1354.29,-59.32608,-347.0332,1135.9985,-197.10614,-318.52966,904.3728,-233.85855,106.43439,1344.4275,-132.69672,382.12469,1248.6412,-148.44867,244.01645,1413.3273,-149.08966
1625,16.24,-19.984354,1344.3873,-183.41867,19.171204,1080.6301,68.119553,-126.20377,1353.975,-58.390297,-344.99075,1138.0724,-201.96803,-316.34781,907.74554,-245.37727,106.08524,1344.275,-132.88228,381.09579,1245.589,-151.73984,242.81239,1410.1016,-151.06071
1626,16.25,-20.646248,1344.3795,-182.71214,19.341728,1080.601,68.543213,-126.84968,1353.7091,-57.652943,-342.99765,1140.1251,-206.62923,-314.34622,911.21545,-255.93048,105.75895,1344.1244,-133.01231,379.96011,1242.6053,-154.66588,241.68407,1407.0316,-152.56561
1627,16.26,-21.215565,1344.3933,-182.16269,19.467751,1080.5626,68.87941,-127.44131,1353.4578,-56.918449,-341.19064,1142.3064,-211.1794,-312.60849,914.64142,-265.55551,105.48861,1344.0013,-133.03387,378.9079,1239.8359,-157.30228,240.66281,1404.2046,-153.71147
1628,16.27,-21.726828,1344.4956,-181.70546,19.50849,1080.5072,69.069534,-127.92128,1353.2885,-56.498165,-339.25494,1144.3871,-215.1526,-311.03091,917.96301,-274.20526,105.2554,1343.8877,-133.02583,377.93185,1237.2651,-159.41408,239.76984,1401.6255,-154.4747
1629,16.28,-22.023609,1344.6056,-181.36002,19.427805,1080.4839,69.293434,-128.30096,1353.1571,-56.211693,-337.53372,1146.392,-218.97681,-309.50339,921.06372,-282.11035,105.05994,1343.8151,-133.05484,377.08319,1234.9912,-161.24409,238.99779,1399.3813,-154.81834
1630,16.29,-22.196609,1344.802,-181.16602,19.311687,1080.4481,69.381035,-128.60396,1353.0657,-55.943211,-336.00247,1148.1833,-222.48184,-308.10831,923.98645,-288.95944,104.93758,1343.797,-133.01802,376.26688,1233.0029,-162.68805,238.28632,1397.4646,-154.95415
1631,16.3,-22.275457,1344.8898,-181.05777,19.137197,1080.4589,69.380768,-128.84834,1353.0452,-56.146679,-334.70047,1149.7582,-225.36656,-306.84583,926.51404,-294.90573,104.87226,1343.9142,-132.51984,375.59406,1231.3334,-163.85229,237.71071,1395.834,-154.67166
1632,16.31,-22.233723,1345.0787,-181.14226,18.87253,1080.4835,69.291306,-129.06618,1353.0475,-56.400146,-333.63739,1151.1094,-227.95375,-305.70761,928.61487,-299.73535,104.8714,1344.0024,-132.27144,374.97708,1229.9376,-164.67024,237.23857,1394.4247,-154.11171
1633,16.32,-22.120653,1345.1836,-181.13937,18.590097,1080.5625,69.112015,-129.22911,1353.1118,-56.774166,-332.86209,1152.0374,-229.84093,-304.90607,930.15009,-303.36066,104.89509,1344.0911,-132.07034,374.56622,1228.8052,-165.23267,236.96054,1393.3475,-153.21933
1634,16.33,-21.883074,1345.3395,-181.36215,18.285591,1080.6074,68.893486,-129.33946,1353.2109,-57.494118,-332.40848,1152.7554,-231.58299,-304.43417,931.06042,-305.78043,104.96493,1344.2018,-132.30051,374.39078,1227.9679,-165.44618,236.87515,1392.4713,-152.00632
1635,16.34,-21.598797,1345.4297,-181.49535,17.920219,1080.6722,68.615746,-129.43723,1353.2109,-58.059254,-332.09671,1153.2025,-233.11922,-304.25525,931.4176,-307.03378,105.13662,1344.3231,-132.03221,374.46594,1227.3993,-165.43932,236.99411,1391.9161,-150.42426
1636,16.35,-21.148327,1345.4716,-181.65247,17.540018,1080.7155,68.278061,-129.46609,1353.2367,-58.708122,-332.09546,1153.3634,-234.23979,-304.42566,931.17627,-307.12759,105.42803,1344.4341,-131.7285,374.65506,1227.0819,-165.20462,237.33278,1391.66,-148.50403
1637,16.36,-20.671518,1345.4684,-181.89816,17.147713,1080.7039,67.925339,-129.4319,1353.2931,-59.716145,-332.2442,1153.2643,-235.03433,-304.94162,930.33276,-306.05301,105.76433,1344.5402,-131.28975,374.91299,1226.9561,-164.82675,237.90848,1391.6921,-146.17146
1638,16.37,-20.063334,1345.4144,-182.17928,16.7391,1080.6804,67.48954,-129.32208,1353.36,-60.804394,-332.46591,1152.8663,-235.51706,-305.68082,928.98175,-303.77112,106.16705,1344.6497,-130.88667,375.28525,1227.0087,-164.26538,238.64474,1392.0234,-143.52328
1639,16.38,-19.359652,1345.3643,-182.45807,16.20899,1080.6028,67.228508,-129.14558,1353.4423,-61.938492,-332.97055,1152.1962,-235.59383,-306.66437,927.06384,-300.39914,106.52102,1344.7365,-130.43344,375.65045,1227.1725,-163.68712,239.62167,1392.4722,-140.73576
1640,16.39,-18.599066,1345.2355,-182.81566,15.754176,1080.5369,66.836456,-128.92186,1353.6554,-63.418983,-333.64935,1151.3357,-235.47252,-307.87936,924.81482,-295.74475,106.86597,1344.8866,-129.8819,376.09512,1227.4547,-163.06094,240.86194,1393.2968,-137.47992
1641,16.4,-17.835188,1345.1625,-183.18095,15.237696,1080.4409,66.490356,-128.66519,1353.884,-64.874199,-334.51804,1150.2617,-234.91093,-309.36746,922.26373,-290.14612,107.19032,1345.0275,-129.28435,376.56967,1227.8057,-162.40849,242.42369,1394.3868,-134.04686
1642,16.41,-17.024666,1345.2091,-183.78224,14.706609,1080.3318,66.180664,-128.36295,1354.1521,-66.376549,-335.32422,1149.0221,-234.23372,-311.29868,919.29077,-283.15005,107.52796,1345.166,-128.60953,377.14133,1228.3147,-161.8322,244.36421,1395.715,-130.18245
1643,16.42,-16.275984,1344.9347,-182.93427,14.149081,1080.2614,65.83181,-127.96834,1354.4585,-67.815681,-336.17807,1147.6948,-233.41589,-313.36865,916.59521,-275.96588,107.91081,1345.309,-127.90569,377.74457,1228.8865,-161.21722,246.63283,1397.2279,-126.0612
1644,16.43,-15.215607,1345.1276,-184.51064,13.592149,1080.1467,65.472519,-127.59961,1354.8253,-69.587654,-336.88666,1146.2664,-232.35254,-316.1395,913.50751,-267.08673,108.34897,1345.4252,-127.24933,378.52625,1229.575,-160.61797,249.30942,1398.817,-121.63638
1645,16.44,-14.271837,1344.9125,-184.35507,12.939005,1080.0438,65.060959,-127.17958,1355.2367,-71.146515,-337.70639,1144.7715,-231.1248,-319.08298,910.6535,-257.82141,108.84469,1345.5687,-126.60621,379.40771,1230.3557,-160.18303,252.32819,1400.4854,-117.06144
1646,16.45,-13.331909,1344.8419,-184.53331,12.294975,1079.985,64.658798,-126.75756,1355.6516,-72.761612,-338.61417,1143.1637,-229.62935,-322.24692,908.0376,-247.82368,109.42871,1345.7501,-125.9214,380.30151,1231.1777,-159.62639,255.78215,1402.2754,-112.07692
1647,16.46,-12.334043,1344.9352,-184.94838,11.561862,1079.9036,64.213295,-126.37218,1356.0276,-74.181747,-339.69083,1141.6173,-228.00839,-325.51941,905.78497,-237.41182,110.01355,1345.9021,-125.27813,381.22766,1231.9813,-159.08545,259.65662,1404.1317,-106.79817
1648,16.47,-11.282069,1344.9718,-185.2473,10.938927,1079.9332,63.725636,-125.9659,1356.3375,-75.6614,-340.90533,1140.0624,-226.0419,-329.11343,903.87299,-225.70845,110.62356,1346.0538,-124.59785,382.24625,1232.8936,-158.54759,263.96402,1406.0159,-101.11211
1649,16.48,-10.236124,1345.0663,-185.68665,10.355133,1079.9868,63.27977,-125.51707,1356.6398,-77.27681,-342.04346,1138.6665,-224.39377,-332.70377,902.58453,-213.69484,111.20248,1346.149,-124.01013,383.29828,1233.8906,-158.05719,268.62823,1407.8999,-95.17791
1650,16.49,-9.2764282,1345.1317,-186.08696,9.7394552,1080.002,62.81081,-125.01557,1356.8562,-78.580872,-343.30594,1137.2881,-222.5136,-336.47992,901.91425,-201.06776,111.75587,1346.212,-123.52296,384.42844,1235.0126,-157.50238,273.62207,1409.6969,-88.958092
1651,16.5,-8.281805,1345.1619,-186.47963,9.2334213,1080.0298,62.322807,-124.51493,1357.0885,-80.078484,-344.60309,1135.9753,-220.38576,-340.58084,901.97565,-187.58205,112.29497,1346.2808,-123.10249,385.63092,1236.1636,-156.81082,278.97321,1411.4108,-82.513298
1652,16.51,-7.2918019,1345.196,-186.92973,8.7352495,1080.0201,61.750751,-123.90512,1357.2883,-81.4776,-345.98984,1134.7458,-218.09572,-344.39001,902.48492,-174.3365,112.78201,1346.2971,-122.79103,386.91986,1237.4045,-156.04842,284.57608,1412.9714,-76.027031
1653,16.52,-6.2775936,1345.2484,-187.40309,8.2203064,1079.9955,61.226536,-123.31725,1357.5065,-82.88282,-347.40805,1133.631,-215.75594,-348.37289,903.64551,-160.7133,113.23587,1346.3779,-122.59719,388.26602,1238.649,-155.15031,290.47971,1414.304,-69.199089
1654,16.53,-5.3350554,1345.2675,-187.9063,7.8087893,1080.0027,60.597618,-122.7095,1357.703,-84.173317,-348.88495,1132.5583,-213.13631,-352.39154,905.32501,-147.03664,113.70685,1346.4607,-122.52772,389.72882,1239.8529,-154.18535,296.56055,1415.4736,-62.260349
1655,16.54,-4.4483347,1345.3932,-188.49408,7.3726401,1079.9977,59.90831,-122.07182,1357.8872,-85.52697,-350.42337,1131.6949,-210.56012,-356.1442,908.15961,-133.20401,114.17334,1346.5466,-122.10872,391.24359,1241.0969,-153.21721,303.06281,1416.4436,-55.804173
1656,16.55,-3.6000493,1345.5031,-189.0155,7.105392,1079.9604,59.206245,-121.48837,1358.0082,-86.740356,-352.06445,1130.9836,-207.7944,-360.0148,911.64966,-119.32063,114.5854,1346.655,-121.90341,392.79111,1242.3267,-152.08656,309.58435,1417.1094,-48.513794
1657,16.56,-2.780154,1345.6027,-189.54991,6.8417249,1079.923,58.525551,-120.83448,1358.0542,-87.919586,-353.72736,1130.4854,-204.86241,-363.68222,916.05591,-105.33956,114.95989,1346.7971,-121.77547,394.35529,1243.6183,-150.95453,316.25409,1417.4536,-41.061359
1658,16.57,-1.9894738,1345.6609,-190.02119,6.647912,1079.8544,57.894295,-120.18334,1358.1079,-89.049911,-355.32584,1130.1989,-202.02844,-367.48697,921.02673,-91.334465,115.34495,1346.9196,-121.70747,395.9863,1245.0243,-149.7128,322.7016,1417.5854,-32.65202
1659,16.58,-1.1857729,1345.7172,-190.62268,6.5683112,1079.7948,57.246117,-119.50268,1358.1646,-90.150375,-356.94507,1130.0151,-199.04074,-371.0748,927.42889,-77.44455,115.69267,1347.072,-121.68913,397.54865,1246.4905,-148.36462,329.52103,1417.2365,-24.693769
1660,16.59,-0.47996932,1345.8503,-191.33043,6.6054316,1079.7682,56.572746,-118.86533,1358.2041,-91.100769,-358.52194,1129.829,-195.68163,-374.4545,933.9173,-63.799694,116.00961,1347.2026,-121.75354,399.00616,1248.0837,-146.94299,336.39212,1416.42,-16.541515
1661,16.6,0.22208451,1345.8826,-191.87569,6.6736917,1079.7682,55.804722,-118.22423,1358.3148,-92.267593,-360.15601,1129.7749,-192.31531,-377.94943,940.87878,-50.532913,116.29001,1347.3447,-121.88589,400.43692,1249.7393,-145.53003,343.35861,1415.0392,-8.1637316
1662,16.61,0.86913234,1345.9266,-192.58179,6.7282567,1079.7635,55.263599,-117.54831,1358.3372,-93.274498,-361.819,1129.6854,-188.53883,-381.68347,948.25696,-37.600918,116.52565,1347.4639,-122.01994,401.91327,1251.2878,-144.0224,350.14081,1413.0747,0.32187489
1663,16.62,1.5100255,1345.9204,-193.17238,6.8683734,1079.7902,54.727016,-116.8665,1358.3514,-94.482849,-363.4631,1129.6993,-184.56538,-385.25613,956.05548,-25.027399,116.75932,1347.5723,-122.19788,403.52267,1252.865,-142.56441,356.74655,1410.615,8.5875549
1664,16.63,2.1382055,1345.9679,-193.87323,6.9800925,1079.8932,54.066727,-116.17581,1358.2887,-95.740852,-365.05228,1129.7937,-180.59763,-388.68463,964.22888,-12.86667,116.96901,1347.7079,-122.40024,405.21219,1254.5397,-140.99657,363.14789,1407.7843,16.849422
1665,16.64,2.7884822,1345.9385,-194.54396,7.2078285,1079.9863,53.377472,-115.47895,1358.0583,-96.731087,-366.74692,1130.0016,-176.44456,-391.80438,973.12201,-0.72720402,117.20321,1347.8593,-122.65291,406.83936,1256.2655,-139.27258,369.26736,1404.3566,25.296556
1666,16.65,3.467201,1345.8771,-195.2547,7.3660398,1080.0929,52.784363,-114.82253,1357.9189,-98.06955,-368.50049,1130.3523,-172.09897,-394.86038,982.12903,10.845638,117.42431,1348.0798,-122.9015,408.40155,1258.0371,-137.46538,375.1402,1400.3333,33.781651
1667,16.66,4.0702343,1345.7925,-196.03851,7.5465965,1080.2206,52.264053,-114.195,1357.7333,-99.085434,-370.23608,1130.8376,-167.60722,-397.70227,991.48187,22.021093,117.61685,1348.324,-123.12647,409.8544,1259.7834,-135.4641,380.76239,1395.7332,42.160633
1668,16.67,4.636374,1345.6711,-196.80049,7.7864408,1080.3882,51.703468,-113.68931,1357.5974,-100.19736,-371.82578,1131.3478,-163.08519,-400.41684,1001.1517,32.820049,117.78139,1348.6149,-123.42836,411.15781,1261.5532,-133.42387,386.28207,1390.3749,50.639175
1669,16.68,5.111177,1345.5935,-197.62141,8.0619345,1080.5016,51.161346,-113.22805,1357.432,-101.11093,-373.3851,1131.8859,-158.39018,-402.93942,1011.0034,43.231853,117.89244,1348.9314,-123.74353,412.34921,1263.3625,-131.05748,391.60962,1384.1169,59.038998
1670,16.69,5.5013485,1345.5575,-198.4505,8.2746,1080.6439,50.501057,-112.81969,1357.3334,-102.31352,-374.50308,1132.1635,-153.40125,-405.23569,1020.8256,53.477757,117.94005,1349.2041,-124.03154,413.41098,1264.9854,-128.95624,396.66208,1377.0128,67.493584
1671,16.7,5.8522797,1345.5255,-199.31618,8.4381971,1080.7694,49.911777,-112.48774,1357.163,-103.39423,-375.83008,1132.7067,-148.5905,-407.42242,1031.0154,62.766582,117.98369,1349.3745,-124.35092,414.4595,1266.4401,-127.23918,401.29758,1369.2289,75.623116
1672,16.71,6.1469688,1345.4722,-199.97615,8.5559082,1080.8529,49.29459,-112.18056,1356.9766,-104.27214,-376.98251,1133.3215,-143.84425,-409.57993,1041.2532,72.234924,117.98207,1349.5509,-124.6675,415.8165,1267.9626,-124.32619,405.67322,1360.7433,83.561188
1673,16.72,6.3538089,1345.4443,-200.49249,8.7549887,1080.8997,48.812187,-111.89503,1356.7677,-105.07246,-377.99249,1133.9918,-139.16414,-411.48901,1051.4504,79.876778,117.92924,1349.739,-124.99044,417.0354,1269.15,-121.51732,409.66461,1351.5278,91.179085
1674,16.73,6.5273957,1345.3612,-200.99005,8.9008055,1080.9438,48.245193,-111.66007,1356.5964,-106.25555,-378.84805,1134.6573,-134.49052,-413.25363,1062.1096,87.925049,117.86855,1349.9333,-125.3773,418.23483,1270.0157,-118.34073,413.23877,1341.6824,98.473343
1675,16.74,6.6363473,1345.3845,-201.71523,9.0614471,1080.9808,47.671909,-111.47054,1356.3461,-106.91132,-379.64594,1135.3245,-129.78087,-414.81339,1072.71,95.418892,117.71472,1350.1355,-125.73792,419.23822,1270.6161,-115.05067,416.4715,1331.0391,105.40781
1676,16.75,6.6326613,1345.4415,-202.40742,9.2563972,1081.0375,47.097755,-111.34649,1356.0465,-107.68044,-380.30344,1135.9281,-125.06756,-416.11636,1083.3899,102.57745,117.55804,1350.3081,-126.08072,419.94675,1270.881,-111.735,419.37827,1319.6713,111.87994
1677,16.76,6.5899158,1345.4459,-202.95177,9.4848442,1081.1068,46.527668,-111.258,1355.7894,-108.56414,-380.69858,1136.4761,-120.3782,-417.42511,1094.2657,109.14102,117.41769,1350.4207,-126.38387,420.31543,1270.8746,-108.45435,422.17496,1307.7441,118.20511
1678,16.77,6.5073915,1345.4269,-203.37872,9.6347427,1081.0819,46.05872,-111.29757,1355.5366,-109.44252,-380.89362,1136.942,-115.82387,-418.53073,1105.1085,115.06637,117.27116,1350.4651,-126.68597,420.53604,1270.761,-105.19274,424.56604,1294.825,123.8087
1679,16.78,6.4293532,1345.4718,-203.93675,9.8285141,1081.0577,45.54147,-111.37857,1355.3237,-110.2314,-380.88077,1137.1929,-111.22301,-419.44443,1115.8322,119.92096,117.14419,1350.4333,-127.05192,420.62051,1270.3656,-101.87755,426.47858,1281.7106,129.49461
1680,16.79,6.2266088,1345.4711,-204.37943,9.9845314,1081.0247,45.002037,-111.55453,1355.1422,-110.94096,-380.70355,1137.3683,-106.94844,-420.15826,1126.9028,124.84176,117.01596,1350.4089,-127.40739,420.60492,1269.681,-98.519783,427.90228,1267.2452,135.27003
1681,16.8,5.9772978,1345.4211,-204.8049,10.157004,1080.8989,44.433556,-111.73729,1355.0083,-111.58732,-380.46954,1137.5383,-103.02236,-420.55429,1137.7761,128.90613,116.84068,1350.3859,-127.82583,420.37811,1268.8286,-94.87413,429.35098,1252.2988,139.34131
1682,16.81,5.6620994,1345.3887,-205.38626,10.144987,1081.2098,43.526539,-111.97654,1354.8864,-112.22257,-380.00751,1137.7479,-99.215027,-420.64136,1148.3228,132.22093,116.68796,1350.4147,-128.23825,420.1189,1267.4215,-90.391273,430.42816,1236.9808,142.80721
1683,16.82,5.363039,1345.322,-205.78088,10.235955,1081.1405,42.893814,-112.22617,1354.7559,-112.812,-379.26685,1137.5144,-95.328766,-421.03073,1158.1713,134.90903,116.51317,1350.4727,-128.58176,419.65964,1265.536,-85.467743,431.22659,1221.4838,145.27165
1684,16.83,4.9925785,1345.2698,-206.2029,10.31574,1081.1221,42.508972,-112.51436,1354.5551,-113.23815,-378.27679,1137.2518,-91.416367,-420.93442,1168.0934,137.15364,116.33853,1350.5417,-128.94472,418.80414,1263.0614,-80.722,431.60333,1205.3489,146.91345
1685,16.84,4.6434159,1345.2749,-206.67813,10.45397,1081.126,42.358479,-112.83999,1354.318,-113.66492,-377.13382,1136.7307,-87.54464,-420.47748,1177.9801,138.94516,116.16324,1350.573,-129.21216,417.72308,1259.9985,-76.119316,431.71158,1189.2632,147.94011
1686,16.85,4.3194394,1345.1656,-206.97522,10.521955,1080.9634,42.643059,-113.20544,1354.0217,-114.11076,-375.7467,1136.0964,-83.943672,-419.82251,1187.735,140.13606,116.01057,1350.5514,-129.47807,416.43805,1256.2869,-71.522362,431.54678,1173.1667,148.32933
1687,16.86,4.0092773,1345.1624,-207.40707,10.642421,1080.964,42.242741,-113.67224,1353.7556,-114.60739,-374.13599,1134.9296,-79.986015,-419.03659,1197.3519,140.56522,115.9346,1350.4894,-129.70854,414.98102,1251.9525,-66.866837,431.24957,1157.2002,148.29253
1688,16.87,3.6590967,1345.0433,-207.6407,10.773568,1080.9659,41.842438,-114.1381,1353.5231,-115.07629,-372.16473,1133.5555,-76.383446,-418.01892,1207.0123,140.52795,115.88876,1350.4243,-129.93231,413.26917,1246.8417,-62.306938,430.69376,1141.322,147.9998
1689,16.88,3.2521148,1344.9567,-207.99533,10.955224,1080.9769,41.49485,-114.67935,1353.269,-115.29726,-370.01682,1131.9224,-72.727005,-416.80057,1216.5481,139.36642,115.92759,1350.4403,-130.15878,411.1481,1241.1115,-57.835361,430.1507,1125.4532,146.84912
1690,16.89,2.7653253,1344.9047,-208.3398,11.099977,1080.9426,41.118896,-115.26186,1352.9911,-115.58417,-367.60419,1130.0156,-69.057983,-415.31952,1225.8109,137.36687,115.93217,1350.4738,-130.47737,408.68167,1234.6936,-53.431782,429.50708,1109.825,145.17732
1691,16.9,2.206681,1344.7632,-208.50096,11.333117,1080.9504,40.839123,-115.88582,1352.7191,-115.7222,-365.01172,1128.0004,-65.398521,-413.69269,1234.8025,134.50996,115.94822,1350.4969,-130.63959,405.93442,1227.7048,-49.235004,428.79626,1093.7399,142.71616
1692,16.91,1.563975,1344.6786,-208.6852,11.605919,1080.8812,40.498264,-116.5416,1352.3278,-115.67895,-362.34824,1125.9001,-61.821301,-411.80038,1243.3425,130.97487,115.8661,1350.4512,-130.62923,402.96036,1220.2762,-45.684669,427.67737,1078.3761,139.79062
1693,16.92,0.98928249,1344.6039,-208.75406,11.832722,1080.7943,40.247345,-117.26791,1351.9299,-115.7064,-359.57309,1123.9036,-58.381367,-409.57913,1251.3417,127.1195,115.81994,1350.2732,-130.37399,399.87482,1212.6122,-42.898678,425.38028,1064.6349,138.68643
1694,16.93,0.60610878,1344.4926,-208.71445,12.065686,1080.8693,40.178486,-117.93872,1351.606,-115.84767,-356.87894,1121.9954,-55.003208,-407.28485,1258.9058,122.71821,115.89387,1350.108,-129.91281,396.65799,1204.7389,-41.218086,424.7988,1049.4858,131.50629
1695,16.94,0.37872756,1344.3817,-208.57619,12.335298,1080.4583,39.491581,-118.52869,1351.3083,-116.0025,-354.11606,1120.432,-51.968513,-404.5101,1265.6398,118.41628,116.23063,1349.9178,-129.40152,393.52441,1196.8077,-40.565544,422.59885,1036.3201,127.49395
1696,16.95,0.27404901,1344.2434,-208.38214,12.507445,1080.3147,39.311615,-119.03432,1351.0546,-116.23764,-351.5672,1119.1014,-49.202053,-401.80939,1271.7593,113.93921,116.81171,1349.6875,-128.99188,390.6463,1188.9175,-40.372906,420.40219,1023.9728,123.13535
1697,16.96,0.35401434,1344.1278,-208.22227,12.622616,1080.1681,39.172848,-119.35062,1350.8016,-116.23342,-349.31326,1118.1592,-46.878368,-399.18265,1277.2916,109.53331,117.73997,1349.4574,-128.58702,388.13058,1181.413,-40.560467,417.96335,1012.6285,118.89464
1698,16.97,0.5566327,1344.0134,-208.08052,12.687617,1079.9135,39.075203,-119.47467,1350.5745,-116.18008,-347.47119,1117.2,-44.5466,-396.68103,1282.1121,105.53048,118.98523,1349.0973,-128.16533,385.73163,1174.3804,-40.888359,415.46927,1002.2599,114.69181
1699,16.98,0.90092641,1343.8621,-207.92918,12.741808,1079.6907,39.060062,-119.46371,1350.4784,-116.2529,-345.94559,1116.7167,-42.780067,-394.24329,1286.2655,102.04037,120.46848,1348.6854,-127.72804,383.57581,1167.6575,-41.852867,412.89124,992.89313,110.22372
1700,16.99,1.3221161,1343.7379,-207.73412,12.773131,1079.4583,39.08025,-119.31923,1350.4225,-116.17514,-344.73056,1116.7928,-41.683392,-391.93857,1289.8127,99.067604,121.80679,1348.2194,-127.5134,381.68896,1161.2507,-43.336735,410.21902,984.49719,106.34087
1701,17.0,1.7729486,1343.666,-207.57053,12.836678,1079.2499,39.143364,-119.06944,1350.4442,-116.08925,-343.88937,1117.005,-40.689121,-389.74194,1292.7627,96.734512,123.04071,1347.7094,-127.36208,380.17615,1155.2404,-45.416595,407.51868,977.08112,103.16788
1702,17.01,2.3090005,1343.6003,-207.39832,12.969566,1079.0529,39.17107,-118.73409,1350.4971,-115.87342,-343.36914,1117.3636,-39.999336,-387.74567,1295.2057,94.858963,124.31555,1347.2125,-127.32109,378.95221,1149.5944,-47.888012,404.85367,970.59332,100.00626
1703,17.02,2.8885679,1343.4974,-207.09892,13.133578,1078.8669,39.16312,-118.30408,1350.5797,-115.75924,-343.0723,1117.9268,-39.668144,-385.85007,1297.1768,93.483353,125.56123,1346.797,-127.35884,377.84348,1144.3807,-50.590233,402.15683,964.88043,96.830734
1704,17.03,3.4866529,1343.4563,-206.7856,13.381512,1078.7407,39.199734,-117.75495,1350.6891,-115.5947,-342.98792,1118.5659,-39.714066,-384.14178,1298.7456,92.465027,126.6747,1346.5105,-127.41592,376.83481,1139.6934,-53.363182,399.59433,959.80963,93.860023
1705,17.04,4.0716505,1343.5475,-206.69516,13.635647,1078.6052,39.193203,-117.15369,1350.7897,-115.26743,-343.02786,1119.1796,-39.946171,-382.44766,1299.8933,91.765167,127.63597,1346.3175,-127.56978,375.80573,1135.458,-56.125301,397.15598,955.44049,91.082832
1706,17.05,4.5791612,1343.625,-206.54657,13.914084,1078.5178,39.228306,-116.5705,1350.8647,-114.98517,-343.19504,1119.8258,-40.423351,-380.81012,1300.6876,91.314964,128.49011,1346.2394,-127.59682,374.71936,1131.6796,-58.776188,394.79578,951.60376,88.414955
1707,17.06,5.085413,1343.6968,-206.30217,14.257356,1078.4752,39.232967,-116.0216,1350.9583,-114.8292,-343.46133,1120.2802,-41.046967,-379.18027,1301.0891,91.036392,129.19296,1346.192,-127.65065,373.68423,1128.3329,-61.218983,392.59656,948.1817,85.978477
1708,17.07,5.4487762,1343.8917,-206.2813,14.640961,1078.4482,39.208443,-115.58143,1351.0498,-114.59379,-343.71606,1120.6011,-41.836971,-377.535,1301.1388,90.831192,129.7728,1346.1388,-127.68092,372.75793,1125.5632,-63.364006,390.55634,945.0014,83.701668
1709,17.08,5.8036294,1343.9922,-206.10617,15.05715,1078.4817,39.176338,-115.22151,1351.1134,-114.44828,-343.99753,1120.7128,-42.862846,-375.85501,1300.8923,90.629471,130.30847,1346.0951,-127.69863,372.0246,1123.2463,-65.141617,388.65866,942.05011,81.450188
1710,17.09,6.0221615,1344.0735,-205.91951,15.444952,1078.4796,39.089367,-114.96478,1351.1416,-114.21981,-344.22153,1120.6738,-44.01445,-374.2453,1300.3611,90.438126,130.79825,1346.0787,-127.6366,371.33292,1121.2518,-66.637138,386.91241,939.39197,79.295982
1711,17.1,6.2497349,1344.1997,-205.86049,15.752317,1078.4904,38.980614,-114.78027,1351.136,-114.0441,-344.29001,1120.408,-45.278706,-372.65472,1299.5977,90.196754,131.19598,1346.0669,-127.59571,370.7771,1119.5291,-67.855553,385.26706,936.88629,77.167648
1712,17.11,6.400713,1344.2325,-205.76843,16.02162,1078.4485,38.806522,-114.65623,1351.1122,-113.92097,-344.19714,1120.007,-46.852501,-371.16669,1298.5424,89.948296,131.50543,1346.0635,-127.58014,370.23785,1118.0469,-68.977104,383.78152,934.61316,75.183189
1713,17.12,6.5114794,1344.2876,-205.67989,16.301737,1078.3953,38.659481,-114.54115,1351.0834,-113.82648,-344.14212,1119.3597,-48.106888,-369.75351,1297.3575,89.647316,131.74825,1346.078,-127.59559,369.61905,1116.7876,-69.925133,382.40329,932.60297,73.09964
1714,17.13,6.6252499,1344.3629,-205.79306,16.515223,1078.3319,38.548565,-114.50626,1350.999,-113.70433,-343.94946,1118.6836,-49.666164,-368.50372,1295.8922,89.341339,131.86426,1346.0964,-127.72215,369.01907,1115.7708,-70.880028,381.15195,930.83807,71.249886
1715,17.14,6.6418281,1344.3405,-205.76122,16.670589,1078.2324,38.423637,-114.51228,1350.8778,-113.73885,-343.64215,1117.8002,-50.997379,-367.41574,1294.3202,89.019165,131.9176,1346.1296,-127.82101,368.42422,1114.8752,-71.791779,380.07788,929.36707,69.43071
1716,17.15,6.6075158,1344.3,-205.86557,16.844831,1078.1477,38.328011,-114.56693,1350.7377,-113.76325,-343.24734,1116.8503,-52.539833,-366.4704,1292.5878,88.720963,131.9127,1346.1443,-128.02977,367.88263,1114.1311,-72.791733,379.19199,928.09711,67.818604
1717,17.16,6.5802908,1344.2852,-206.0062,16.958984,1078.0889,38.254269,-114.69996,1350.5646,-113.75832,-342.86743,1115.6071,-53.564804,-365.66544,1290.7849,88.317154,131.90352,1346.1229,-128.21106,367.44882,1113.5425,-73.692894,378.48129,927.06738,66.287109
1718,17.17,6.4722004,1344.201,-206.08185,17.021557,1078.0192,38.245068,-114.88319,1350.3936,-113.90034,-342.30408,1114.3843,-54.825855,-365.06094,1288.9716,87.85675,131.87119,1346.082,-128.45685,367.0762,1113.0012,-74.645012,377.93503,926.17004,64.938065
1719,17.18,6.3321357,1344.1328,-206.21085,17.033031,1077.9846,38.224903,-115.12432,1350.2086,-114.00585,-341.76492,1113.0815,-55.966103,-364.60526,1287.1647,87.390167,131.79277,1345.9888,-128.65096,366.85721,1112.5546,-75.59288,377.52917,925.39551,63.791798
1720,17.19,6.2147851,1344.0317,-206.2354,17.011131,1077.9193,38.160728,-115.41978,1349.9884,-114.0312,-341.13235,1111.6875,-56.896385,-364.34937,1285.4567,86.71981,131.70187,1345.9269,-128.87445,366.69183,1112.1454,-76.401421,377.21951,924.72913,62.430912
1721,17.2,6.0129275,1343.9904,-206.41624,16.921135,1077.874,38.12788,-115.74921,1349.7686,-114.07201,-340.49615,1110.3877,-57.970993,-364.25775,1283.8445,85.92675,131.55118,1345.8446,-129.08199,366.55081,1111.7782,-77.270027,377.08685,924.1723,61.366352
1722,17.21,5.8070493,1343.9048,-206.44865,16.817822,1077.8215,38.048409,-116.0665,1349.5758,-114.17736,-339.97452,1109.0361,-58.705788,-364.35513,1282.4082,85.09037,131.35393,1345.7968,-129.26678,366.45477,1111.4769,-78.257813,377.12927,923.72882,60.249676
1723,17.22,5.5842032,1343.8462,-206.54745,16.711338,1077.7854,37.969795,-116.39565,1349.3868,-114.22778,-339.38904,1107.7915,-59.546978,-364.64499,1281.0504,84.223495,131.16316,1345.7422,-129.40076,366.3855,1111.2535,-79.088669,377.30832,923.40094,59.058392
1724,17.23,5.3794603,1343.8447,-206.66435,16.56073,1077.7635,37.855701,-116.71572,1349.1929,-114.22147,-338.90048,1106.5925,-60.281334,-365.06271,1279.8213,83.250725,130.95207,1345.689,-129.47693,366.25723,1111.0725,-79.984612,377.72556,923.1106,57.999054
1725,17.24,5.1440496,1343.7664,-206.64098,16.461945,1077.7213,37.825218,-117.00644,1349.0615,-114.33415,-338.36145,1105.5648,-61.148514,-365.61557,1278.6006,82.312386,130.76811,1345.6573,-129.56367,366.1615,1110.9756,-80.793312,378.23486,922.84155,57.108704
1726,17.25,5.0110011,1343.7477,-206.76299,16.309517,1077.6786,37.725834,-117.27982,1348.9526,-114.50372,-337.96753,1104.5259,-61.911739,-366.2243,1277.4153,81.473053,130.59232,1345.6343,-129.60887,366.07294,1110.9395,-81.365822,378.97125,922.63232,56.097885
1727,17.26,4.8713551,1343.7284,-206.74968,16.188393,1077.6621,37.669498,-117.52646,1348.8766,-114.51856,-337.60498,1103.6202,-62.813835,-366.96011,1276.2303,80.631531,130.45744,1345.6035,-129.64429,366.03809,1111.0077,-81.826965,379.76822,922.3855,55.152271
1728,17.27,4.7673039,1343.684,-206.7267,16.07526,1077.6849,37.690952,-117.72161,1348.8571,-114.67686,-337.33328,1102.7592,-63.77116,-367.66751,1274.9308,79.952568,130.36072,1345.6183,-129.63518,366.01163,1111.0981,-82.294159,380.58719,922.17035,54.263111
1729,17.28,4.7437491,1343.6707,-206.68175,15.929027,1077.6881,37.673988,-117.88956,1348.8975,-114.86491,-337.13446,1102.0082,-64.914528,-368.47574,1273.5419,79.444359,130.22665,1345.6359,-129.6127,365.99503,1111.2002,-82.662323,381.39603,921.99011,53.230846
1730,17.29,4.7006297,1343.6923,-206.75601,15.754547,1077.7104,37.592033,-118.01929,1348.9269,-114.97575,-336.94809,1101.3815,-66.182213,-369.23471,1272.0469,79.096504,130.16467,1345.6437,-129.59531,366.04865,1111.3196,-83.012924,382.18774,921.77209,52.250694
1731,17.3,4.74717,1343.6503,-206.67108,15.58183,1077.754,37.58992,-118.11368,1349.0326,-115.12422,-336.89374,1100.6173,-67.529755,-370.01999,1270.228,78.885513,130.09645,1345.6831,-129.51289,366.11798,1111.4263,-83.365364,383.01743,921.61938,51.354359
1732,17.31,4.8241043,1343.6359,-206.67287,15.431,1077.7831,37.603973,-118.17554,1349.2313,-115.21025,-336.87607,1099.9512,-69.039574,-370.78976,1268.1208,78.933266,130.07249,1345.7023,-129.42918,366.18054,1111.4316,-83.741112,383.69418,921.33966,50.434834
1733,17.32,4.950654,1343.6765,-206.62643,15.280701,1077.8468,37.603848,-118.19278,1349.5117,-115.34441,-336.92648,1099.3174,-70.85537,-371.46933,1265.5729,79.218506,130.08478,1345.7137,-129.29729,366.19537,1111.3458,-84.099571,384.37665,921.0257,49.577881
1734,17.33,5.1252313,1343.7418,-206.6468,15.091558,1077.9138,37.643444,-118.16542,1349.9255,-115.55323,-336.86511,1098.8418,-73.343094,-371.8371,1262.2689,80.030327,130.11745,1345.7179,-129.17003,366.1759,1111.1765,-84.469414,384.9379,920.61975,48.599136
1735,17.34,5.3440509,1343.795,-206.53546,14.908587,1077.9735,37.726601,-117.98524,1350.3363,-115.50232,-336.84277,1098.3569,-75.96006,-371.83374,1258.1608,81.439842,130.22519,1345.7451,-129.01118,366.09119,1110.8613,-84.854805,385.33875,920.11267,47.588886
1736,17.35,5.5999246,1343.9258,-206.5038,14.710199,1078.0549,37.818886,-117.76175,1350.8152,-115.35692,-336.57269,1098.3965,-79.262009,-371.90189,1253.6086,82.959297,130.36371,1345.7886,-128.86292,365.8559,1110.4261,-85.260818,385.62585,919.41498,46.726364
1737,17.36,5.8980803,1344.0378,-206.40544,14.524657,1078.1345,37.928711,-117.47093,1351.2714,-115.21095,-336.39044,1097.9493,-82.421692,-371.90225,1248.0952,84.719322,130.52437,1345.8298,-128.71123,365.44958,1109.844,-85.721901,385.67862,918.51489,45.665405
1738,17.37,6.1881099,1344.1548,-206.23311,14.305168,1078.2019,38.044151,-117.17426,1351.7075,-115.00078,-336.2063,1097.4031,-85.619469,-371.72012,1241.7629,86.889366,130.77374,1345.8798,-128.52658,364.96182,1109.103,-86.11586,385.5383,917.45123,44.50676
1739,17.38,6.5477881,1344.3237,-206.19388,14.15083,1078.2871,38.203136,-116.85338,1352.1537,-114.87263,-335.8486,1096.7959,-89.061012,-371.3837,1234.5657,89.148125,131.041,1345.9462,-128.28703,364.36362,1108.1686,-86.593971,385.13367,916.12378,43.279644
1740,17.39,6.9229655,1344.4393,-206.05882,13.986175,1078.3577,38.332424,-116.56242,1352.562,-114.78487,-335.50644,1096.0869,-92.440857,-370.9364,1226.4233,91.508499,131.34377,1345.9904,-128.02856,363.62064,1106.9597,-87.125916,384.50565,914.50037,42.210491
1741,17.4,7.3285661,1344.5363,-205.83804,13.864205,1078.4045,38.486759,-116.27008,1352.9789,-114.74893,-334.98328,1095.2926,-96.008553,-370.27744,1217.411,93.995522,131.63048,1346.0313,-127.8038,362.56061,1105.5498,-87.75338,383.6347,912.61481,41.507732
1742,17.41,7.711803,1344.6874,-205.78386,13.755494,1078.4734,38.68539,-116.01743,1353.2798,-114.45531,-334.42087,1094.1523,-99.366333,-369.51376,1207.5917,96.299988,131.93977,1346.0892,-127.51439,361.38223,1103.8678,-88.314171,382.48749,910.50934,40.040779
1743,17.42,8.0867825,1344.8545,-205.69386,13.647063,1078.514,38.856445,-115.82801,1353.495,-114.28461,-333.77979,1092.8197,-102.69677,-368.5076,1196.833,98.63224,132.28517,1346.1573,-127.23396,359.9877,1101.9969,-88.965279,381.17429,908.14349,39.110851
1744,17.43,8.375598,1344.9421,-205.5256,13.571588,1078.5924,39.100609,-115.69648,1353.6177,-114.11625,-333.01959,1091.3055,-106.11964,-367.15146,1185.3129,101.02087,132.67252,1346.2041,-126.92283,358.31909,1099.8505,-89.710754,379.48294,905.448,37.556141
1745,17.44,8.6865005,1345.0803,-205.42789,13.551421,1078.7247,39.006363,-115.58958,1353.7108,-114.07749,-332.14127,1089.5717,-109.30378,-365.9567,1172.8553,102.74284,133.04028,1346.255,-126.65125,356.35217,1097.4883,-90.509308,377.46365,902.44373,35.948143
1746,17.45,8.9896383,1345.1354,-205.26089,13.480656,1078.7311,39.130569,-115.58306,1353.7118,-113.98296,-331.18121,1087.5957,-112.37321,-364.29544,1159.693,104.44598,133.37189,1346.2499,-126.34957,354.18637,1094.8806,-91.339447,375.17105,899.19751,34.190342
1747,17.46,9.2802639,1345.1719,-205.12561,13.433808,1078.7439,39.293625,-115.6628,1353.6488,-113.9119,-330.06424,1085.4624,-115.35622,-362.2384,1145.7329,105.86442,133.7616,1346.2399,-126.05731,351.83041,1092.0586,-92.312531,372.66821,895.73883,32.438541
1748,17.47,9.4997044,1345.2067,-205.01463,13.334369,1078.76,39.448524,-115.8082,1353.562,-113.92754,-328.83871,1083.066,-118.06154,-359.74527,1131.057,106.99957,134.20892,1346.1776,-125.71737,349.15198,1089.0095,-93.29406,369.83923,892.09888,30.576124
1749,17.48,9.7050219,1345.1862,-204.93405,13.26887,1078.797,39.613571,-115.9713,1353.381,-113.87224,-327.33997,1080.3467,-120.39819,-356.73059,1115.7489,107.69223,134.64012,1346.0823,-125.4463,346.17679,1085.7875,-94.511795,366.73526,888.24054,28.594856
1750,17.49,9.9082956,1345.1536,-204.87645,13.168283,1078.7736,39.709457,-116.13634,1353.1565,-113.81392,-325.74014,1077.6104,-122.54247,-353.43182,1099.3724,108.2281,135.07716,1345.9135,-125.17226,342.91891,1082.3696,-95.695335,363.0455,884.24548,26.365545
1751,17.5,10.081903,1345.089,-204.83467,13.038744,1078.7448,39.865353,-116.31203,1352.8961,-113.87632,-324.01691,1074.853,-124.37872,-350.24228,1082.0693,107.64884,135.53459,1345.6707,-124.88139,339.5094,1078.8666,-97.043236,359.0961,880.12421,24.044102
1752,17.51,10.266533,1345.0013,-204.81143,12.919187,1078.7168,39.957298,-116.516,1352.5514,-113.79117,-322.14243,1071.9315,-125.83514,-346.88214,1064.4473,106.70053,136.03378,1345.373,-124.5448,335.94965,1075.2437,-98.56723,354.7561,875.92896,21.657974
1753,17.52,10.368651,1344.9081,-204.88768,12.860343,1078.6415,40.063217,-116.80665,1352.1466,-113.74857,-320.06012,1068.8579,-126.73661,-343.05734,1046.5837,105.22385,136.548,1345.0046,-124.32133,332.29691,1071.5067,-100.2713,350.28809,871.72437,19.439085
1754,17.53,10.487993,1344.8019,-204.92709,12.809131,1078.5996,40.115746,-117.22667,1351.6853,-113.51369,-317.81366,1065.6077,-127.48154,-338.909,1028.6167,103.07021,137.15898,1344.6201,-124.03863,328.67349,1067.5864,-102.13373,345.55478,867.57166,17.272457
1755,17.54,10.553289,1344.6838,-205.06612,12.785454,1078.537,40.14225,-117.80927,1351.1309,-113.38931,-315.4278,1062.2955,-128.13335,-334.55606,1010.7264,100.18667,137.82225,1344.1292,-123.65413,324.94632,1063.502,-104.19166,340.80231,863.3941,15.256817
1756,17.55,10.540165,1344.5499,-205.13087,12.733643,1078.4594,40.143616,-118.54646,1350.3953,-112.94993,-313.13132,1058.634,-128.54991,-330.10193,993.04724,96.731171,138.48694,1343.522,-123.29759,321.0947,1059.4738,-106.20322,335.99243,859.13666,13.415998
1757,17.56,10.514184,1344.3591,-205.19574,12.748529,1078.328,40.095524,-119.41542,1349.5165,-112.4817,-310.74069,1054.8033,-128.65015,-325.73349,975.82086,92.574654,139.18344,1342.7365,-122.93545,317.37936,1055.3655,-107.99633,331.23062,854.85327,11.509795
1758,17.57,10.450051,1344.1831,-205.23145,12.775876,1078.2324,40.044296,-120.34124,1348.6051,-112.16148,-308.41751,1050.9908,-128.53275,-321.48245,959.03595,87.994415,139.88766,1341.8693,-122.52956,313.71027,1051.2158,-109.74571,326.63806,850.57495,9.7428226
1759,17.58,10.306623,1344.0403,-205.24898,12.811199,1078.0648,40.010666,-121.30264,1347.5472,-111.83125,-305.85931,1047.2128,-128.07649,-317.69327,942.61792,82.737762,140.54601,1340.929,-122.1557,309.95633,1047.046,-111.4865,322.37643,846.48627,7.9435844
1760,17.59,10.070316,1343.8999,-205.20764,12.922777,1077.9094,39.958019,-122.27903,1346.4432,-111.30426,-303.17606,1043.3787,-127.1453,-313.97565,926.73456,77.267395,141.18004,1339.9208,-121.77821,306.19638,1042.9929,-113.11545,317.98499,842.47424,6.0775089
1761,17.6,9.8247147,1343.6735,-205.21126,13.042948,1077.731,39.876656,-123.21918,1345.2759,-111.13776,-300.19794,1039.6617,-125.83481,-309.94751,911.20129,71.750465,141.67731,1338.9053,-121.56197,302.3512,1039.0785,-114.69708,313.14627,838.08698,4.0208578
1762,17.61,9.5347767,1343.4512,-205.27016,13.24213,1077.4818,39.933121,-124.06243,1344.0221,-110.68508,-296.98389,1036.0994,-124.23277,-306.36417,896.27203,66.373589,142.13078,1337.9835,-121.36081,298.42142,1035.2371,-116.20438,308.58963,833.97797,1.8194541
1763,17.62,9.2025805,1343.1201,-205.27528,13.415793,1077.2394,39.910206,-124.92392,1342.7352,-110.30655,-293.52161,1032.714,-122.49565,-302.2869,881.90997,58.698711,142.51376,1337.1315,-121.32924,294.3187,1031.5562,-117.489,304.0726,829.96497,-0.61313415
1764,17.63,8.8061047,1342.8243,-205.38602,13.58551,1076.8958,40.029678,-125.69423,1341.3888,-109.78308,-289.86285,1029.5225,-120.4128,-298.18863,868.2569,51.533352,142.84547,1336.4017,-121.38988,289.9938,1028.0985,-118.56931,299.47079,826.02496,-3.0890505
1765,17.64,8.4257278,1342.4929,-205.39061,13.778775,1076.6085,40.058201,-126.49061,1340.0623,-109.34055,-286.00674,1026.4658,-118.36722,-293.89108,855.58893,43.926571,143.07185,1335.7794,-121.50143,285.57538,1024.903,-119.65957,294.89084,822.37286,-5.7295508
1766,17.65,7.9634199,1342.1908,-205.42287,14.032946,1076.3081,40.074734,-127.23714,1338.793,-109.01086,-282.19504,1023.1946,-116.26223,-289.37546,844.03601,36.052097,143.23598,1335.2598,-121.57385,280.92078,1022.1124,-120.99228,290.2558,818.86603,-8.5018253
1767,17.66,7.4432321,1341.8994,-205.45175,14.256552,1076.0319,40.134884,-127.94736,1337.61,-108.82449,-278.35147,1020.172,-114.34108,-284.78815,833.76514,27.937788,143.28584,1334.8534,-121.67311,276.4855,1019.7482,-122.11391,285.54086,815.52429,-11.481441
1768,17.67,6.8152618,1341.6693,-205.35057,14.480269,1075.8,40.166275,-128.6078,1336.4606,-108.25458,-274.2518,1017.6888,-113.02988,-280.08566,824.70892,19.894529,143.23447,1334.5483,-121.69533,272.1311,1017.725,-123.19639,280.73178,812.39008,-14.548149
1769,17.68,6.1502194,1341.4841,-205.2184,14.704393,1075.5654,40.156254,-129.27563,1335.401,-107.69102,-270.10596,1015.4932,-111.96815,-275.12555,816.80463,11.891611,143.14172,1334.3712,-121.62402,267.88611,1015.9279,-124.03283,275.79117,809.40613,-17.673599
1770,17.69,5.5039816,1341.4327,-205.03735,14.910674,1075.3573,40.139473,-129.89366,1334.4902,-107.08076,-265.9635,1013.6472,-111.33044,-270.14813,810.0733,3.8199806,142.9301,1334.2578,-121.52688,263.72076,1014.1851,-124.85772,270.8273,806.51447,-20.905678
1771,17.7,4.8508291,1341.4666,-204.79634,15.144857,1075.1522,40.031746,-130.46165,1333.6368,-106.29276,-261.9454,1012.0063,-111.04841,-265.13794,804.30719,-3.7409112,142.68832,1334.2229,-121.35963,259.68332,1012.7844,-125.62636,265.72409,803.84338,-23.910063
1772,17.71,4.263967,1341.5515,-204.44609,15.289331,1074.9664,39.972759,-130.98691,1332.9532,-105.65945,-258.07336,1010.5603,-110.96682,-260.20557,799.45923,-11.192505,142.41721,1334.2573,-121.09635,255.85637,1011.6103,-126.20174,260.43002,801.35797,-26.915459
1773,17.72,3.6948118,1341.6926,-203.98112,15.465959,1074.8073,39.86042,-131.50656,1332.3853,-105.01727,-254.29657,1009.3557,-111.4338,-255.34326,795.34662,-18.150537,142.16475,1334.3064,-120.75967,252.23351,1010.5649,-126.64018,255.02708,799.09338,-29.77688
1774,17.73,3.2001841,1341.8824,-203.48021,15.675265,1074.5776,39.715454,-131.95203,1331.8483,-104.15025,-250.66469,1008.2059,-112.14942,-250.597,791.86139,-24.630844,141.90193,1334.3788,-120.37614,248.50366,1009.6808,-127.2599,249.50179,797.04169,-32.377464
1775,17.74,2.8506625,1342.1011,-203.1011,15.852172,1074.369,39.596508,-132.40112,1331.3979,-103.45397,-247.12129,1007.1975,-113.48898,-245.93393,788.92554,-30.532784,141.71313,1334.4542,-119.91901,245.78513,1008.83,-127.52151,243.72498,795.27533,-34.745537
1776,17.75,2.4587464,1342.3053,-202.56708,16.052109,1074.1841,39.417168,-132.82416,1331.042,-102.81615,-243.77917,1006.0807,-115.14124,-241.4642,786.37238,-35.970398,141.53836,1334.5464,-119.37975,243.00461,1008.1317,-127.74511,237.79527,793.64325,-36.801167
1777,17.76,2.2055027,1342.5808,-202.15135,16.26383,1074.0078,39.294319,-133.28339,1330.6257,-102.10201,-240.79956,1004.9047,-117.03435,-237.21056,784.32928,-40.649361,141.3856,1334.6238,-118.80743,240.54146,1007.4649,-127.9009,231.87766,792.09546,-38.640266
1778,17.77,1.9736449,1342.7924,-201.55893,16.437769,1073.7936,39.151161,-133.74045,1330.2239,-101.44321,-237.9935,1003.7482,-119.25121,-233.34697,782.44733,-44.843639,141.24045,1334.6482,-118.20332,238.5009,1006.8587,-127.94202,225.9062,790.68994,-40.180454
1779,17.78,1.7435187,1342.9683,-200.96925,16.577864,1073.5903,39.004482,-134.15363,1329.8394,-100.9432,-235.43887,1002.6458,-121.63805,-229.83549,780.89691,-48.486027,141.09985,1334.6859,-117.59951,236.69994,1006.157,-128.0004,220.19859,789.59277,-41.264637
1780,17.79,1.4886755,1343.1167,-200.42227,16.685673,1073.4227,38.890511,-134.56934,1329.4521,-100.60632,-233.09094,1001.543,-123.92107,-226.7123,779.51855,-51.569614,140.96332,1334.719,-116.94694,234.97955,1005.3607,-128.07603,216.00812,788.80438,-41.391735
1781,17.8,1.3335277,1343.276,-199.91437,16.744581,1073.2245,38.748684,-135.00244,1329.0511,-100.21223,-230.9503,1000.433,-126.12601,-223.8676,778.34198,-54.256153,140.8277,1334.771,-116.20082,233.40627,1004.6911,-128.42412,213.61436,788.3515,-41.373856
1782,17.81,1.2038261,1343.4478,-199.43968,16.746857,1073.0359,38.73262,-135.44624,1328.6479,-99.817055,-228.97604,999.50507,-128.49504,-221.30649,777.31415,-56.619568,140.67384,1334.811,-115.53219,232.55838,1004.5275,-128.87448,213.18156,788.57709,-41.211491
1783,17.82,1.0614532,1343.5461,-198.84665,16.703003,1072.8339,38.684467,-135.85999,1328.2477,-99.535179,-227.1442,998.66766,-130.52737,-219.20366,776.48291,-58.640697,140.48529,1334.9078,-114.89954,232.73386,1004.978,-129.33054,213.77136,789.11407,-41.121304
1784,17.83,0.88477832,1343.7153,-198.38074,16.64995,1072.6196,38.656357,-136.27373,1327.8651,-99.236481,-225.45752,997.87073,-132.34473,-217.54456,775.73761,-60.352779,140.19064,1335.0389,-114.35815,233.76297,1005.7158,-129.46439,214.97491,789.73706,-41.071606
1785,17.84,0.60901082,1343.8898,-198.06879,16.543032,1072.4434,38.635338,-136.7164,1327.5061,-99.068893,-223.82831,997.24677,-134.16823,-216.27791,775.19611,-61.881439,139.81956,1335.228,-113.89584,235.30046,1006.3881,-129.3924,216.55154,790.39954,-40.86911
1786,17.85,0.24858215,1344.0266,-197.83302,16.389845,1072.2992,38.564819,-137.18452,1327.2097,-98.900284,-222.3925,996.68951,-135.65359,-215.62186,774.77161,-62.877022,139.32353,1335.4602,-113.52106,236.99275,1006.9755,-129.17519,218.30893,791.12268,-40.397087
1787,17.86,-0.12398951,1344.0972,-197.70143,16.201698,1072.1686,38.480347,-137.6682,1326.9323,-98.68576,-221.16586,996.27234,-137.20299,-215.62016,774.59644,-63.774975,138.8038,1335.7203,-113.19706,238.59846,1007.6931,-129.01147,220.16977,791.91534,-39.518845
1788,17.87,-0.479083,1344.1238,-197.51251,16.037693,1072.1017,38.314171,-138.07906,1326.7524,-98.726776,-220.21106,995.94098,-138.36824,-216.0798,774.44421,-64.348137,138.29572,1335.9296,-113.00135,240.21246,1008.5115,-128.70483,222.127,792.70392,-38.591064
1789,17.88,-0.82593423,1344.1898,-197.43422,15.867468,1072.0363,38.237881,-138.42116,1326.6388,-98.703682,-219.46317,995.75525,-139.45995,-216.83221,774.41205,-64.925812,137.76959,1336.1251,-112.90753,241.80666,1009.3664,-128.16397,224.2247,793.59851,-37.60218
1790,17.89,-1.0899936,1344.219,-197.33556,15.687286,1071.979,38.15266,-138.69905,1326.5828,-98.712929,-219.15559,995.7229,-140.16698,-217.63071,774.48553,-65.355545,137.33229,1336.2755,-112.78547,243.37321,1010.2496,-127.44936,226.36032,794.54462,-36.461346
1791,17.9,-1.248152,1344.2627,-197.28174,15.4799,1071.9445,38.141941,-138.86229,1326.6301,-98.719612,-219.14998,995.83893,-140.75972,-218.41417,774.70648,-65.68512,137.01701,1336.4458,-112.72179,244.81238,1011.0576,-126.52344,228.37566,795.487,-35.398426
1792,17.91,-1.3341702,1344.2537,-197.14267,15.323899,1071.9912,38.134274,-139.01775,1326.7721,-98.750198,-219.34203,996.05029,-141.10275,-219.04156,774.9989,-65.80201,136.76814,1336.5809,-112.65876,246.12737,1011.811,-125.72503,230.18192,796.3924,-34.221058
1793,17.92,-1.3793682,1344.316,-197.11391,15.138537,1072.0216,38.152966,-139.12811,1327.0228,-98.894485,-219.70952,996.32379,-141.38971,-219.50311,775.38092,-65.805214,136.54865,1336.6658,-112.59288,247.30081,1012.4453,-124.98528,231.65195,797.22748,-33.168945
1794,17.93,-1.3490614,1344.3773,-197.10141,14.996694,1072.0598,38.178879,-139.18898,1327.3909,-98.951187,-220.21817,996.69623,-141.67072,-219.7473,775.86371,-65.723801,136.4138,1336.7761,-112.55313,248.39449,1012.9373,-124.31345,232.90613,798.0072,-32.029518
1795,17.94,-1.3213812,1344.455,-197.05136,14.850777,1072.1418,38.246387,-139.19727,1327.8479,-99.158401,-220.79671,997.12854,-141.88831,-219.91765,776.44611,-65.544182,136.31464,1336.8114,-112.5143,249.36583,1013.226,-123.83955,234.01096,798.67059,-31.010395
1796,17.95,-1.2008656,1344.4612,-196.92906,14.678905,1072.1868,38.291416,-139.14716,1328.3286,-99.155807,-221.41313,997.62445,-141.92509,-220.11671,777.21967,-65.336716,136.26593,1336.8361,-112.48863,250.05319,1013.4182,-123.6237,235.13878,799.31006,-29.957428
1797,17.96,-1.0581838,1344.5139,-196.71594,14.485836,1072.293,38.363983,-139.03308,1328.9597,-99.455566,-222.1344,998.23938,-141.94014,-220.29462,778.14398,-65.016129,136.30371,1336.8273,-112.50162,250.53706,1013.5553,-123.71824,236.28937,799.91138,-28.89262
1798,17.97,-0.81648928,1344.5676,-196.62872,14.294559,1072.3541,38.400085,-138.86494,1329.6337,-99.658394,-222.88335,999.02032,-141.80283,-220.44362,779.25433,-64.658012,136.38135,1336.7748,-112.49963,250.95377,1013.624,-123.98785,237.50092,800.41486,-27.877289
1799,17.98,-0.54522634,1344.6788,-196.55405,14.045163,1072.3784,38.385696,-138.63069,1330.4244,-99.855057,-223.52876,999.91077,-141.61961,-220.53084,780.53479,-64.236176,136.4911,1336.6307,-112.54563,251.28505,1013.5568,-124.19759,238.76988,800.87903,-26.877384
1800,17.99,-0.26416668,1344.7848,-196.51083,13.811098,1072.4044,38.444458,-138.37338,1331.2456,-99.952736,-224.03766,1001.0684,-141.66495,-220.44461,781.97327,-63.77668,136.63324,1336.4683,-112.53925,251.56775,1013.4171,-124.36414,240.06523,801.2041,-25.891264
1801,18.0,0.060027756,1344.8046,-196.36223,13.594301,1072.4355,38.474625,-138.06619,1332.2439,-100.20766,-224.64592,1002.2186,-141.48654,-220.20052,783.43042,-63.325962,136.84511,1336.2435,-112.46987,251.7562,1013.1946,-124.46573,241.28069,801.46136,-24.911572
1802,18.01,0.40636548,1344.9504,-196.33203,13.309954,1072.4937,38.519768,-137.66069,1333.3053,-100.27683,-225.19788,1003.4525,-141.28996,-219.87373,785.0625,-62.766365,137.04832,1335.9611,-112.38035,251.94209,1012.8949,-124.50884,242.3903,801.57922,-23.980604
1803,18.02,0.78602642,1345.1102,-196.17128,12.996011,1072.5537,38.582542,-137.19962,1334.4796,-100.34798,-225.5714,1004.9332,-141.17123,-219.42192,786.86182,-62.287727,137.23822,1335.6298,-112.29669,252.10985,1012.5273,-124.3875,243.26993,801.57831,-23.117065
1804,18.03,1.1735533,1345.2491,-195.98203,12.691032,1072.614,38.624111,-136.7534,1335.7684,-100.43285,-225.77383,1006.4939,-140.99792,-219.00179,788.88055,-61.853069,137.43105,1335.2749,-112.23734,252.24908,1012.1707,-124.08123,244.01505,801.50903,-22.308193
1805,18.04,1.6491939,1345.4456,-195.86125,12.420552,1072.739,38.705112,-136.1978,1337.1908,-100.45449,-225.7812,1008.3591,-141.16032,-218.56839,791.1153,-61.280373,137.61807,1334.8987,-112.16028,252.30524,1011.8237,-123.71503,244.44623,801.36816,-21.564701
1806,18.05,2.11871,1345.7399,-195.90826,12.120965,1072.8485,38.800121,-135.59024,1338.7466,-100.64891,-225.64081,1010.373,-141.54364,-218.28549,793.56006,-60.814388,137.80038,1334.5078,-112.13673,252.39423,1011.4891,-123.22308,244.65916,801.09027,-21.007856
1807,18.06,2.6465235,1345.8984,-195.74588,11.848634,1073.0304,38.930466,-134.86763,1340.4209,-101.06796,-225.47829,1012.4636,-141.80234,-218.09879,796.1283,-60.250633,137.97392,1334.1436,-112.1445,252.37108,1011.2189,-122.66196,244.61659,800.78687,-20.443073
1808,18.07,3.2241406,1346.212,-195.77844,11.529734,1073.2677,39.07563,-134.04523,1342.1626,-101.27968,-225.19839,1014.7355,-142.05939,-217.96553,798.8316,-59.647751,138.1917,1333.7555,-112.07626,252.43762,1010.9138,-121.93495,244.39584,800.3996,-19.910501
1809,18.08,3.9438932,1346.4719,-195.68184,11.198152,1073.552,39.189167,-133.13148,1344.0073,-101.65471,-224.97861,1017.0839,-142.45274,-217.94081,801.69434,-58.812378,138.47961,1333.3936,-112.09999,252.43512,1010.5975,-121.12527,243.96477,799.93945,-19.444902
1810,18.09,4.6170354,1346.7695,-195.56551,10.870575,1073.8142,39.349667,-132.13287,1345.9382,-101.88772,-224.74736,1019.507,-143.00955,-217.90921,804.7135,-58.00856,138.75221,1332.9984,-112.06607,252.44441,1010.2848,-120.28722,243.43835,799.44849,-18.975559
1811,18.1,5.4775448,1347.2482,-195.79361,10.468733,1074.1283,39.524529,-131.14307,1348.0433,-102.08894,-224.55737,1022.0039,-143.64961,-217.84219,807.97198,-57.149742,139.12508,1332.5989,-111.94782,252.41333,1009.9121,-119.53075,242.84984,798.91437,-18.525681
1812,18.11,6.2810926,1347.6005,-195.73962,10.071677,1074.3998,39.699997,-130.08577,1350.2992,-102.28758,-224.3354,1024.6661,-144.51358,-217.79559,811.38995,-56.24485,139.45222,1332.1708,-111.78381,252.26149,1009.5311,-118.81993,242.30832,798.4292,-18.085636
1813,18.12,7.1569486,1347.9912,-195.75188,9.6660681,1074.724,39.766926,-128.94107,1352.6614,-102.46024,-224.10519,1027.5247,-145.55548,-217.73782,815.1059,-55.574886,139.77524,1331.7517,-111.62037,252.09418,1009.1644,-118.20818,241.87126,798.0,-17.673321
1814,18.13,7.8822737,1348.0693,-195.121,9.2406693,1075.1132,39.938042,-127.68929,1355.1267,-102.64223,-223.87877,1030.5074,-146.51491,-217.58987,818.9538,-54.814064,140.14799,1331.333,-111.46535,251.94571,1008.796,-117.70888,241.45255,797.56573,-17.300781
1815,18.14,8.8183403,1348.4075,-194.91084,8.8305674,1075.528,40.121918,-126.36083,1357.7244,-102.98748,-223.63448,1033.7076,-147.34036,-217.34483,822.86462,-54.111073,140.57439,1330.9117,-111.27446,251.78853,1008.3674,-117.25013,241.16315,797.12756,-16.863583
1816,18.15,10.028153,1349.1693,-195.43193,8.4103556,1075.9849,40.327583,-124.99435,1360.33,-103.24487,-223.22449,1036.9617,-148.1788,-217.05844,826.8222,-53.358948,141.01958,1330.4761,-111.09344,251.66612,1007.9562,-116.76885,240.90118,796.7085,-16.368132
1817,18.16,11.003633,1349.5919,-195.20215,7.9742374,1076.4065,40.4571,-123.64571,1363.0186,-103.53249,-222.78627,1040.186,-148.78163,-216.71867,830.80408,-52.74601,141.48448,1330.0376,-110.87131,251.61758,1007.5245,-116.30087,240.68335,796.32404,-15.866946
1818,18.17,11.921844,1350.1133,-194.95393,7.5614591,1076.8907,40.530766,-122.29575,1365.7424,-103.52174,-222.45836,1043.4843,-149.53285,-216.24997,834.85822,-52.200993,141.98778,1329.6339,-110.6885,251.52776,1007.069,-115.8488,240.47139,795.96277,-15.330217
1819,18.18,12.784518,1350.6412,-194.5354,7.1605935,1077.3883,40.712158,-120.95107,1368.3762,-102.49457,-222.22746,1046.8525,-150.47733,-215.7807,839.01996,-51.612701,142.46733,1329.248,-110.50056,251.47429,1006.6601,-115.44048,240.25673,795.61444,-14.810744
1820,18.19,13.676574,1351.1752,-194.26268,6.8451905,1077.9465,40.875584,-119.5164,1371.2233,-102.12519,-222.22742,1050.2971,-151.48245,-215.20598,843.21106,-51.388378,142.88383,1328.8856,-110.35711,251.43138,1006.264,-115.01577,239.85132,795.30505,-14.265223
1821,18.2,14.250048,1351.5914,-193.51608,6.5010638,1078.5659,41.027336,-117.96511,1374.1179,-101.76392,-222.51576,1053.9712,-152.5451,-214.57448,847.48346,-51.163097,143.26053,1328.5269,-110.26047,251.42303,1005.9198,-114.61764,239.42542,795.04529,-13.741336
1822,18.21,15.194398,1352.1486,-193.15869,6.2342424,1079.0895,41.19733,-116.27374,1377.0876,-101.51797,-222.74004,1057.6775,-153.3907,-213.76053,851.71783,-51.012474,143.6608,1328.1849,-110.08601,251.43558,1005.6137,-114.17658,238.95239,794.76056,-13.223626
1823,18.22,16.424463,1353.0782,-193.38327,5.9126468,1079.6647,41.376526,-114.1489,1380.007,-102.43108,-222.83066,1061.3586,-153.78877,-212.94157,855.98438,-50.952393,144.08881,1327.8497,-109.81587,251.54208,1005.3124,-113.64697,238.47937,794.47815,-12.708762
1824,18.23,17.115669,1353.6215,-192.56996,5.6046762,1080.2926,41.508644,-112.23083,1382.7292,-102.16434,-222.82822,1065.0552,-154.07088,-212.13034,860.14636,-50.879684,144.51537,1327.4879,-109.49771,251.68321,1005.0459,-113.10602,238.04619,794.16931,-12.242468
1825,18.24,18.297544,1354.6003,-192.76178,5.1729989,1080.9222,41.637276,-110.29357,1385.2828,-101.77546,-222.80151,1068.6781,-154.48038,-211.35141,864.19354,-51.051517,144.90224,1327.0848,-109.20851,251.8219,1004.7372,-112.53803,237.59464,793.82202,-11.846088
1826,18.25,19.278673,1355.3201,-192.40523,4.8866,1081.4412,41.795094,-108.28587,1387.7122,-101.51662,-223.13982,1072.115,-154.94362,-210.56859,868.02557,-51.048534,145.32291,1326.7169,-108.85364,251.99783,1004.3887,-111.93229,237.23911,793.52673,-11.313027
1827,18.26,20.277807,1356.0754,-192.19226,4.6360416,1081.8997,41.875717,-106.29565,1389.8933,-101.33069,-223.86201,1075.5382,-155.76738,-209.6776,871.59985,-51.153057,145.8206,1326.3772,-108.44013,252.15562,1004.0906,-111.28432,236.96701,793.18616,-10.80274
1828,18.27,21.255978,1356.6177,-191.70378,4.3825884,1082.4248,42.019688,-104.39317,1391.8876,-101.10741,-225.08641,1078.625,-156.23717,-208.85724,874.90112,-51.358608,146.33321,1326.0533,-108.02694,252.30054,1003.7783,-110.66986,236.78729,792.84442,-10.321539
1829,18.28,22.256607,1357.147,-191.22705,4.1601777,1082.7747,42.056576,-102.59013,1393.7203,-101.0393,-226.25928,1081.533,-156.54782,-208.138,877.99805,-51.655674,146.82851,1325.746,-107.62315,252.5087,1003.477,-110.08408,236.51515,792.5235,-9.9532995
1830,18.29,23.276882,1357.7236,-190.95526,4.0454631,1083.0731,42.186779,-100.78929,1395.4331,-100.70812,-227.17279,1084.2102,-156.51755,-207.51248,880.81061,-51.770393,147.39395,1325.5049,-107.17126,252.71848,1003.1787,-109.59165,236.35616,792.22638,-9.5243549
1831,18.3,24.267416,1358.2112,-190.61246,3.9422135,1083.2499,42.270336,-99.035095,1397.0286,-100.5377,-227.47633,1086.9197,-156.74437,-207.17885,883.47797,-52.07151,147.94783,1325.2394,-106.74258,252.93651,1002.9023,-109.16469,236.26826,791.93182,-9.2084408
1832,18.31,25.277462,1358.6594,-190.28993,3.881887,1083.4227,42.364155,-97.264809,1398.4009,-100.2299,-228.48181,1089.3451,-156.58807,-207.15918,885.91931,-52.46146,148.47293,1324.9995,-106.21115,253.14528,1002.6573,-108.77353,236.21736,791.67969,-8.89363
1833,18.32,26.259401,1359.0165,-190.00681,3.8214664,1083.5206,42.462959,-95.637474,1399.569,-99.599922,-228.96719,1091.6475,-156.93724,-207.46796,888.12604,-52.604797,148.95462,1324.8024,-105.61163,253.36465,1002.4139,-108.39996,236.26071,791.45227,-8.6168718
1834,18.33,27.207279,1359.3705,-189.71756,3.7620983,1083.592,42.624714,-94.060097,1400.7339,-99.96553,-230.21472,1093.7417,-157.07497,-207.95349,890.23413,-52.823895,149.38049,1324.5919,-105.05032,253.58891,1002.1545,-108.07198,236.28094,791.15979,-8.4870872
1835,18.34,28.04385,1359.733,-189.48972,3.6779647,1083.6417,42.779987,-92.596817,1401.8168,-99.859009,-230.72302,1095.7129,-157.46715,-208.55328,892.27893,-52.89756,149.79152,1324.3954,-104.521,253.82004,1001.9174,-107.73714,236.32642,790.8703,-8.3244915
1836,18.35,28.961496,1360.1017,-189.2596,3.6261747,1083.6753,42.903973,-91.202835,1402.8361,-99.615753,-231.69609,1097.5785,-157.43973,-209.33908,894.29144,-53.160351,150.17935,1324.1807,-103.92747,254.0968,1001.6949,-107.41741,236.3614,790.52277,-8.3182039
1837,18.36,29.773582,1360.4957,-189.05014,3.5187871,1083.7369,43.065254,-89.909615,1404.2019,-99.96521,-232.13161,1099.428,-157.65976,-210.20808,896.2132,-53.347271,150.52701,1323.9869,-103.3076,254.34262,1001.5225,-107.07773,236.39748,790.18945,-8.3290129
1838,18.37,30.687315,1360.8711,-188.87151,3.4235828,1083.8026,43.222279,-88.58226,1405.0564,-99.338165,-232.49416,1101.25,-157.80484,-211.16949,897.97083,-53.527771,150.93723,1323.8125,-102.76956,254.64914,1001.3747,-106.76669,236.47144,789.88611,-8.3848095
1839,18.38,31.537424,1361.1633,-188.64647,3.3158114,1083.8715,43.273102,-87.411469,1405.8135,-100.02988,-232.82733,1102.983,-157.9603,-212.05737,899.59149,-53.741035,151.27905,1323.6279,-102.22753,254.91058,1001.2392,-106.41995,236.52995,789.55762,-8.5705566
1840,18.39,32.323158,1361.4402,-188.46675,3.1553059,1083.9551,43.42075,-86.228287,1407.0798,-99.804993,-232.94354,1104.6559,-158.27377,-212.98572,901.09149,-54.014679,151.64737,1323.5098,-101.72025,255.21053,1001.0766,-106.11993,236.62338,789.21637,-8.790967
1841,18.4,33.148949,1361.7428,-188.25031,2.9942403,1084.0735,43.526356,-85.203087,1407.8904,-99.92189,-233.75511,1106.2295,-158.1541,-213.80994,902.5072,-54.285648,151.97125,1323.2986,-101.25941,255.44551,1000.9001,-105.8728,236.729,788.84949,-9.103879
1842,18.41,33.875942,1361.9292,-188.12932,2.8360612,1084.2056,43.612587,-84.148834,1408.5756,-99.95018,-234.19391,1107.7219,-158.1228,-214.58311,903.77197,-54.552227,152.31531,1323.1173,-100.81808,255.66483,1000.7334,-105.70667,236.86937,788.44305,-9.3760424
1843,18.42,34.602345,1362.1136,-187.94728,2.6424918,1084.3964,43.665649,-82.966003,1408.8257,-97.157173,-234.63231,1109.0621,-158.0056,-215.29439,904.9765,-54.79166,152.66243,1322.9308,-100.41393,255.83342,1000.5137,-105.5386,237.09979,788.00195,-9.7182093
1844,18.43,35.207523,1362.2354,-187.79024,2.430064,1084.5413,43.666435,-82.500298,1409.7495,-99.974915,-235.17656,1110.248,-157.96257,-215.92152,906.13513,-55.049465,153.00246,1322.738,-100.05801,255.97888,1000.2887,-105.42838,237.29738,787.54626,-10.109055
1845,18.44,35.770985,1362.2723,-187.64352,2.1872754,1084.6516,43.744305,-81.435402,1409.8981,-96.974747,-235.6622,1111.2892,-157.97197,-216.56996,907.04993,-55.281731,153.33395,1322.5278,-99.814545,256.09488,1000.0822,-105.37674,237.4754,787.15045,-10.528266
1846,18.45,36.181126,1362.2498,-187.53661,1.9445026,1084.7476,43.835617,-80.856125,1410.2825,-96.902252,-236.1315,1112.25,-158.18932,-217.16542,907.94073,-55.602959,153.59236,1322.3088,-99.616295,256.16321,999.87469,-105.40266,237.67455,786.72003,-11.06553
1847,18.46,36.583008,1362.2532,-187.44865,1.7310969,1084.7966,43.919456,-80.383553,1410.5793,-96.859383,-236.58374,1112.9817,-158.29601,-217.73964,908.55396,-55.881397,153.8335,1322.1017,-99.439659,256.21509,999.66724,-105.49395,237.86816,786.38031,-11.533994
1848,18.47,36.884552,1362.1626,-187.36363,1.5091438,1084.822,44.057159,-80.023506,1410.8092,-96.811394,-236.90936,1113.5259,-158.41145,-218.34018,909.02838,-55.980984,153.98994,1321.8705,-99.277473,256.22244,999.48077,-105.64103,238.04823,786.01825,-12.038113
1849,18.48,37.118118,1362.0649,-187.27292,1.3050771,1084.8387,44.110641,-79.860497,1410.876,-96.861656,-237.01031,1113.7922,-158.34445,-218.96597,909.35114,-55.898582,154.06381,1321.6521,-99.150276,256.22659,999.26874,-105.84362,238.2211,785.66156,-12.505344
1850,18.49,37.248524,1361.915,-187.24469,1.1599422,1084.8569,44.220497,-79.80851,1410.8743,-96.822876,-237.011,1113.8506,-158.3219,-219.60036,909.47467,-55.97794,154.1342,1321.4446,-99.043144,256.21298,999.08362,-106.08421,238.3708,785.34979,-13.012003
1851,18.5,37.307457,1361.7664,-187.13287,0.99272865,1084.7971,44.334507,-79.876274,1410.7378,-96.906082,-237.05919,1113.7223,-158.48093,-220.23766,909.50568,-55.824627,154.18568,1321.264,-98.997269,256.15463,998.91187,-106.33759,238.45715,785.04279,-13.570762
1852,18.51,37.317551,1361.5598,-187.07747,0.85257888,1084.717,44.415604,-80.073196,1410.5089,-97.209709,-237.18164,1113.4923,-158.58014,-220.71704,909.15759,-55.662098,154.21693,1321.0886,-98.9814,256.10062,998.7254,-106.57108,238.52315,784.75049,-14.120821
1853,18.52,37.293495,1361.3854,-187.00499,0.75733978,1084.6232,44.513126,-80.356682,1410.2659,-97.583038,-237.17114,1112.9524,-158.43556,-220.94911,908.60571,-55.538162,154.22795,1320.981,-98.973335,255.98386,998.6394,-106.83018,238.55519,784.52728,-14.654767
1854,18.53,37.171436,1361.2134,-186.922,0.68673199,1084.5146,44.591148,-80.828674,1410.0463,-99.042297,-237.05727,1112.3446,-158.09747,-221.10942,908.05743,-55.308338,154.22771,1320.9213,-98.976631,255.87195,998.57751,-107.11877,238.49384,784.39075,-15.161457
1855,18.54,36.937027,1360.9961,-186.91565,0.61357552,1084.402,44.732162,-81.325775,1409.6855,-98.856293,-236.6945,1111.5699,-157.86023,-221.17366,907.40485,-55.277382,154.14998,1320.918,-99.028709,255.73769,998.60693,-107.34399,238.39049,784.27448,-15.692018
1856,18.55,36.689384,1360.8083,-186.88773,0.60262442,1084.2875,44.795162,-81.946518,1409.281,-99.186058,-236.42734,1110.7581,-157.93231,-221.10059,906.72034,-55.15258,154.04982,1320.9648,-99.078308,255.56796,998.64734,-107.60749,238.25514,784.21771,-16.263994
1857,18.56,36.39724,1360.6089,-186.89728,0.64856666,1084.1841,44.772755,-82.627724,1408.7445,-99.269981,-236.35941,1109.8713,-158.2171,-220.96352,905.85229,-54.99913,153.97243,1321.0411,-99.18824,255.43938,998.74615,-107.85072,238.05128,784.21808,-16.794783
1858,18.57,36.102009,1360.381,-186.90932,0.68847775,1084.0306,44.798073,-83.33992,1408.0613,-99.083099,-236.44388,1108.7477,-158.41725,-220.62663,904.77399,-54.833279,153.95003,1321.1747,-99.331139,255.3075,998.87305,-108.10774,237.78754,784.23187,-17.233164
1859,18.58,35.777687,1360.0492,-186.84006,0.73963422,1083.8833,44.741356,-84.12001,1407.234,-98.825462,-236.51064,1107.4119,-158.42595,-220.19617,903.49744,-54.635666,153.96725,1321.308,-99.495018,255.17439,998.94513,-108.36853,237.47096,784.24463,-17.646013
1860,18.59,35.519547,1359.6863,-186.72403,0.85289097,1083.7532,44.727589,-85.008148,1406.4314,-99.048454,-236.40511,1105.8571,-158.16232,-219.68269,901.90179,-54.308681,154.05956,1321.4288,-99.567825,255.10291,999.06226,-108.61877,237.19949,784.26202,-18.015924
1861,18.6,35.187721,1359.3174,-186.60114,0.99611747,1083.5874,44.747433,-85.996574,1405.3231,-98.374496,-236.17073,1104.0571,-157.6102,-219.11015,900.13123,-54.100029,154.10052,1321.6155,-99.663422,254.96423,999.15979,-108.83868,236.93741,784.38342,-18.359324
1862,18.61,34.834625,1358.918,-186.55606,1.1440692,1083.4427,44.795509,-87.034302,1404.1792,-98.683403,-235.78139,1102.167,-157.09731,-218.43532,898.24396,-53.762817,154.13446,1321.8459,-99.708939,254.83548,999.32135,-109.09531,236.66737,784.57635,-18.635408
1863,18.62,34.44252,1358.5251,-186.5497,1.2960199,1083.2366,44.891876,-88.092957,1402.5447,-99.1698,-235.42238,1100.1779,-156.76161,-217.89331,896.25494,-53.583134,154.10837,1322.1265,-99.853256,254.63376,999.56592,-109.3242,236.41234,784.87128,-18.931433
1864,18.63,33.959328,1358.0199,-186.57697,1.4203161,1083.0031,45.010426,-89.361839,1401.0902,-99.57666,-235.12587,1098.0098,-156.5851,-217.3076,894.1217,-53.089172,154.00632,1322.4513,-100.01929,254.42123,999.90448,-109.54485,236.17587,785.22705,-19.119095
1865,18.64,33.403522,1357.4614,-186.66618,1.6080166,1082.7872,45.069973,-90.827415,1399.5612,-100.22146,-234.82437,1095.4714,-156.58594,-216.86035,891.85779,-52.718498,153.90161,1322.8124,-100.29111,254.19235,1000.3013,-109.71848,235.99902,785.62762,-19.307556
1866,18.65,32.766621,1356.9319,-186.80174,1.7411523,1082.5774,45.254757,-92.436066,1397.8397,-100.69853,-234.51619,1092.6866,-156.83342,-216.40292,889.4953,-52.267864,153.76605,1323.2219,-100.65657,253.91432,1000.7118,-109.81361,235.83694,786.05573,-19.414797
1867,18.66,32.018623,1356.4177,-187.03171,1.9453155,1082.2896,45.392941,-94.218674,1395.9561,-101.09292,-234.16891,1089.6082,-157.21689,-216.08389,887.00232,-51.721619,153.65846,1323.6787,-101.1639,253.64822,1001.1054,-109.87584,235.70613,786.55536,-19.421106
1868,18.67,31.231289,1355.903,-187.2928,2.1883678,1082.0237,45.621498,-96.130112,1393.7996,-101.2646,-233.46097,1086.4163,-158.28238,-215.86549,884.36371,-51.142529,153.59003,1324.1746,-101.80256,253.39571,1001.5779,-109.91467,235.58598,787.08905,-19.327366
1869,18.68,30.440268,1355.381,-187.62282,2.4326172,1081.7771,45.918461,-98.084473,1391.353,-101.09408,-233.51154,1082.7388,-159.22295,-215.74947,881.62524,-50.636147,153.52448,1324.6698,-102.51467,253.04437,1002.0745,-109.98552,235.46579,787.6825,-19.163958
1870,18.69,29.600538,1354.8258,-188.07884,2.718663,1081.5154,46.200138,-100.06126,1388.7489,-101.33216,-233.25829,1078.9413,-160.63718,-215.80743,878.58252,-50.193626,153.48033,1325.2289,-103.42137,252.69276,1002.5234,-110.11125,235.4213,788.29578,-18.894064
1871,18.7,28.670807,1354.224,-188.43446,3.039655,1081.2466,46.457481,-102.13863,1385.9329,-101.49332,-232.62868,1074.8552,-162.40799,-215.92993,875.26605,-49.882412,153.44093,1325.7892,-104.40538,252.40031,1002.9738,-110.30392,235.37762,788.91449,-18.588909
1872,18.71,27.645796,1353.5428,-188.87204,3.3599598,1081.0457,46.736298,-104.31056,1383.0236,-101.62141,-232.24095,1070.3629,-163.75354,-216.25293,871.66376,-49.629181,153.39178,1326.3219,-105.34247,252.12282,1003.4002,-110.57522,235.31929,789.61707,-18.13369
1873,18.72,26.60323,1352.8999,-189.27667,3.8095067,1080.7485,47.083645,-106.72839,1380.0872,-101.6371,-231.82938,1065.7008,-165.15892,-216.62196,867.77618,-49.477169,153.23639,1326.9052,-106.36967,251.8878,1003.7986,-110.92566,235.27133,790.36786,-17.663103
1874,18.73,25.434259,1352.2872,-189.67963,4.3038368,1080.4011,47.551788,-109.23226,1377.0286,-101.83212,-230.99844,1060.8767,-166.72411,-217.24663,863.64148,-49.542084,153.02774,1327.4972,-107.28294,251.70866,1004.1884,-111.30394,235.1973,791.09863,-17.15686
1875,18.74,24.01689,1351.5741,-189.59949,4.8238754,1080.0703,47.951126,-111.62844,1373.7874,-101.76389,-230.2943,1055.9424,-168.00732,-218.0731,859.20502,-49.727112,152.75664,1328.1116,-108.06382,251.56828,1004.6155,-111.73013,235.11826,791.96991,-16.475872
1876,18.75,23.001348,1351.1219,-190.05981,5.3551755,1079.7141,48.320766,-113.98208,1370.2212,-101.08208,-229.54962,1050.8982,-169.06514,-218.94521,854.57227,-50.011021,152.43298,1328.7668,-108.78806,251.38321,1005.1068,-112.23752,234.96278,792.94427,-15.836178
1877,18.76,22.395128,1350.7563,-190.98222,5.9230266,1079.3805,48.673958,-115.81699,1366.743,-102.31643,-228.68388,1045.8993,-169.85553,-219.88301,849.58521,-50.314209,152.11017,1329.4088,-109.4213,251.23656,1005.6588,-112.65894,234.88533,794.06927,-15.147585
1878,18.77,21.612833,1350.1915,-191.35428,6.3868785,1079.0745,48.923061,-117.53627,1362.959,-102.63219,-227.97974,1040.8905,-170.00981,-220.84427,844.31134,-50.733723,151.73796,1330.0839,-109.85614,251.06927,1006.2611,-113.15736,234.74622,795.15643,-14.45967
1879,18.78,20.800463,1349.5621,-191.8401,6.9784222,1078.7233,49.160671,-119.09647,1359.1421,-103.38736,-227.29559,1035.8083,-169.84132,-221.73946,838.77179,-51.263027,151.33157,1330.7274,-110.25699,250.98444,1006.8464,-113.56857,234.5201,796.27039,-13.742999
1880,18.79,19.757635,1348.5944,-191.72011,7.5892677,1078.3857,49.344299,-120.47741,1355.2224,-104.26509,-226.87415,1030.7627,-169.4791,-222.6147,833.00305,-51.746723,150.94087,1331.3018,-110.57598,250.8942,1007.3922,-113.95006,234.37453,797.31268,-12.964351
1881,18.8,19.085255,1347.9717,-192.37701,8.0630322,1078.0575,49.533947,-121.87148,1351.3585,-105.137,-226.67969,1025.7133,-168.78531,-223.48817,827.03223,-52.254467,150.61156,1331.7924,-110.84132,250.82988,1007.8774,-114.28587,234.18578,798.31592,-12.202374
1882,18.81,18.319382,1347.2288,-192.81493,8.4368687,1077.7601,49.707867,-123.30772,1347.6522,-106.30187,-226.61012,1020.7273,-167.61528,-224.25322,820.96765,-52.944824,150.27295,1332.313,-111.11385,250.82788,1008.3304,-114.53327,234.03957,799.2359,-11.483411
1883,18.82,17.624956,1346.5862,-193.49197,8.8701401,1077.5084,49.82642,-124.67567,1344.2,-107.23856,-226.61783,1015.9166,-166.00389,-224.97678,814.93719,-53.774174,149.90515,1332.7554,-111.32953,250.81203,1008.7632,-115.02505,233.929,800.07007,-10.771861
1884,18.83,16.864202,1346.0018,-194.06735,9.2417164,1077.3053,49.935123,-126.04887,1341.0527,-108.09648,-226.77115,1011.2908,-163.85347,-225.62817,809.14056,-54.698612,149.48839,1333.223,-111.58571,250.76332,1008.9958,-114.85117,233.86142,800.91663,-10.01727
1885,18.84,16.107594,1345.4531,-194.58182,9.6350317,1077.1545,49.97998,-127.24423,1338.196,-108.78162,-226.97401,1006.9325,-161.08975,-226.19485,803.70477,-55.641136,149.04208,1333.6614,-111.81307,250.83067,1009.5172,-114.87122,233.72652,801.73157,-9.3843966
1886,18.85,15.291477,1344.9338,-195.12843,10.091495,1077.0249,50.050976,-128.27328,1335.7484,-109.57676,-226.96335,1003.7944,-158.9695,-226.64746,798.94379,-56.590427,148.54604,1334.1942,-111.9895,250.85912,1010.098,-114.79316,233.60341,802.58844,-8.6974564
1887,18.86,14.47109,1344.5262,-195.59848,10.31042,1076.8282,50.440392,-129.15764,1333.7322,-110.33533,-226.80653,1001.3931,-156.79083,-227.03569,794.9693,-57.495384,147.94043,1334.8022,-112.25392,250.88126,1010.7776,-114.58999,233.40462,803.44525,-8.133234
1888,18.87,13.71182,1344.1844,-196.23489,10.587747,1076.7217,50.709381,-129.8228,1332.147,-110.94832,-226.89581,999.41516,-153.82117,-227.5051,791.7771,-58.313892,147.22482,1335.434,-112.53062,250.93388,1011.5929,-114.26533,233.12103,804.50989,-7.484756
1889,18.88,12.974375,1343.9103,-196.81583,10.88949,1076.7229,50.850788,-130.35516,1331.0199,-111.39451,-226.69559,998.50916,-151.35472,-228.06454,789.56885,-59.281448,146.55423,1336.1539,-112.81329,250.95224,1012.6335,-113.81821,232.87889,805.54919,-6.9798884
1890,18.89,12.223693,1343.7241,-197.22678,11.12671,1076.8285,50.908844,-130.74356,1330.3424,-111.58379,-226.49011,998.28723,-149.16899,-228.76259,788.1319,-59.841339,145.79622,1336.8661,-113.21849,251.0047,1013.6839,-113.24886,232.67656,806.68713,-6.4895601
1891,18.9,11.595299,1343.7078,-197.57442,11.351589,1076.9382,50.999249,-131.00667,1329.9973,-111.493,-226.42097,998.43713,-147.19717,-229.64037,787.44379,-60.262337,145.10944,1337.5604,-113.63525,251.03792,1014.7864,-112.75723,232.53117,807.80402,-5.9864354
1892,18.91,10.94431,1343.7687,-197.8961,11.5797,1077.1429,50.953506,-131.1087,1329.9434,-111.20686,-226.33926,998.89014,-145.77916,-230.63463,787.24933,-60.332355,144.52856,1338.1693,-114.15177,251.04616,1015.8374,-112.31625,232.48578,808.79132,-5.4938254
1893,18.92,10.426956,1343.8992,-198.18533,11.723213,1077.3638,50.895485,-131.10736,1330.1162,-110.81901,-226.34117,999.46893,-145.01791,-231.60002,787.53333,-60.240585,144.03877,1338.6837,-114.64262,251.05316,1016.7278,-111.92754,232.52298,809.76251,-4.9549875
1894,18.93,10.000193,1344.0388,-198.32175,11.916955,1077.5807,50.818058,-131.07779,1330.3544,-110.36971,-226.52684,1000.0764,-144.62541,-232.69154,788.00476,-59.80463,143.64323,1339.1127,-115.09842,251.18387,1017.4347,-111.59482,232.5907,810.56732,-4.3575225
1895,18.94,9.6526346,1344.1959,-198.35646,12.022061,1077.8055,50.730877,-130.96814,1330.6345,-109.94539,-226.85619,1000.6736,-144.51694,-233.72064,788.57886,-59.170372,143.39371,1339.3879,-115.53934,251.30147,1017.9122,-111.41323,232.84663,811.17773,-3.7411563
1896,18.95,9.4350471,1344.3541,-198.48636,12.121329,1078.0289,50.52177,-130.87549,1330.9204,-109.64894,-227.37431,1001.2133,-144.68617,-234.62798,789.18048,-58.505787,143.23128,1339.5288,-115.90063,251.4222,1018.2039,-111.33383,233.1102,811.6936,-3.0863965
1897,18.96,9.2722301,1344.3828,-198.36455,12.222412,1078.1866,50.279621,-130.80875,1331.1581,-109.44124,-228.02763,1001.606,-144.80516,-235.55673,789.69635,-57.729164,143.21336,1339.5729,-116.2108,251.55687,1018.235,-111.35883,233.54938,812.07288,-2.4193041
1898,18.97,9.183733,1344.4073,-198.35751,12.287249,1078.2689,50.096714,-130.75273,1331.298,-109.26182,-228.86801,1001.7674,-144.84132,-236.28146,790.13861,-56.945255,143.28908,1339.4939,-116.43641,251.72903,1018.0888,-111.49806,234.02818,812.34546,-1.7579799
1899,18.98,9.1784058,1344.3456,-198.33678,12.394814,1078.2914,49.99548,-130.72392,1331.3438,-109.19871,-229.89914,1001.8343,-144.77245,-237.07419,790.46613,-55.974415,143.40205,1339.3342,-116.62727,251.91325,1017.7963,-111.72829,234.52364,812.45074,-1.135058
1900,18.99,9.2579384,1344.2556,-198.31503,12.413187,1078.214,49.912029,-130.71202,1331.3214,-109.25662,-230.83459,1001.7315,-144.53108,-237.87556,790.66547,-55.0252,143.52727,1339.1212,-116.65482,252.08357,1017.4358,-111.93156,235.03004,812.58521,-0.47087926
1901,19.0,9.3563871,1344.1501,-198.40616,12.464044,1078.0433,49.844433,-130.71567,1331.2148,-109.34998,-231.6638,1001.5099,-144.23703,-238.75609,790.77478,-54.273346,143.67316,1338.92,-116.621,252.30682,1017.0123,-112.15241,235.54034,812.59613,0.093060352
1902,19.01,9.4964399,1344.0226,-198.4541,12.50968,1077.8551,49.75116,-130.71967,1331.0614,-109.55813,-232.35274,1001.3115,-143.99525,-239.71802,790.8288,-53.657642,143.84213,1338.7587,-116.48356,252.51764,1016.6532,-112.32499,235.89038,812.6131,0.53639376
1903,19.02,9.6498585,1343.9392,-198.57439,12.515051,1077.6973,49.70467,-130.69658,1330.8848,-109.8265,-232.97017,1001.1169,-143.69124,-240.74449,790.81744,-52.825237,143.95547,1338.6815,-116.34156,252.69669,1016.4193,-112.35287,236.17375,812.71143,0.92475104
1904,19.03,9.8257265,1343.8551,-198.63171,12.525127,1077.5325,49.588417,-130.65643,1330.7285,-110.09924,-233.42986,1000.9868,-143.44609,-241.79744,790.87817,-52.18721,144.04311,1338.744,-116.08297,252.83879,1016.3846,-112.36735,236.28439,812.88251,1.1758801
1905,19.04,9.9805231,1343.8834,-198.84404,12.559768,1077.3793,49.494583,-130.63919,1330.6255,-110.37299,-233.77309,1000.8646,-143.15678,-242.89549,790.96564,-51.626007,144.09138,1338.9432,-115.85922,252.9673,1016.6213,-112.19704,236.25992,813.237,1.4033424
1906,19.05,10.08079,1343.9111,-198.92833,12.576757,1077.2953,49.366306,-130.58034,1330.5986,-110.66418,-234.03996,1000.836,-142.93896,-243.97145,791.16632,-51.09304,144.07237,1339.3104,-115.70861,253.07652,1017.1293,-111.95213,236.0719,813.69684,1.4099852
1907,19.06,10.159994,1344.0261,-199.10345,12.584333,1077.2775,49.301716,-130.5372,1330.6058,-110.8832,-234.27132,1000.9209,-142.80359,-245.03589,791.49548,-50.632938,143.95682,1339.8311,-115.5887,253.22008,1017.8807,-111.60699,235.76926,814.45038,1.4358069
1908,19.07,10.131064,1344.2065,-199.15526,12.633977,1077.3462,49.084511,-130.47784,1330.7046,-110.96205,-234.47939,1001.0705,-142.61475,-245.97302,791.90875,-50.118435,143.79921,1340.5734,-115.51376,253.38879,1018.9081,-111.19243,235.36928,815.24255,1.3437178
1909,19.08,10.087558,1344.4462,-199.09619,12.609311,1077.4541,49.002411,-130.38121,1330.8521,-110.97749,-234.64641,1001.3276,-142.52469,-246.76262,792.375,-49.72015,143.57545,1341.5879,-115.59023,253.56834,1020.1496,-110.71249,234.83057,816.27325,1.1871331
1910,19.09,10.069173,1344.8562,-199.14944,12.715364,1077.6731,48.824047,-130.26134,1331.101,-110.98583,-234.81685,1001.7305,-142.37199,-247.46863,792.92224,-49.219139,143.33473,1342.8112,-115.65862,253.72496,1021.7494,-110.35535,234.20779,817.61975,1.0009973
1911,19.1,9.9479485,1345.3232,-199.19788,12.839834,1077.9176,48.674717,-130.07916,1331.4531,-110.94109,-234.9834,1002.259,-142.16226,-248.00046,793.57098,-48.793163,142.98788,1344.3932,-115.80318,253.86235,1023.7036,-109.94446,233.52454,819.41809,0.77217102
1912,19.11,9.7526979,1345.7701,-199.09944,13.000948,1078.1632,48.525375,-129.83727,1331.8472,-110.87156,-235.14014,1002.9628,-142.02325,-248.45653,794.34625,-48.483707,142.51424,1346.2206,-116.06322,253.94418,1026.1398,-109.56465,232.90422,821.61926,0.47864014
1913,19.12,9.4535875,1346.2882,-199.10907,13.148519,1078.441,48.346001,-129.54318,1332.2979,-110.66528,-235.30556,1003.706,-141.73752,-248.80724,795.10315,-48.137028,141.77867,1348.4253,-116.39449,253.92574,1029.0078,-109.30646,232.2634,824.33594,0.073783562
1914,19.13,9.0442886,1346.7992,-199.02362,13.351649,1078.6954,48.178078,-129.25259,1332.7474,-110.38487,-235.43553,1004.5494,-141.52345,-249.08974,795.91791,-47.832649,140.87888,1351.0065,-116.78599,253.76752,1032.2891,-109.17077,231.59256,827.5083,-0.36796629
1915,19.14,8.4387217,1347.4098,-199.0808,13.566142,1078.9814,48.187435,-128.97826,1333.2147,-110.19745,-235.64209,1005.3613,-141.21283,-249.33556,796.72003,-47.635731,139.79106,1353.9404,-117.21809,253.52325,1035.9221,-109.28167,230.81717,831.04419,-0.94695902
1916,19.15,7.7952504,1348.1017,-199.08553,13.798997,1079.3342,48.169445,-128.7041,1333.6364,-109.87109,-235.85037,1006.0754,-140.83597,-249.52213,797.51709,-47.294483,138.59273,1357.1844,-117.65317,253.24443,1039.8385,-109.55034,229.88931,834.95422,-1.5832881
1917,19.16,6.9439454,1348.8268,-198.99319,14.109289,1079.7349,48.235012,-128.487,1334.0289,-109.52367,-236.00082,1006.8403,-140.55493,-249.72141,798.19513,-47.025883,137.17482,1360.5842,-117.96586,252.93672,1044.0477,-109.92191,228.79709,839.14801,-2.2461104
1918,19.17,5.9716563,1349.6591,-198.90346,14.541607,1080.2673,48.299389,-128.32286,1334.3833,-109.12979,-236.13948,1007.6099,-140.2533,-249.85352,798.89221,-46.85014,135.56035,1364.1171,-118.20368,252.60782,1048.4104,-110.43818,227.62845,843.60425,-2.8894639
1919,19.18,4.8445716,1350.6448,-198.86086,15.055394,1080.8596,48.3568,-128.24161,1334.6976,-108.69897,-236.30341,1008.3173,-139.81438,-250.04718,799.52924,-46.818356,133.75636,1367.6815,-118.4057,252.22015,1052.8837,-111.08823,226.42621,848.22992,-3.5635555
1920,19.19,3.5896814,1351.6465,-198.62291,15.584557,1081.3823,48.343224,-128.24329,1334.9095,-108.18806,-236.43155,1008.9236,-139.4417,-250.25809,800.03424,-46.723274,131.72426,1371.4022,-118.4857,251.81493,1057.5105,-111.82832,225.21864,852.93707,-4.3155198
1921,19.2,2.3662066,1352.7648,-198.34821,16.232481,1081.955,48.265068,-128.27631,1335.0809,-107.59645,-236.58763,1009.4387,-139.07872,-250.56964,800.47522,-46.705151,129.64433,1375.1451,-118.51001,251.4413,1062.2534,-112.61428,224.09572,857.73621,-5.1231546
1922,19.21,0.9582302,1353.8954,-198.2337,16.769619,1082.5028,48.095978,-128.34895,1335.2239,-107.04263,-236.76437,1009.9039,-138.72621,-250.85664,800.78589,-46.739677,127.29176,1378.9561,-118.52632,251.03215,1067.0468,-113.1796,222.94827,862.57025,-5.993475
1923,19.22,-0.47650138,1355.1082,-198.00978,17.250284,1083.0138,48.021267,-128.45078,1335.252,-106.29531,-236.90694,1010.3259,-138.46133,-251.22226,801.00354,-46.822395,124.79116,1382.6473,-118.41286,250.55653,1071.8546,-113.45644,221.90746,867.34863,-6.7854171
1924,19.23,-1.9386271,1356.2233,-197.73357,17.813568,1083.6569,47.793972,-128.62219,1335.2347,-105.69024,-237.05115,1010.564,-138.09592,-251.56593,801.15625,-46.942333,122.24944,1386.2583,-118.2216,249.89525,1076.6945,-113.64648,220.99506,871.98285,-7.6291771
1925,19.24,-3.3190877,1357.3832,-197.53061,18.313084,1084.2773,47.694447,-128.84985,1335.1161,-104.86047,-237.1398,1010.7742,-137.89185,-251.89859,801.20319,-47.133976,119.74251,1389.6062,-118.01138,249.15645,1081.3923,-114.03589,220.16551,876.44989,-8.4760437
1926,19.25,-4.6520724,1358.4194,-197.17036,18.790581,1084.8777,47.397152,-129.06299,1334.9404,-104.04887,-237.2327,1010.8975,-137.62961,-252.25389,801.15912,-47.380455,117.23494,1392.7374,-117.78607,248.55667,1085.8119,-114.51985,219.43202,880.69391,-9.2341766
1927,19.26,-5.8232999,1359.5052,-196.94731,19.249214,1085.4282,47.096008,-129.27701,1334.7623,-103.53554,-237.34581,1010.9408,-137.48242,-252.58777,801.0097,-47.609734,114.80013,1395.5789,-117.48631,248.2507,1089.8417,-115.00083,218.95895,884.53424,-9.8571177
1928,19.27,-6.9231868,1360.356,-196.58722,19.611851,1085.8612,46.86837,-129.49774,1334.5156,-102.84991,-237.48418,1010.8683,-137.28287,-252.85649,800.75824,-47.919659,112.52716,1398.1573,-117.15717,248.35194,1093.4648,-115.402,218.56447,888.06476,-10.360475
1929,19.28,-7.9388666,1361.1927,-196.3813,19.888821,1086.2905,46.56741,-129.81152,1334.2224,-102.2485,-237.63657,1010.6851,-137.08112,-253.10591,800.44531,-48.231445,110.36071,1400.4618,-116.83072,248.72534,1096.6985,-115.68193,218.16869,891.33899,-10.773313
1930,19.29,-8.8926497,1361.8497,-196.00594,20.099026,1086.6809,46.24078,-130.18665,1333.9246,-101.70673,-237.80084,1010.4512,-136.96002,-253.20462,800.08533,-48.566719,108.3764,1402.4761,-116.31996,249.25815,1099.5586,-115.74406,217.63782,894.33118,-11.133876
1931,19.3,-9.7631474,1362.4304,-195.78111,20.251152,1086.9353,45.944778,-130.61304,1333.6313,-101.20882,-238.01128,1010.1182,-136.76678,-253.28555,799.63544,-48.832481,106.53105,1404.2664,-115.75677,250.00838,1102.2059,-116.04327,217.11133,897.24463,-11.524338
1932,19.31,-10.549616,1362.9502,-195.46758,20.262909,1087.1215,45.63858,-130.96358,1333.3003,-100.67229,-238.16924,1009.8043,-136.76053,-253.28296,799.13409,-49.210999,104.71107,1405.9049,-115.28323,250.84024,1104.759,-116.48692,216.65388,899.95636,-11.913158
1933,19.32,-11.303702,1363.4711,-195.2097,20.278633,1087.2014,45.298378,-131.31528,1332.9944,-100.15549,-238.33388,1009.4592,-136.78448,-253.15001,798.67432,-49.696232,102.7538,1407.3861,-115.15033,251.54939,1107.1343,-117.01144,216.44156,902.56995,-12.330008
1934,19.33,-12.053086,1364.0015,-195.10556,20.29701,1087.2194,44.953602,-131.61047,1332.7156,-99.720901,-238.45193,1009.1268,-136.86731,-252.99495,798.1167,-50.284138,101.16808,1408.6986,-114.76149,252.41692,1109.3785,-117.27953,216.41792,904.96295,-12.698312
1935,19.34,-12.805769,1364.4342,-195.04265,20.295475,1087.2278,44.634827,-131.90976,1332.3804,-99.168686,-238.61977,1008.7968,-136.89619,-252.83551,797.56049,-50.794891,99.604591,1409.8632,-114.52624,253.01311,1111.4137,-117.59533,216.61827,907.10083,-13.129708
1936,19.35,-13.570335,1364.8582,-195.03015,20.303446,1087.2854,44.34409,-132.18057,1332.0641,-98.594505,-238.74597,1008.41,-136.87033,-252.60788,796.96436,-51.244915,98.179802,1410.8572,-114.31316,253.42397,1113.281,-117.94301,216.97473,909.12085,-13.395886
1937,19.36,-14.28682,1365.2316,-195.00958,20.347521,1087.2838,44.13364,-132.4789,1331.762,-98.184731,-238.85155,1008.0182,-136.78833,-252.27388,796.34296,-51.777672,96.913498,1411.8118,-114.21747,253.66574,1115.0002,-118.31165,217.4991,910.74445,-13.74044
1938,19.37,-15.003826,1365.5642,-194.99109,20.455349,1087.3501,43.997787,-132.78287,1331.4963,-97.645485,-238.88159,1007.6531,-136.62944,-251.89378,795.69305,-52.480621,95.776184,1412.6287,-114.11044,253.83549,1116.5009,-118.70773,218.18172,912.23694,-13.985078
1939,19.38,-15.734682,1365.816,-194.95302,20.572901,1087.3949,43.899666,-133.09674,1331.152,-97.1036,-238.87877,1007.334,-136.48427,-251.51074,795.05682,-53.332775,94.753738,1413.3751,-114.03159,253.99062,1117.9111,-119.20037,218.90526,913.45795,-14.339974
1940,19.39,-16.382591,1366.0957,-194.95544,20.694929,1087.4978,43.871059,-133.33559,1330.8506,-96.541588,-238.80971,1007.017,-136.23889,-251.13904,794.38354,-53.972801,93.849655,1414.0691,-114.01331,254.10571,1119.0344,-119.55939,219.62697,914.52673,-14.633844
1941,19.4,-17.021894,1366.3801,-194.98868,20.843616,1087.6001,43.760277,-133.59558,1330.5842,-96.084602,-238.68619,1006.7698,-136.11197,-250.75563,793.75671,-54.579811,92.969597,1414.7103,-114.07435,254.15584,1120.0951,-119.80627,220.25258,915.4162,-14.97776
1942,19.41,-17.646854,1366.6013,-194.98143,21.027128,1087.7438,43.646801,-133.82268,1330.2998,-95.534805,-238.54581,1006.5192,-135.93881,-250.31361,793.16479,-55.263153,92.271599,1415.2411,-114.14529,254.12669,1121.0159,-119.90222,220.82697,916.17523,-15.336998
1943,19.42,-18.172926,1366.7578,-195.00018,21.124546,1087.8547,43.492336,-134.04144,1330.0918,-95.191338,-238.41661,1006.2303,-135.63087,-249.78552,792.604,-55.980534,91.613091,1415.6946,-114.27788,254.00803,1121.8365,-119.96504,221.33115,916.69196,-15.7991
1944,19.43,-18.69208,1366.8595,-194.91142,21.264009,1088.0264,43.292088,-134.25883,1329.8662,-94.778038,-238.30484,1005.9552,-135.45145,-249.32367,792.04883,-56.706406,91.157913,1416.1199,-114.44337,253.84631,1122.4778,-120.08009,221.81653,917.19843,-16.156622
1945,19.44,-19.156723,1366.9419,-194.89764,21.438658,1088.1239,43.117832,-134.43161,1329.6091,-94.212662,-238.12326,1005.7206,-135.18933,-248.73924,791.45471,-57.397282,90.762489,1416.4208,-114.59299,253.74884,1123.0187,-120.28192,222.28654,917.53491,-16.522978
1946,19.45,-19.539804,1367.0366,-194.91051,21.545385,1088.24,42.976761,-134.5598,1329.4141,-93.740746,-237.93231,1005.5005,-135.06805,-248.17865,790.97052,-57.846813,90.425217,1416.6783,-114.76111,253.66917,1123.4261,-120.57748,222.67191,917.73743,-16.981174
1947,19.46,-19.976557,1366.8888,-194.59444,21.643829,1088.2998,42.781265,-134.69791,1329.2401,-93.270142,-237.71072,1005.3063,-134.97438,-247.65192,790.49756,-58.401806,90.165108,1416.8225,-114.91739,253.62515,1123.7045,-120.7713,222.89703,917.81567,-17.445278
1948,19.47,-20.355875,1367.1246,-194.93138,21.690702,1088.319,42.701897,-134.8438,1329.1084,-92.996162,-237.49283,1005.0972,-134.94714,-247.07683,790.11005,-58.913189,89.965759,1416.9323,-115.0302,253.54347,1123.8629,-120.8765,223.0992,917.70227,-17.918531
1949,19.48,-20.738945,1367.1527,-194.93443,21.730856,1088.3387,42.55587,-134.99991,1328.9972,-92.739517,-237.37439,1004.9447,-134.97253,-246.57707,789.73193,-59.33231,89.835068,1417.026,-115.19651,253.27113,1123.8627,-120.98199,223.19896,917.4917,-18.437401
1950,19.49,-20.996826,1367.1547,-194.96968,21.747143,1088.3226,42.490032,-135.13202,1328.861,-92.54541,-237.09349,1004.7351,-134.95403,-245.99385,789.37097,-59.718525,89.78083,1416.9698,-115.42654,252.83563,1123.7813,-121.15769,223.38379,917.13727,-18.944126
1951,19.5,-21.217522,1367.0859,-194.98756,21.785528,1088.2972,42.392994,-135.29391,1328.761,-92.424767,-236.90918,1004.5586,-134.91711,-245.45547,789.06445,-60.015705,89.834602,1416.8727,-115.54787,252.36377,1123.6844,-121.48709,223.60968,916.86847,-19.340618
1952,19.51,-21.354004,1367.0188,-195.01253,21.779541,1088.2323,42.362823,-135.41899,1328.6339,-92.263748,-236.72298,1004.3129,-134.87526,-244.83766,788.73407,-60.310093,90.006653,1416.7214,-115.76898,251.96513,1123.3525,-121.93997,223.92982,916.41583,-19.767393
1953,19.52,-21.47271,1366.927,-195.05711,21.798328,1088.2075,42.28479,-135.57184,1328.5645,-92.248886,-236.55888,1004.1116,-134.85229,-244.27861,788.46857,-60.418819,90.267944,1416.4916,-115.94177,251.65111,1122.8615,-122.31904,224.26831,915.74567,-20.376261
1954,19.53,-21.535303,1366.8069,-195.14981,21.751453,1088.1475,42.177952,-135.73409,1328.5031,-92.253845,-236.44872,1003.9274,-134.90059,-243.70551,788.2547,-60.530586,90.541527,1416.2355,-116.13651,251.39771,1122.3085,-122.65845,224.49545,915.04889,-21.050161
1955,19.54,-21.571177,1366.6669,-195.19083,21.693953,1088.0723,42.068222,-135.91888,1328.4991,-92.369865,-236.3116,1003.7495,-135.04353,-243.15167,788.08148,-60.681377,90.777931,1415.9406,-116.37859,251.14807,1121.7018,-122.89393,224.70238,914.28296,-21.667986
1956,19.55,-21.626873,1366.5419,-195.33806,21.603001,1088.0084,42.012268,-136.07079,1328.5042,-92.569176,-236.10378,1003.6471,-135.26253,-242.56386,787.97711,-60.731407,91.062592,1415.6178,-116.65772,250.60809,1121.0771,-123.43677,224.82248,913.57599,-22.110361
1957,19.56,-21.581341,1366.4253,-195.46893,21.555305,1087.9283,41.962986,-136.20117,1328.5735,-92.830185,-235.91414,1003.5846,-135.46761,-242.0573,787.94769,-60.83215,91.329941,1415.3088,-116.91727,250.25046,1120.5715,-123.81144,224.92656,912.82544,-22.757648
1958,19.57,-21.526695,1366.291,-195.62949,21.446785,1087.8889,41.858204,-136.34653,1328.6646,-93.121727,-235.68828,1003.5294,-135.67586,-241.5271,787.95917,-60.853004,91.668922,1415.0017,-117.17088,250.03362,1120.0814,-124.12453,225.09772,912.13702,-23.324766
1959,19.58,-21.424147,1366.1519,-195.76459,21.394928,1087.8689,41.811069,-136.44449,1328.762,-93.385475,-235.44011,1003.46,-135.92857,-241.0473,787.92328,-60.94334,92.034554,1414.6707,-117.39427,249.74338,1119.4913,-124.36456,225.24759,911.35028,-23.970963
1960,19.59,-21.333467,1366.025,-195.92097,21.320351,1087.8339,41.779278,-136.54128,1328.8384,-93.635704,-235.23474,1003.3497,-136.07895,-240.60123,787.91589,-61.135132,92.435341,1414.3253,-117.64723,249.37151,1118.8441,-124.6385,225.33273,910.47467,-24.532969
1961,19.6,-21.306608,1365.8712,-196.03557,21.224707,1087.7974,41.752872,-136.64384,1328.9224,-93.84182,-235.02115,1003.298,-136.31052,-240.18935,787.92303,-61.232925,92.758377,1413.8746,-117.98246,249.10646,1118.153,-124.62178,225.35742,909.51782,-25.120998
1962,19.61,-21.290314,1365.702,-196.26514,21.121794,1087.7576,41.666954,-136.74052,1329.024,-94.092705,-234.77731,1003.2587,-136.57436,-239.79282,787.89819,-61.227081,93.14196,1413.4946,-118.24232,248.95993,1117.5201,-124.48306,225.30313,908.55823,-25.666296
1963,19.62,-21.274652,1365.4922,-196.33783,21.086634,1087.718,41.571854,-136.83243,1329.0945,-94.315437,-234.55977,1003.2501,-136.8356,-239.33263,787.93597,-61.334461,93.53463,1413.0745,-118.54453,248.65913,1116.8182,-124.47433,225.2072,907.54468,-26.248087
1964,19.63,-21.206564,1365.2684,-196.45978,21.023664,1087.6714,41.573719,-136.95079,1329.2003,-94.599182,-234.37015,1003.2611,-137.09346,-238.901,787.99133,-61.462639,93.951729,1412.5321,-118.88649,248.44652,1116.1165,-124.42374,225.14386,906.48468,-26.73175
1965,19.64,-21.139856,1364.988,-196.60802,20.936781,1087.5631,41.587967,-136.99893,1329.2533,-94.846283,-234.17249,1003.3083,-137.27103,-238.495,788.12219,-61.549824,94.419083,1411.9373,-119.2491,248.31425,1115.2952,-124.32735,225.04828,905.44189,-27.130262
1966,19.65,-20.99567,1364.7281,-196.68616,20.879019,1087.4542,41.55402,-137.10239,1329.3652,-95.180611,-233.98668,1003.3826,-137.56709,-238.09375,788.18726,-61.669979,95.023834,1411.2939,-119.57765,248.11134,1114.293,-124.40623,225.05296,904.25287,-27.437569
1967,19.66,-20.78158,1364.4183,-196.7345,20.824762,1087.3352,41.563316,-137.25098,1329.4662,-95.490448,-233.7885,1003.4116,-137.80626,-237.75894,788.24298,-61.676624,95.856171,1410.5294,-119.83474,247.94315,1113.1842,-124.4911,225.03438,903.06085,-27.584188
1968,19.67,-20.596048,1364.0575,-196.80844,20.726606,1087.1724,41.587566,-137.43394,1329.5759,-95.810455,-233.71632,1003.3839,-138.08154,-237.37657,788.30188,-61.689159,96.795219,1409.6444,-120.08154,247.93465,1111.8291,-124.70389,225.09465,901.73236,-27.687374
1969,19.68,-20.398151,1363.6798,-196.78513,20.641239,1086.9709,41.586357,-137.65421,1329.6921,-96.156532,-233.49408,1003.3194,-138.4706,-237.00136,788.36255,-61.687046,97.955299,1408.4996,-120.36343,247.8727,1110.2495,-125.1328,225.2373,900.27509,-27.646872
1970,19.69,-20.207958,1363.1813,-196.6893,20.552303,1086.7925,41.528477,-137.95595,1329.7946,-96.475121,-233.3114,1003.2461,-138.86659,-236.60815,788.40302,-61.716297,99.293045,1407.1061,-120.70691,247.96057,1108.3417,-125.71291,225.46938,898.60156,-27.471041
1971,19.7,-19.998962,1362.6989,-196.65379,20.44096,1086.579,41.491222,-138.28564,1329.9237,-96.895874,-233.16101,1003.1047,-139.21785,-236.25529,788.43823,-61.668312,100.75703,1405.4604,-121.02233,248.17299,1106.0205,-126.42263,225.70099,896.6969,-27.162022
1972,19.71,-19.737112,1362.1984,-196.76787,20.326963,1086.3561,41.518364,-138.71864,1330.0502,-97.463203,-232.96082,1002.9772,-139.6113,-235.8891,788.46863,-61.634365,102.53558,1403.4305,-121.27451,248.42188,1103.324,-127.36913,225.91385,894.2218,-26.762714
1973,19.72,-19.408594,1361.6171,-196.82652,20.15777,1086.0269,41.609413,-139.13892,1330.1538,-97.955475,-232.78966,1002.9034,-140.0105,-235.4832,788.54376,-61.550667,104.44167,1401.0745,-121.54524,248.72012,1100.1284,-128.37979,226.36856,891.6413,-26.094393
1974,19.73,-19.011806,1360.9457,-196.88608,19.944065,1085.6637,41.746494,-139.61806,1330.2756,-98.500542,-232.60167,1002.8162,-140.38986,-235.11563,788.65302,-61.392124,106.34572,1398.3175,-121.96444,249.05397,1096.3669,-129.37723,226.9342,888.81042,-25.213352
1975,19.74,-18.501678,1360.1384,-197.05492,19.729021,1085.1887,41.850109,-140.12177,1330.4763,-99.267113,-232.35428,1002.7584,-140.92326,-234.71335,788.78308,-61.265434,108.39444,1395.1191,-122.41293,249.34471,1092.0786,-130.56462,227.67755,885.51575,-24.170574
1976,19.75,-17.899403,1359.3485,-197.34889,19.492006,1084.7245,41.941662,-140.62384,1330.682,-100.08834,-232.17381,1002.655,-141.35489,-234.22127,788.82642,-61.12442,110.61468,1391.537,-122.84197,249.70824,1087.2325,-131.64418,228.32477,881.29956,-23.405935
1977,19.76,-17.162941,1358.4308,-197.69099,19.194386,1084.1141,42.144119,-141.11028,1330.765,-100.77279,-231.99078,1002.4028,-141.7953,-233.72731,788.77692,-60.867638,112.96567,1387.5032,-123.38806,249.97786,1081.8116,-132.97415,229.03168,876.84393,-22.245516
1978,19.77,-16.366507,1357.4188,-197.89926,18.82972,1083.5033,42.19664,-141.54463,1330.7942,-101.41924,-231.92343,1002.0009,-142.14578,-233.09673,788.60535,-60.52166,115.35332,1383.0621,-123.99394,250.24736,1075.8149,-134.12378,229.84647,871.94623,-20.993935
1979,19.78,-15.489705,1356.3555,-198.26762,18.446135,1082.8677,42.195957,-141.90375,1330.7836,-102.05579,-231.98132,1001.4801,-142.34889,-232.45111,788.34827,-60.288891,117.86394,1378.274,-124.6564,250.49803,1069.2632,-135.34578,230.66226,866.64703,-19.665007
1980,19.79,-14.592355,1355.2017,-198.71951,18.022236,1082.3019,42.141178,-142.02373,1330.5627,-102.54113,-231.92879,1000.937,-142.68324,-231.79179,788.00006,-59.964722,120.4725,1373.1769,-125.22036,250.7317,1062.2931,-136.62968,231.50589,860.91187,-18.306713
1981,19.8,-13.671597,1354.0151,-199.33221,17.583014,1081.6923,41.978245,-142.11749,1330.2383,-102.92229,-231.91917,1000.3164,-142.99876,-231.11508,787.52625,-59.560871,123.05603,1367.8018,-125.86285,251.01524,1054.7985,-137.83449,232.27397,854.79297,-16.853443
1982,19.81,-12.761226,1352.7633,-199.88307,17.103674,1081.1084,41.877827,-142.2854,1329.8768,-103.24863,-231.8889,999.51306,-143.15025,-230.48303,786.92358,-59.192207,125.55418,1362.1497,-126.47128,251.25069,1047.064,-139.00377,232.95097,848.37878,-15.474028
1983,19.82,-11.852148,1351.4492,-200.50301,16.671412,1080.4019,41.870735,-142.54056,1329.4386,-103.49113,-231.86534,998.67664,-143.19016,-229.89642,786.10742,-58.908459,127.86551,1356.3478,-127.08566,251.45433,1039.0858,-139.99223,233.60062,841.61249,-14.101515
1984,19.83,-11.002623,1350.1549,-201.03697,16.341202,1079.6973,41.87719,-142.80869,1328.9434,-103.75602,-231.81055,997.84882,-143.31593,-229.28317,785.2149,-58.591614,129.98665,1350.5928,-127.68781,251.71906,1030.9126,-140.79254,233.99319,834.76019,-12.839798
1985,19.84,-10.105469,1348.8523,-201.69638,16.059439,1079.0026,41.949249,-143.02394,1328.4434,-104.13212,-231.80484,996.83508,-143.10136,-228.58618,784.2052,-58.402863,132.03777,1345.1704,-128.28152,251.99312,1022.83,-141.2791,234.21762,827.8457,-11.852203
1986,19.85,-9.172821,1347.6503,-202.37079,15.752081,1078.2958,41.927471,-143.12756,1327.9294,-104.37824,-231.80617,995.86456,-142.81363,-227.8465,783.271,-58.186478,134.10992,1340.2117,-128.88785,252.27338,1015.2438,-141.33676,234.12242,821.08563,-11.042786
1987,19.86,-8.127244,1346.5093,-202.8727,15.542264,1077.6265,41.798267,-142.98128,1327.4956,-104.55124,-231.72319,995.06494,-142.44202,-227.12482,782.44305,-57.958755,135.89444,1336.1123,-129.29506,252.39154,1008.6558,-140.72832,233.77927,814.93542,-10.59282
1988,19.87,-7.084363,1345.6566,-203.44722,15.413404,1077.1205,41.620861,-142.56316,1327.1736,-104.63435,-231.57915,994.57202,-142.12413,-226.46622,781.95184,-57.68858,137.42734,1333.127,-129.6828,252.14798,1003.6901,-139.51753,233.12479,809.60895,-10.704309
1989,19.88,-6.0572901,1345.0549,-204.15401,15.287983,1076.6531,41.441113,-141.89902,1327.116,-104.8795,-231.32019,994.43439,-141.73233,-225.77325,781.75952,-57.429749,138.43504,1331.131,-129.82953,251.28821,1000.6835,-137.86481,232.28651,805.47888,-11.296884
1990,19.89,-5.2591119,1344.7653,-204.86351,15.246572,1076.2957,41.236599,-141.10289,1327.2516,-105.24842,-230.96855,994.72949,-141.36435,-225.10269,781.9043,-57.252323,138.8336,1330.1801,-129.74098,249.78152,999.35443,-135.84816,231.28992,802.56116,-12.475789
1991,19.9,-4.6800561,1344.6368,-205.20227,15.202081,1076.134,41.017757,-140.30643,1327.5391,-105.44866,-230.64987,995.26782,-141.00282,-224.49321,782.31665,-57.033306,138.84137,1329.9316,-129.62448,247.72874,999.45355,-133.74768,230.20216,800.68262,-14.016888
1992,19.91,-4.3573823,1344.8154,-205.48495,15.15892,1076.1372,40.701508,-139.63347,1327.9623,-105.79332,-230.40511,995.93964,-140.66971,-223.83345,782.85181,-56.683777,138.66092,1330.1475,-129.49837,245.43832,1000.4888,-131.81596,229.03685,799.46899,-15.802123
1993,19.92,-4.073092,1345.0968,-205.69765,15.052602,1076.2767,40.437969,-139.13432,1328.3711,-105.96208,-230.18553,996.66516,-140.51062,-223.22365,783.35052,-56.323895,138.41267,1330.6416,-129.33582,243.43274,1001.8667,-130.20961,227.7686,798.67175,-17.609077
1994,19.93,-3.9196951,1345.4478,-205.94054,15.018854,1076.5115,40.195595,-138.79822,1328.6627,-106.14379,-230.05054,997.09338,-140.29404,-222.74524,783.76648,-55.988144,138.08888,1331.2976,-129.15985,241.84901,1003.1283,-128.95506,226.4313,798.07446,-19.402132
1995,19.94,-3.8397553,1345.7103,-206.00975,15.040457,1076.8665,39.932072,-138.62624,1328.8418,-106.29836,-229.99272,997.302,-140.37662,-222.29005,784.01459,-55.723095,137.78648,1332.0387,-128.87875,240.54723,1004.21,-128.29874,225.05959,797.59686,-21.048885
1996,19.95,-3.7553754,1345.9821,-206.15584,14.942767,1077.2273,39.772793,-138.6243,1328.8694,-106.65117,-229.98537,997.23517,-140.57581,-221.93759,784.08893,-55.508652,137.48122,1332.6268,-128.53377,239.56929,1004.9,-128.16029,223.77054,797.02478,-22.606613
1997,19.96,-3.7563114,1346.0911,-206.2805,14.891123,1077.5378,39.777359,-138.8073,1328.7686,-107.03986,-230.03699,996.88885,-140.87064,-221.68095,783.97406,-55.155998,137.25647,1333.0796,-128.11038,238.77119,1005.261,-128.52716,222.68799,796.41284,-23.896893
1998,19.97,-3.6429515,1346.0509,-206.44275,14.818824,1077.8174,39.769344,-139.07458,1328.5664,-107.55904,-229.99507,996.41333,-141.26468,-221.50365,783.70416,-54.968292,137.08662,1333.3215,-127.60034,238.25984,1005.2487,-129.16783,221.74084,795.73096,-24.961508
1999,19.98,-3.481756,1345.8951,-206.54291,14.68894,1077.9353,39.884041,-139.3484,1328.291,-108.21867,-229.90831,995.83661,-141.5887,-221.3672,783.48633,-54.710209,137.0125,1333.3271,-126.98533,238.01877,1004.9153,-129.89685,220.95636,794.99396,-25.920023
2000,19.99,-3.2007105,1345.6407,-206.58685,14.564117,1077.9615,40.044868,-139.58746,1327.9747,-108.83912,-229.69199,995.39496,-141.94548,-221.19443,783.25128,-54.56464,137.06035,1333.1992,-126.39899,238.17357,1004.4263,-130.48592,220.21326,794.45801,-26.757589
2001,20.0,-2.9238641,1345.3519,-206.56065,14.348764,1077.8374,40.13834,-139.71881,1327.7052,-109.44318,-229.46965,994.96942,-142.23012,-221.06842,783.02643,-54.485542,137.18187,1332.9415,-125.89005,238.60381,1004.0294,-130.85774,219.65382,794.10876,-27.51436
2002,20.01,-2.4997895,1345.0913,-206.5661,14.090339,1077.6279,40.29575,-139.76768,1327.5022,-109.85335,-229.26985,994.62109,-142.44617,-220.86375,782.8725,-54.399693,137.39096,1332.6021,-125.49257,239.14398,1003.7084,-131.17221,219.23259,793.84973,-28.189724
2003,20.02,-2.1468813,1344.9052,-206.56889,13.76473,1077.3032,40.446297,-139.75827,1327.4764,-110.28201,-229.01213,994.37933,-142.7189,-220.67378,782.82104,-54.41412,137.65903,1332.2806,-125.11397,239.70404,1003.4218,-131.42561,218.81284,793.66815,-28.766819
2004,20.03,-1.8704562,1344.7416,-206.50832,13.403954,1076.9409,40.636803,-139.74808,1327.5724,-110.5358,-228.72876,994.32056,-142.96837,-220.48416,782.91949,-54.381413,137.89221,1332.0703,-124.86277,240.21884,1003.1513,-131.57866,218.55565,793.53998,-29.250944
2005,20.04,-1.644011,1344.6622,-206.37286,13.021235,1076.6276,40.79108,-139.71553,1327.8639,-110.69111,-228.50117,994.41528,-143.19446,-220.21082,783.17322,-54.447117,138.14603,1331.9982,-124.62251,240.66118,1002.9975,-131.77788,218.45274,793.5329,-29.521223
2006,20.05,-1.4701105,1344.6497,-206.15276,12.670951,1076.3983,40.981552,-139.69136,1328.2928,-110.61819,-228.28348,994.70618,-143.37024,-219.85812,783.67322,-54.543579,138.32513,1332.1285,-124.45084,240.96307,1002.9772,-132.01065,218.52435,793.64581,-29.786558
2007,20.06,-1.368427,1344.8229,-205.89609,12.298518,1076.2753,41.100895,-139.6909,1328.9059,-110.49691,-228.20126,995.27765,-143.51817,-219.48715,784.37482,-54.548595,138.4469,1332.4021,-124.21115,241.13239,1003.1467,-132.30074,218.80827,793.87195,-30.017645
2008,20.07,-1.3042433,1345.0288,-205.54292,11.980903,1076.2502,41.157021,-139.71419,1329.6586,-110.32701,-228.24657,996.10657,-143.51987,-219.13702,785.29968,-54.584682,138.44504,1332.8774,-123.94704,241.24294,1003.6718,-132.63206,219.24039,794.36346,-30.217234
2009,20.08,-1.3031901,1345.4032,-205.28026,11.659783,1076.2946,41.106827,-139.73798,1330.6504,-110.22924,-228.33389,997.25708,-143.48912,-218.73416,786.61633,-54.640038,138.40982,1333.5525,-123.77205,241.28439,1004.4894,-132.94083,219.79324,795.17114,-30.345177
2010,20.09,-1.4284462,1345.791,-204.82678,11.352798,1076.405,40.929806,-139.69427,1331.8196,-109.92381,-228.4339,998.72675,-143.3602,-218.46001,788.18958,-54.743774,138.2868,1334.4816,-123.67233,241.39722,1005.6385,-133.10732,220.39743,796.27649,-30.52356
2011,20.1,-1.5475878,1346.3051,-204.46724,11.118806,1076.5869,40.721554,-139.59412,1333.2322,-109.67144,-228.49773,1000.4984,-143.22697,-218.24521,790.03833,-54.768902,138.18535,1335.6837,-123.5312,241.47859,1007.1782,-133.25272,221.03477,797.76331,-30.669184
2012,20.11,-1.672852,1346.8414,-203.91458,10.936835,1076.8175,40.454731,-139.35771,1334.8864,-109.22249,-228.52094,1002.5294,-143.16273,-218.03601,792.1264,-54.896694,137.95045,1337.105,-123.48432,241.53499,1009.1146,-133.14087,221.69012,799.63379,-30.849489
2013,20.12,-1.8064257,1347.437,-203.38005,10.855256,1077.0718,40.172615,-139.04738,1336.838,-108.94441,-228.5768,1004.9027,-143.07018,-217.76558,794.51154,-54.996738,137.63611,1338.7886,-123.34476,241.60143,1011.4667,-132.97871,222.42047,801.89038,-31.027061
2014,20.13,-1.8760037,1348.2794,-202.9494,10.823249,1077.3252,39.949913,-138.56853,1339.011,-108.40564,-228.67287,1007.6276,-142.88048,-217.30833,797.23822,-54.899826,137.2231,1340.7865,-123.18168,241.65457,1014.1442,-132.74406,223.20076,804.51508,-31.161196
2015,20.14,-1.9239368,1349.2511,-202.39677,10.825892,1077.569,39.745342,-137.85806,1341.4847,-107.87659,-228.65045,1010.6241,-142.70235,-216.8551,800.45074,-55.010807,136.61145,1343.1139,-122.99059,241.68645,1017.2057,-132.36703,223.84805,807.53815,-31.274714
2016,20.15,-1.975511,1350.4413,-201.69075,10.864718,1077.9752,39.531097,-136.92679,1344.2877,-107.31948,-228.57133,1014.0457,-142.53929,-216.45984,804.14001,-55.170116,135.89178,1345.7729,-122.68497,241.67395,1020.6629,-131.93929,224.38216,811.00244,-31.391819
2017,20.16,-1.9857166,1351.8173,-201.07671,10.842862,1078.437,39.351215,-135.71643,1347.3782,-106.44881,-228.41481,1018.0688,-142.77248,-216.22745,808.37451,-55.274441,134.95032,1348.8732,-122.2049,241.58704,1024.5602,-131.53604,224.70387,815.08636,-31.548786
2018,20.17,-1.8827901,1353.2805,-200.56148,10.860774,1078.8995,39.316879,-134.26349,1350.7556,-105.57636,-228.19711,1022.5321,-143.40364,-215.98976,812.96899,-55.444851,133.71309,1352.373,-121.72853,241.2326,1029.15,-131.298,224.85187,819.66046,-31.7339
2019,20.18,-1.7019289,1354.8416,-200.07796,10.901073,1079.3923,39.343277,-132.53543,1354.3877,-104.82566,-228.10535,1027.3673,-144.29002,-215.78671,817.96979,-55.773975,132.23621,1356.2849,-121.24058,240.70712,1034.2528,-131.24432,224.82054,824.73505,-32.040096
2020,20.19,-1.5372038,1356.3926,-199.60194,10.938253,1080.0078,39.324467,-130.65303,1358.3862,-104.48351,-227.87836,1032.3962,-145.15392,-215.35875,823.16711,-56.061993,130.49553,1360.4554,-120.80463,240.06857,1039.7252,-131.48827,224.59929,830.14227,-32.376831
2021,20.2,-1.3647125,1358.161,-199.33412,11.02632,1080.8029,39.358376,-128.61931,1362.6318,-103.95882,-227.81279,1037.551,-145.54689,-214.80836,828.52344,-56.482452,128.48933,1364.912,-120.26221,239.44894,1045.3828,-131.80934,224.27469,835.7804,-32.697121
2022,20.21,-1.129963,1360.2081,-199.1667,11.104914,1081.8329,39.459732,-126.35686,1367.0814,-103.53509,-227.83862,1043.0651,-145.5696,-214.10971,834.22974,-57.13298,126.27494,1369.5698,-119.50082,238.75496,1051.1245,-132.18553,223.7113,841.6394,-33.029957
2023,20.22,-0.85062683,1362.3972,-199.46104,11.268041,1083.0347,39.668186,-123.7578,1371.6316,-103.02319,-227.36496,1049.2185,-145.93201,-213.40402,840.26141,-57.976303,123.78253,1374.3994,-118.75103,237.94037,1057.2007,-132.64336,223.09058,847.69617,-33.507572
2024,20.23,-0.42229289,1364.4114,-200.95898,11.403904,1084.3503,39.767227,-120.94103,1376.2433,-102.5211,-226.84833,1055.8158,-146.4321,-212.72478,846.52643,-58.941856,121.0349,1379.2217,-117.93473,236.80904,1063.5026,-133.14664,222.49203,853.89075,-34.174873
2025,20.24,0.10014371,1366.433,-203.21725,11.581222,1085.7799,39.954891,-117.9625,1380.7059,-101.29327,-226.85591,1062.3119,-146.71684,-212.15379,852.64905,-59.823566,118.03493,1384.0305,-117.08334,235.49619,1069.8745,-133.7085,221.92395,860.16437,-34.936298
2026,20.25,0.63749278,1369.0887,-204.97574,11.921519,1087.145,40.251133,-114.7131,1385.2389,-100.89275,-226.43974,1068.6378,-147.42166,-211.47786,858.57489,-60.740524,114.84442,1388.7062,-116.34435,234.20737,1076.2767,-134.12695,221.52171,866.22943,-35.813133
2027,20.26,0.70509416,1371.5696,-205.59317,12.154516,1088.4535,40.633068,-111.18584,1389.4561,-101.63007,-227.09639,1074.6021,-147.57355,-210.75148,864.19495,-61.569424,111.6592,1393.1497,-115.61221,233.12291,1082.4619,-134.27103,221.14409,871.96448,-36.767094
2028,20.27,0.43714654,1373.5963,-205.87503,12.380416,1089.7091,40.810558,-107.90788,1393.1354,-101.39132,-227.81229,1080.2552,-147.69737,-209.93091,869.51331,-62.416019,108.41476,1397.2706,-114.84421,232.34195,1088.3044,-133.96718,220.86714,877.18976,-37.741383
2029,20.28,0.09058179,1375.5369,-206.15872,12.655613,1090.8651,40.873299,-105.00372,1396.5055,-101.446,-228.31525,1085.4393,-147.79613,-209.12379,874.46674,-63.135185,105.38018,1401.0057,-114.20238,231.94537,1093.7662,-133.30692,220.61716,881.86926,-38.664242
2030,20.29,-0.11970738,1377.5131,-206.20882,12.827013,1091.9036,40.690186,-102.30466,1399.5474,-101.24408,-229.86998,1090.0485,-147.33627,-208.60812,878.84662,-63.830704,102.70236,1404.2361,-113.53835,231.96404,1098.7441,-132.44794,220.36537,886.09125,-39.551689
2031,20.3,-0.19286484,1379.3173,-206.1064,13.041615,1092.7971,40.409512,-99.769669,1402.1322,-98.727249,-231.35907,1094.2472,-147.31323,-208.3992,882.76917,-64.273399,100.54277,1406.9354,-112.67255,232.46974,1103.2152,-131.51903,220.35199,889.65802,-40.472515
2032,20.31,-0.057772484,1380.7738,-205.92276,13.222867,1093.4423,40.144112,-97.796059,1404.2389,-98.207932,-233.01033,1097.7994,-147.17297,-208.68517,886.04224,-64.439018,98.849319,1409.0975,-111.8137,233.39346,1106.9663,-130.62183,220.59793,892.65546,-41.330261
2033,20.32,0.20767048,1382.0663,-205.68581,13.272945,1093.9298,40.036633,-96.219841,1405.943,-97.81916,-234.6949,1100.6115,-146.74478,-209.43086,888.88257,-64.6222,97.673828,1410.749,-110.89938,234.69131,1109.9688,-129.6035,221.18184,894.93689,-42.305073
2034,20.33,0.49250031,1382.9913,-205.50172,13.241113,1094.1639,39.820534,-94.924614,1407.2839,-97.404869,-236.21133,1102.9243,-146.42859,-210.62273,891.15955,-64.488327,96.857841,1411.9536,-110.00758,236.17398,1112.2509,-128.75331,222.26961,896.58978,-43.099823
2035,20.34,0.88187194,1383.6495,-205.33777,13.189553,1094.2068,39.583561,-93.846924,1408.2864,-97.177704,-237.52827,1104.7875,-146.15254,-212.32674,893.14117,-64.224121,96.408211,1412.7875,-109.19459,237.62791,1113.8499,-128.07779,223.95634,897.72504,-43.766693
2036,20.35,1.402374,1384.0494,-205.13869,13.0228,1094.0677,39.336739,-92.940544,1409.092,-97.036926,-238.53726,1106.3248,-145.97226,-214.52994,894.66718,-63.604401,96.183708,1413.2625,-108.56644,239.02647,1114.953,-127.58341,226.22816,898.40692,-44.287651
2037,20.36,1.9423318,1384.1932,-204.94887,12.820372,1093.7684,39.191826,-92.190529,1409.6584,-97.027649,-239.39154,1107.4855,-145.7606,-217.04836,895.99738,-62.871128,96.083069,1413.4012,-107.94797,240.19574,1115.661,-127.2403,229.03964,898.79407,-44.718903
2038,20.37,2.3716798,1384.1881,-204.86572,12.623686,1093.4143,39.205261,-91.499474,1410.0719,-96.982399,-239.9826,1108.4878,-145.63893,-219.70288,897.1897,-62.129578,96.096596,1413.3291,-107.55141,241.07858,1116.0599,-127.08214,232.2576,899.00983,-45.05653
2039,20.38,2.6744859,1384.0481,-204.75462,12.40343,1092.9862,39.425602,-90.951523,1410.3649,-96.958595,-240.44984,1109.2861,-145.39795,-222.27827,898.50165,-61.17313,96.240639,1413.1409,-107.31438,241.85896,1116.2181,-127.00745,235.63095,899.09973,-45.350994
2040,20.39,2.8736291,1383.8519,-204.61472,12.171012,1092.6179,39.700901,-90.4627,1410.5566,-96.743263,-240.94736,1109.9644,-145.16798,-224.39851,899.38715,-60.529243,96.569122,1412.8604,-107.13061,242.47791,1116.1746,-127.01078,238.89014,899.15515,-45.666065
2041,20.4,3.0930052,1383.6781,-204.36617,11.937516,1092.2426,39.925026,-90.137093,1410.626,-96.530266,-241.44257,1110.5292,-145.07909,-226.13712,900.05219,-60.051434,96.993675,1412.5842,-107.00674,242.98996,1115.9855,-127.02074,241.88911,899.29803,-45.872589
2042,20.41,3.2885985,1383.5122,-204.07076,11.751509,1091.9368,40.220478,-89.938965,1410.6508,-96.179657,-241.91718,1110.8511,-145.15601,-227.61401,900.57996,-59.6894,97.442543,1412.2701,-107.02728,243.50613,1115.7627,-127.0655,244.24493,899.26501,-46.050625
2043,20.42,3.3881831,1383.3877,-203.79266,11.632204,1091.7439,40.496487,-89.847,1410.6433,-95.811058,-242.2879,1111.0929,-145.50494,-228.7634,900.94745,-59.566471,97.84388,1411.9858,-106.97367,243.96851,1115.545,-127.2261,245.94725,899.13098,-46.304554
2044,20.43,3.4836731,1383.3182,-203.56334,11.555649,1091.6792,40.755936,-89.751816,1410.6996,-95.472809,-242.5892,1111.1909,-145.74771,-229.49606,901.09637,-59.517437,98.216461,1411.7031,-106.91558,244.38141,1115.3766,-127.5553,247.09447,898.9364,-46.578709
2045,20.44,3.5861676,1383.2736,-203.35153,11.558675,1091.6736,40.986374,-89.695854,1410.7244,-95.298439,-242.64003,1111.2761,-145.63528,-229.8775,901.07147,-59.601238,98.533882,1411.5042,-106.81905,244.71608,1115.1771,-128.03769,247.7663,898.71985,-46.848869
2046,20.45,3.655719,1383.2277,-203.14679,11.601256,1091.7357,41.16198,-89.700699,1410.7609,-95.063011,-242.35132,1111.3899,-145.40665,-230.04497,900.9809,-59.885204,98.85804,1411.3557,-106.7838,244.96179,1114.9484,-128.40993,247.97345,898.45947,-47.049328
2047,20.46,3.6581705,1383.2443,-202.96297,11.642839,1091.8427,41.239174,-89.752625,1410.7894,-94.844894,-242.04593,1111.5166,-145.37277,-229.97133,900.72729,-60.230427,99.194992,1411.298,-106.79402,245.07439,1114.6714,-128.75687,247.72159,898.17535,-47.214073
2048,20.47,3.6494932,1383.2474,-202.78439,11.687367,1091.9772,41.383404,-89.911629,1410.7285,-94.632271,-241.79558,1111.4423,-145.51941,-229.69957,900.42493,-60.856205,99.590958,1411.2081,-106.79651,244.96333,1114.3224,-129.04135,247.13965,897.94171,-47.316444
2049,20.48,3.6247642,1383.2286,-202.60283,11.775273,1092.0743,41.387394,-90.153839,1410.5751,-94.414528,-241.55177,1111.1442,-145.76158,-229.1879,899.93591,-61.465679,99.958191,1411.1182,-106.88428,244.65021,1113.9525,-129.36162,246.31943,897.63983,-47.446159
2050,20.49,3.5992062,1383.1117,-202.30186,11.873395,1092.1379,41.488235,-90.465279,1410.3271,-94.171417,-241.2785,1110.6442,-146.0343,-228.43655,899.30688,-62.071415,100.34781,1410.9169,-106.91888,244.26096,1113.4796,-129.7431,245.24161,897.22742,-47.487682
2051,20.5,3.5899804,1382.9027,-202.02803,11.936429,1092.1597,41.562588,-90.877991,1409.9348,-94.026169,-240.96901,1109.9227,-146.32288,-227.51526,898.56226,-62.882336,100.77897,1410.6073,-106.97161,243.80927,1112.8201,-130.11272,243.93652,896.60516,-47.478767
2052,20.51,3.5723252,1382.583,-201.71336,12.060828,1092.1281,41.54047,-91.369293,1409.5059,-93.908844,-240.57581,1109.0742,-146.69478,-226.48813,897.64618,-63.550541,101.25571,1410.1909,-107.09821,243.41399,1111.9365,-130.46544,242.4007,895.53931,-47.461906
2053,20.52,3.5530534,1382.1737,-201.52831,12.079165,1092.0278,41.551819,-91.913116,1408.9093,-93.841637,-240.23552,1108.0575,-147.09631,-225.54352,896.63965,-64.336189,101.90022,1409.7004,-107.26514,243.07343,1110.8054,-130.77757,240.8882,894.55426,-47.156704
2054,20.53,3.6614945,1381.6451,-201.27711,12.114476,1091.8597,41.631058,-92.599648,1408.098,-93.966042,-239.75974,1106.8735,-147.66492,-224.52321,895.38538,-64.998734,102.76556,1409.0406,-107.32658,242.70674,1109.4392,-131.14417,239.31798,893.36798,-46.786911
2055,20.54,3.8403277,1381.0428,-201.02873,12.184209,1091.6205,41.599934,-93.390068,1407.1414,-94.154999,-239.34874,1105.4009,-148.03737,-223.46698,893.72571,-65.763,103.78579,1408.175,-107.3619,242.48357,1107.8062,-131.39751,237.70682,891.99536,-46.389397
2056,20.55,4.1444411,1380.3318,-200.81767,12.187749,1091.3375,41.524906,-94.369942,1405.9313,-94.472557,-238.94176,1103.6421,-148.43013,-222.46291,891.6449,-66.485558,104.98943,1407.1294,-107.40916,242.22998,1105.955,-131.66228,236.23499,890.25519,-45.941067
2057,20.56,4.4648972,1379.5142,-200.59338,12.164678,1090.942,41.548576,-95.527275,1404.5063,-94.897682,-238.47417,1101.4841,-148.76993,-221.5316,889.57288,-66.76149,106.36825,1405.7635,-107.38166,242.07617,1103.6781,-131.9389,234.72417,888.2984,-45.462135
2058,20.57,4.8658109,1378.5034,-200.3187,12.112426,1090.502,41.570614,-96.887573,1402.8219,-95.339195,-238.09084,1099.017,-149.36293,-220.73967,887.25214,-66.941635,107.99028,1404.1361,-107.46912,241.96657,1101.0618,-132.18768,233.27251,885.94037,-44.915138
2059,20.58,5.3149824,1377.4333,-199.98488,12.082676,1090.0798,41.556278,-98.61647,1400.6914,-97.131233,-237.75932,1096.1183,-150.15919,-220.0193,884.63531,-66.967018,109.78509,1402.1294,-107.5817,241.92125,1098.0389,-132.4612,231.8661,883.19989,-44.376019
2060,20.59,5.7941942,1376.1444,-199.55969,12.009284,1089.5867,41.649712,-100.43845,1398.2576,-97.498734,-237.50993,1092.76,-151.18166,-219.53285,881.70959,-66.892998,111.73743,1399.6831,-107.80487,241.99341,1094.5482,-132.68524,230.46204,880.00629,-43.653461
2061,20.6,6.2924151,1374.7396,-198.93172,11.933973,1089.0048,41.660099,-102.41661,1395.5239,-97.624229,-237.38271,1088.9097,-152.38281,-219.14668,878.37323,-66.578705,113.91058,1396.7355,-108.19237,242.10939,1090.5048,-132.9357,229.06145,876.34723,-42.878826
2062,20.61,6.9339733,1373.14,-198.1629,11.846139,1088.3385,41.625374,-104.65855,1392.3373,-98.10865,-237.2346,1084.5841,-153.87804,-218.88966,874.62714,-66.379288,116.35735,1393.3301,-108.55687,242.35471,1085.9561,-133.08417,227.58574,872.13989,-42.109062
2063,20.62,7.6090312,1371.5435,-197.23235,11.789408,1087.5822,41.670277,-107.08849,1388.7008,-98.668594,-237.22552,1079.7242,-155.38008,-218.73389,870.36169,-66.082962,119.11587,1389.4474,-109.04903,242.67059,1080.7844,-133.19382,226.09866,867.33594,-41.202148
2064,20.63,8.1425209,1369.8655,-195.836,11.793911,1086.7332,41.81139,-109.76164,1384.7119,-99.510117,-237.12318,1074.2539,-156.72485,-218.73483,865.57916,-65.604553,122.18133,1385.175,-109.56577,243.14688,1074.9834,-133.32024,224.6234,861.99139,-40.149158
2065,20.64,8.4394159,1368.2473,-194.13391,11.72681,1085.8649,41.919296,-112.7126,1380.3484,-100.07136,-237.0717,1068.2517,-158.11649,-218.85664,860.2691,-65.165337,125.60178,1380.4197,-110.03175,243.6832,1068.6348,-133.48763,223.13985,856.08948,-39.057079
2066,20.65,8.3084698,1366.5457,-191.591,11.656684,1084.8264,42.041576,-115.96668,1375.7482,-100.76117,-236.5007,1061.6975,-159.8306,-219.18201,854.49634,-64.704178,129.24771,1375.1765,-110.45144,244.27071,1061.6633,-133.72073,221.58919,849.74762,-37.89653
2067,20.66,7.4517107,1364.7584,-188.65228,11.602991,1083.6809,42.175632,-119.54195,1370.6031,-99.777252,-236.21747,1054.5975,-161.25703,-219.6004,848.26764,-64.154099,132.9333,1369.5095,-110.7862,244.89458,1054.1597,-133.99037,220.05298,842.96161,-36.626797
2068,20.67,7.6498523,1362.0781,-188.05452,11.461095,1082.4315,42.347847,-122.79989,1365.4253,-100.68803,-235.91023,1047.13,-162.75359,-220.2291,841.58215,-63.616833,136.37709,1363.5314,-110.95965,245.5545,1046.1936,-134.20169,218.55161,835.71417,-35.27599
2069,20.68,8.1570272,1359.515,-188.22876,11.342822,1081.0477,42.527473,-125.91961,1360.0481,-101.50405,-235.55823,1039.2288,-164.0544,-220.89735,834.49487,-62.986782,139.25354,1357.2375,-111.13834,246.209,1037.8589,-134.35458,217.06485,828.13007,-34.000019
2070,20.69,8.389926,1357.4856,-188.78333,11.342072,1079.6365,42.881187,-128.58406,1354.4336,-101.82544,-234.87015,1031.1661,-165.29115,-221.52408,827.06396,-62.5341,141.47429,1350.6835,-111.33448,246.81122,1029.2458,-134.53438,215.5466,820.3396,-32.682472
2071,20.7,8.6976366,1355.1553,-189.36079,11.357965,1078.0797,43.086254,-130.7524,1348.6483,-102.0575,-234.28583,1023.0584,-166.18416,-222.09967,819.49316,-62.262119,143.24794,1344.286,-111.4071,247.3311,1020.6361,-134.47955,214.03668,812.46985,-31.406939
2072,20.71,8.9302025,1352.8846,-189.91862,11.205272,1076.4373,43.476372,-132.48633,1342.9399,-102.3215,-233.66829,1015.0729,-166.74915,-222.61154,811.88898,-61.990181,144.8636,1338.4609,-111.34566,247.77702,1012.3761,-134.25891,212.59035,804.8631,-30.211735
2073,20.72,9.2474184,1350.7391,-190.50902,11.114954,1074.7542,43.660351,-133.86217,1337.6508,-102.7119,-232.92079,1007.4415,-166.92516,-222.90616,804.49152,-61.745865,146.39265,1333.3312,-111.19426,247.96478,1004.6786,-133.76662,211.21718,797.79596,-29.204117
2074,20.73,9.4477959,1348.6726,-190.64137,11.094196,1073.2819,43.84956,-134.92709,1333.0737,-102.94904,-232.19362,1000.4763,-166.52405,-222.94968,797.75854,-61.744865,147.70871,1329.3431,-110.79875,247.79559,998.12653,-132.96869,209.95877,791.73956,-28.367214
2075,20.74,9.8299284,1347.3822,-191.35362,11.053158,1071.9971,44.07209,-135.49283,1329.4939,-103.38103,-231.4948,994.79626,-165.56146,-222.70445,792.01703,-61.598488,148.72816,1326.7178,-110.12037,247.33815,993.36334,-131.47452,208.86696,787.1615,-27.826008
2076,20.75,10.069556,1346.521,-192.05766,11.047761,1071.0088,44.305546,-135.82222,1327.2882,-103.99434,-230.69374,990.91876,-163.79976,-221.99631,787.77917,-61.815754,149.01613,1325.464,-109.19592,246.39166,991.18524,-129.38838,208.04094,784.4613,-27.731853
2077,20.76,10.330025,1346.5144,-193.03525,10.990653,1070.2965,44.601055,-135.92557,1326.5114,-104.43037,-229.72289,989.39386,-161.09207,-220.95265,785.50055,-61.969654,148.64995,1325.5109,-108.31779,244.58704,991.46191,-127.17454,207.53455,783.78052,-27.899124
2078,20.77,9.9179773,1346.3597,-192.85603,10.926176,1070.1887,44.649857,-135.6449,1326.8678,-104.50084,-228.35307,990.12732,-157.92418,-219.73557,784.93427,-62.363983,147.7859,1326.6056,-107.84142,242.16516,993.36133,-125.01112,207.41226,784.211,-28.16217
2079,20.78,9.6418285,1346.7273,-193.16266,10.749405,1070.5781,44.414181,-135.2364,1327.9708,-104.45773,-226.66313,992.45062,-155.06145,-218.57751,785.56885,-62.5835,146.76938,1328.2383,-107.75287,239.66635,995.79047,-122.85818,207.62555,785.33618,-28.290783
2080,20.79,9.2453747,1347.243,-193.38844,10.700095,1071.236,43.934395,-134.70784,1329.5544,-104.44127,-225.3364,995.15668,-152.29247,-217.54227,786.98804,-62.638432,145.67082,1330.0822,-107.86548,237.6953,998.37671,-120.8535,208.00432,786.6427,-28.391996
2081,20.8,8.8410454,1347.8739,-193.57065,10.596952,1072.0042,43.480869,-134.11331,1331.2155,-104.34356,-224.32489,997.7912,-150.0538,-216.72131,788.81586,-62.396137,144.53165,1331.9563,-108.13508,236.70296,1001.2354,-119.33738,208.45975,788.45361,-28.261786
2082,20.81,8.7513275,1348.8444,-194.19743,10.500512,1072.9659,42.924397,-133.49228,1332.8054,-104.41916,-223.87738,1000.2154,-148.66734,-216.24588,790.90796,-61.885101,143.48164,1333.6982,-108.55112,236.62918,1004.0464,-118.2056,208.99927,790.45929,-28.103136
2083,20.82,8.2796774,1349.1658,-193.65753,10.454692,1073.8783,42.543442,-132.88319,1334.1765,-104.36996,-224.30443,1002.4437,-147.9738,-216.05782,792.87134,-61.166656,142.67459,1335.1764,-108.95903,237.10959,1006.6792,-117.70663,209.63167,792.58826,-27.727797
2084,20.83,8.0860796,1349.8242,-193.6265,10.500099,1074.7709,42.131836,-132.42294,1335.254,-104.13601,-224.66098,1004.3101,-148.19655,-216.13454,794.47198,-60.361923,142.0771,1336.3658,-109.3842,237.92073,1008.9869,-117.64599,210.44347,794.52832,-27.252424
2085,20.84,7.9715858,1350.2762,-193.45905,10.495007,1075.5181,41.932514,-132.0831,1335.9805,-103.74508,-225.68063,1005.4959,-148.7059,-216.60553,795.74475,-59.379269,141.75339,1337.1915,-109.63926,239.1369,1010.7398,-117.91409,211.48216,796.24103,-26.416603
2086,20.85,7.9648786,1350.4918,-193.15997,10.590561,1076.0876,41.786053,-131.95631,1336.3224,-103.24252,-226.90776,1006.1099,-149.60277,-217.28403,796.51697,-58.282135,141.7272,1337.661,-109.7855,240.64444,1011.8334,-118.18158,212.66867,797.61993,-25.397078
2087,20.86,7.991776,1350.493,-192.85535,10.673896,1076.4244,41.81612,-132.02042,1336.2657,-102.80857,-228.23778,1006.0773,-150.58417,-218.17696,796.87512,-57.242809,141.92572,1337.7585,-109.87839,242.3613,1012.2462,-118.47916,214.14348,798.60962,-24.125271
2088,20.87,8.1536341,1350.3983,-192.8439,10.757674,1076.4381,42.017387,-132.23232,1335.8966,-102.54808,-229.49992,1005.5722,-151.34825,-219.2265,796.95264,-56.430428,142.26491,1337.5643,-109.94102,244.09502,1012.0866,-118.66434,215.85674,799.22437,-22.661985
2089,20.88,8.1345501,1349.7532,-192.4351,10.862247,1076.1335,42.387177,-132.45537,1335.2897,-102.64804,-230.54153,1004.6628,-151.61124,-220.26164,796.75854,-55.737286,142.67044,1337.1481,-110.01762,245.69365,1011.5867,-118.73389,217.67441,799.66315,-21.047783
2090,20.89,8.2793064,1349.2186,-192.35657,11.022903,1075.5028,42.819927,-132.64529,1334.5255,-102.82957,-231.23315,1003.6248,-151.55901,-221.54489,796.22626,-55.09103,143.07776,1336.543,-110.07887,247.21025,1010.9371,-118.89716,219.58704,799.96484,-19.480608
2091,20.9,8.4506559,1348.6185,-192.33113,11.155324,1074.8258,43.16914,-132.74571,1333.7089,-103.02068,-231.80846,1002.5617,-151.07355,-222.88959,795.52386,-54.747406,143.49434,1335.822,-110.16442,248.60367,1010.166,-118.93819,221.54622,800.18469,-17.92425
2092,20.91,8.673193,1348.0741,-192.34833,11.191229,1074.0712,43.66843,-132.71838,1332.8727,-103.39109,-232.12859,1001.5195,-150.4095,-224.27055,794.6795,-54.547409,143.83138,1335.0641,-110.16174,249.78676,1009.3778,-119.07507,223.41467,800.33099,-16.375448
2093,20.92,9.0516748,1347.8339,-192.80429,11.300027,1073.2573,44.172569,-132.68935,1332.1576,-103.727,-232.46027,1000.6711,-149.67506,-225.64479,793.81152,-54.590347,144.17737,1334.3535,-110.08055,250.73936,1008.5513,-119.1447,225.32849,800.34637,-14.903037
2094,20.93,9.164856,1347.2869,-192.58896,11.401217,1072.5374,44.691803,-132.56439,1331.5778,-103.86349,-232.70421,1000.0206,-148.95293,-226.9348,792.97363,-54.569561,144.47067,1333.7599,-109.97548,251.55618,1007.8942,-119.1343,227.13321,800.31812,-13.544071
2095,20.94,9.359725,1347.095,-192.72031,11.537314,1071.9818,45.081226,-132.42697,1331.1287,-103.76918,-232.86095,999.60968,-148.38016,-228.0004,792.29803,-54.781624,144.70726,1333.2583,-109.78927,252.24066,1007.3425,-119.04292,228.84171,800.30988,-12.340925
2096,20.95,9.432086,1346.9421,-192.73254,11.697487,1071.6566,45.368362,-132.24286,1330.8695,-103.5051,-233.07613,999.37518,-147.79181,-228.87079,791.82025,-55.061573,144.8428,1332.9647,-109.67915,252.87469,1006.982,-118.81082,230.41428,800.33386,-11.197362
2097,20.96,9.5212841,1346.9619,-192.90714,11.831879,1071.5216,45.590446,-132.06705,1330.8203,-103.17244,-233.15865,999.39856,-147.25874,-229.58975,791.54803,-55.240486,144.88266,1332.8927,-109.57798,253.42259,1006.9216,-118.51933,231.87833,800.45184,-10.243521
2098,20.97,9.4654865,1346.9382,-192.89215,12.017853,1071.6265,45.666679,-131.83183,1330.9316,-102.8196,-233.27063,999.71613,-146.66655,-230.0766,791.57263,-55.616905,144.90294,1332.9794,-109.57213,253.8425,1007.1321,-118.08634,233.19746,800.69531,-9.4670296
2099,20.98,9.441186,1347.0117,-192.85461,12.198464,1071.8518,45.716503,-131.65669,1331.2748,-102.45564,-233.1049,1000.2881,-146.28362,-230.35497,791.77466,-56.009266,144.92607,1333.246,-109.62623,254.0831,1007.5725,-117.58017,234.38313,801.09967,-8.822504
2100,20.99,9.4361925,1347.1584,-192.88535,12.43655,1072.2201,45.571072,-131.46591,1331.7493,-102.06227,-233.08315,1001.0684,-145.93823,-230.42755,792.2038,-56.434856,144.94586,1333.6608,-109.81161,254.34303,1008.1766,-116.97476,235.35655,801.60339,-8.2044764
2101,21.0,9.4490786,1347.2366,-192.73218,12.656092,1072.6432,45.384907,-131.226,1332.319,-101.69543,-233.1974,1002.0334,-145.71751,-230.3566,792.74139,-56.83223,144.97855,1334.0907,-109.98548,254.62946,1008.8586,-116.26283,236.17143,802.14606,-7.6676855
2102,21.01,9.4753275,1347.3604,-192.69217,12.894194,1072.9929,45.216663,-131.05363,1332.9688,-101.44062,-233.19472,1002.9477,-145.45338,-230.09041,793.29553,-57.286739,145.01297,1334.4797,-110.18138,254.90579,1009.5942,-115.53773,236.74072,802.64142,-7.2894254
2103,21.02,9.5536823,1347.5616,-192.58485,13.130242,1073.3336,44.982437,-130.88962,1333.7257,-101.27165,-233.23314,1003.9191,-145.25551,-229.79382,794.02002,-57.656002,145.03136,1334.8167,-110.28577,255.22142,1010.2689,-114.84611,237.16422,803.13049,-6.9489927
2104,21.03,9.6032467,1347.6215,-192.31883,13.381044,1073.6489,44.814884,-130.69781,1334.4711,-100.9341,-233.2478,1004.8408,-144.99956,-229.32402,794.7113,-58.081188,145.09119,1335.0656,-110.3923,255.51442,1010.804,-114.16075,237.49884,803.4892,-6.6275258
2105,21.04,9.7155819,1347.7754,-192.16029,13.557985,1073.8906,44.752403,-130.5117,1335.2703,-100.621,-233.18321,1005.7598,-144.97105,-228.88696,795.51819,-58.490582,145.14938,1335.1876,-110.36957,255.7244,1011.199,-113.64373,237.65889,803.70459,-6.3534636
2106,21.05,9.8428669,1347.881,-191.88387,13.724163,1073.9878,44.840649,-130.24716,1336.0778,-100.33188,-233.03363,1006.7849,-145.04634,-228.44994,796.41388,-59.0648,145.28908,1335.2037,-110.30707,255.93976,1011.3319,-113.29118,237.68501,803.73932,-6.081924
2107,21.06,10.036416,1347.9395,-191.60767,13.86187,1074.0143,44.951393,-129.99603,1336.9044,-100.02416,-232.8257,1007.8351,-145.22318,-228.1174,797.42749,-59.529873,145.44383,1335.0244,-110.17621,256.13644,1011.1594,-113.09589,237.59048,803.65027,-5.7546511
2108,21.07,10.280925,1348.0593,-191.34256,13.916531,1073.9611,45.210434,-129.6895,1337.8466,-99.705666,-232.5071,1008.9507,-145.50291,-227.87189,798.54669,-59.874603,145.62453,1334.7198,-109.96836,256.2941,1010.765,-113.07645,237.44136,803.36816,-5.4608049
2109,21.08,10.552835,1348.1813,-191.0743,13.914291,1073.8126,45.406681,-129.39165,1338.7532,-99.280426,-232.42938,1010.1605,-145.77907,-227.71797,799.841,-60.24651,145.87109,1334.2878,-109.71151,256.39783,1010.1962,-113.10894,237.27222,802.94116,-5.0949936
2110,21.09,10.870794,1348.2969,-190.85838,13.860168,1073.6337,45.656567,-129.06261,1339.8647,-99.012642,-231.85938,1011.5815,-146.37643,-227.62836,801.30768,-60.67609,146.13567,1333.764,-109.351,256.4473,1009.4666,-113.23505,237.07967,802.42419,-4.6774249
2111,21.1,11.322909,1348.3774,-190.48665,13.811949,1073.4513,45.777618,-128.66455,1341.0636,-98.722267,-231.48781,1013.1318,-146.89859,-227.56151,803.02582,-61.172482,146.45866,1333.1395,-108.94211,256.45581,1008.5679,-113.39076,236.89244,801.80621,-4.3345485
2112,21.11,11.850297,1348.5446,-190.2011,13.65186,1073.2869,45.916275,-128.14607,1342.4727,-98.429619,-231.06458,1014.8561,-147.48366,-227.42358,804.81195,-61.670834,146.78342,1332.4824,-108.5257,256.45856,1007.608,-113.51765,236.67896,801.19336,-3.9652669
2113,21.12,12.581408,1349.0704,-190.33542,13.467733,1073.1122,46.055603,-127.58871,1344.0134,-98.115318,-230.69453,1016.8029,-148.07973,-227.24033,806.88013,-62.201996,147.17281,1331.7872,-108.0687,256.43195,1006.6349,-113.59064,236.40848,800.51666,-3.6037076
2114,21.13,13.224797,1349.3225,-189.97299,13.216929,1072.9838,46.097519,-126.89506,1345.7167,-97.75013,-230.34573,1018.9678,-148.76672,-226.93401,809.14166,-62.653721,147.5757,1331.0846,-107.55865,256.35519,1005.7526,-113.62121,236.11761,799.80804,-3.3887284
2115,21.14,13.918341,1349.6265,-189.56361,12.943966,1072.8887,46.174641,-126.06123,1347.5996,-97.480904,-229.94553,1021.3793,-149.46017,-226.45367,811.59387,-63.264275,147.94331,1330.4358,-107.14795,256.341,1004.9376,-113.50581,235.77962,799.13898,-3.1842937
2116,21.15,14.324281,1349.6021,-188.57112,12.601622,1072.9014,46.188488,-125.15296,1349.668,-97.213837,-229.66899,1024.0189,-150.09117,-225.92355,814.28064,-63.985153,148.27098,1329.8348,-106.78435,256.29504,1004.2782,-113.28007,235.36244,798.505,-3.0109558
2117,21.16,15.051658,1350.0087,-188.13217,12.213386,1072.9978,46.293304,-124.14486,1351.907,-96.824173,-229.34248,1026.8789,-150.74086,-225.34431,817.19434,-64.561096,148.61005,1329.3375,-106.41726,256.20651,1003.7879,-113.02197,234.95187,797.89081,-2.9420271
2118,21.17,15.763439,1350.4698,-187.73288,11.86857,1073.1996,46.298203,-123.03921,1354.3489,-96.566536,-228.99327,1030.0083,-151.41359,-224.67503,820.37372,-65.280136,148.97327,1328.9323,-106.11002,256.09821,1003.3796,-112.73563,234.49754,797.38531,-2.9284708
2119,21.18,16.478113,1350.95,-187.31378,11.460316,1073.5256,46.375725,-121.81377,1356.937,-96.152176,-228.57898,1033.3542,-152.039,-224.11244,823.78033,-66.089066,149.29933,1328.63,-105.81074,255.93085,1003.0399,-112.34794,234.00629,796.87628,-2.8984649
2120,21.19,17.281969,1351.424,-186.79991,11.119995,1073.9377,46.487175,-120.49189,1359.7302,-95.893608,-228.21396,1036.9327,-152.74092,-223.57678,827.26154,-66.893562,149.58453,1328.397,-105.61649,255.75713,1002.7397,-112.00921,233.49469,796.38275,-2.9396408
2121,21.2,18.072742,1352.0349,-186.39288,10.790943,1074.4263,46.555389,-119.08082,1362.6971,-95.597031,-227.70512,1040.6475,-153.44725,-222.96362,830.98022,-67.789833,149.95891,1328.2318,-105.36808,255.57813,1002.5541,-111.60508,232.99898,795.9068,-3.0506065
2122,21.21,19.217697,1353.0936,-186.56412,10.483061,1074.9829,46.768707,-117.5321,1365.8978,-95.198952,-227.24001,1044.6699,-154.13496,-222.24429,834.98462,-68.913101,150.33115,1328.0897,-105.12294,255.3452,1002.368,-111.18926,232.55133,795.46423,-3.1631811
2123,21.22,19.857178,1353.5715,-185.62485,10.218147,1075.652,46.867523,-115.82407,1369.4183,-95.098198,-226.64737,1048.9564,-154.64728,-221.57626,839.32172,-69.5485,150.7117,1327.9688,-104.82567,255.02333,1002.261,-110.7738,232.12308,795.09436,-3.2429767
2124,21.23,20.841187,1354.3503,-185.0399,9.9497747,1076.3451,47.038921,-113.93958,1373.0549,-94.30336,-225.93387,1053.7428,-155.41989,-220.10638,844.11517,-71.681801,151.0179,1327.8788,-104.70994,254.64702,1002.2311,-110.37148,231.707,794.8299,-3.3669496
2125,21.24,21.976694,1355.2334,-184.53517,9.7298155,1077.0974,47.248623,-111.8853,1376.9116,-93.748619,-225.24889,1058.8905,-156.21837,-219.0737,849.13373,-72.818108,151.30342,1327.7489,-104.16117,254.22597,1002.1743,-110.09882,231.32629,794.59174,-3.4492102
2126,21.25,23.381828,1356.3805,-184.67328,9.5105524,1077.8527,47.51189,-109.53957,1380.8315,-92.908058,-224.78595,1064.3109,-157.27809,-218.19824,854.60217,-73.445419,151.56354,1327.5891,-103.77439,253.81848,1002.1102,-109.86469,231.06581,794.30414,-3.5284138
2127,21.26,24.610674,1357.2306,-184.24944,9.2913589,1078.6743,47.76474,-106.91412,1384.7239,-92.642319,-224.38573,1069.7019,-158.45975,-216.67586,859.64691,-74.834984,151.87604,1327.3708,-103.32091,253.41922,1001.9918,-109.63283,230.75256,793.99872,-3.4917481
2128,21.27,25.809629,1358.0757,-183.90366,9.0587902,1079.5972,48.097374,-103.93076,1388.6295,-93.064148,-224.3649,1075.0496,-159.33749,-215.00484,864.81049,-76.1661,152.24936,1327.0903,-102.87466,253.10129,1001.6626,-109.37281,230.45377,793.56183,-3.5123487
2129,21.28,27.080862,1358.9932,-183.38721,8.893631,1080.394,48.38969,-100.90671,1392.2166,-92.721542,-224.7674,1080.3618,-159.84569,-213.08604,869.88336,-77.542183,152.56265,1326.7209,-102.40434,252.83003,1001.273,-109.17298,230.06328,793.06421,-3.4977999
2130,21.29,28.44018,1359.9634,-182.88553,8.7659254,1081.1652,48.624611,-97.857162,1395.6017,-92.361992,-225.11935,1085.673,-160.29779,-211.23752,874.86273,-78.990715,152.93509,1326.3092,-101.8412,252.65923,1000.8146,-108.94317,229.67349,792.57611,-3.4639885
2131,21.3,29.707869,1360.797,-182.22992,8.6509628,1081.9443,48.898502,-94.700081,1398.7208,-91.615883,-225.65192,1090.9626,-160.82301,-209.4904,879.63867,-80.277344,153.3138,1325.8416,-101.17609,252.5798,1000.3466,-108.67133,229.15863,792.07361,-3.4514921
2132,21.31,31.018402,1361.6681,-181.84854,8.5708227,1082.5658,49.036255,-91.653023,1401.5575,-90.789207,-226.55623,1095.9802,-161.33704,-208.06573,884.18219,-81.468567,153.76337,1325.4167,-100.45229,252.55716,999.83081,-108.44366,228.65117,791.55103,-3.4078302
2133,21.32,32.295441,1362.4958,-181.47957,8.547286,1083.0834,49.227631,-88.764977,1404.0189,-89.297119,-227.90129,1100.5809,-161.83873,-207.15599,888.36627,-82.502525,154.2563,1325.0209,-99.779121,252.61095,999.32483,-108.19315,228.10738,791.00378,-3.3727722
2134,21.33,33.519608,1363.3928,-181.22885,8.5188971,1083.4667,49.333179,-86.335152,1406.597,-89.393829,-229.38998,1104.6913,-162.29964,-206.58664,892.17651,-82.881165,154.76247,1324.7347,-99.008095,252.67735,998.79419,-107.86073,227.52254,790.46759,-3.3279932
2135,21.34,34.750942,1364.2466,-180.92352,8.5093708,1083.754,49.420074,-84.124344,1408.2598,-89.120125,-230.95221,1108.259,-162.40327,-206.68777,895.27167,-83.609726,155.34256,1324.4438,-98.19474,252.79674,998.28046,-107.48486,226.91487,789.88947,-3.4106879
2136,21.35,36.042377,1364.9448,-180.67015,8.5777903,1083.9672,49.443726,-82.01606,1409.6772,-88.903954,-232.38675,1111.4053,-162.17471,-207.42177,897.9798,-84.181252,155.87914,1324.1814,-97.363396,252.93925,997.91638,-107.13126,226.30582,789.36578,-3.4631836
2137,21.36,37.244518,1365.4302,-180.42552,8.6292696,1084.033,49.475021,-79.836555,1410.8047,-86.934845,-233.73026,1114.271,-161.80919,-208.81113,900.37915,-84.469131,156.38037,1323.9648,-96.619682,253.09265,997.58765,-106.71022,225.70792,788.88635,-3.5565677
2138,21.37,38.415165,1365.7566,-180.15115,8.7519073,1084.0952,49.504478,-78.082947,1411.8304,-86.753845,-235.03729,1116.7507,-161.12343,-210.95807,902.40894,-84.331291,156.89449,1323.7805,-95.722305,253.2019,997.30231,-106.26395,225.09079,788.43439,-3.6692808
2139,21.38,39.502842,1365.9872,-179.96223,8.8432741,1084.1411,49.51083,-76.515724,1412.6975,-86.729118,-236.37781,1118.9451,-160.4109,-213.76707,904.23602,-83.996803,157.34706,1323.5557,-94.864594,253.30153,997.01581,-105.76727,224.5607,787.97205,-3.7580609
2140,21.39,40.515514,1366.1338,-179.70055,8.903966,1084.1169,49.612293,-75.141571,1413.4386,-86.803238,-237.688,1120.7833,-159.55006,-217.01994,905.82141,-83.325012,157.7693,1323.3899,-94.148476,253.39333,996.75745,-105.30945,224.02679,787.53735,-3.8891015
2141,21.4,41.444969,1366.2317,-179.55383,8.956563,1084.0554,49.735596,-73.908394,1414.0439,-86.854355,-238.90866,1122.4377,-158.62091,-220.56871,907.38092,-82.601295,158.11581,1323.1633,-93.398994,253.48317,996.48932,-104.89124,223.52563,787.09973,-4.0336194
2142,21.41,42.295475,1366.3247,-179.46335,8.9490309,1084.0101,49.826977,-72.767212,1414.6208,-86.883133,-239.94513,1123.9272,-157.5851,-224.14374,908.79144,-81.702927,158.43439,1322.9742,-92.764381,253.55942,996.26801,-104.45396,223.08849,786.65881,-4.2559071
2143,21.42,43.023663,1366.4579,-179.37737,8.9211378,1083.929,49.953922,-71.800064,1415.1281,-86.799889,-240.83357,1125.4076,-156.66281,-227.46393,910.19342,-80.789581,158.72691,1322.7832,-92.257263,253.61359,996.07983,-104.00221,222.66441,786.27832,-4.4053559
2144,21.43,43.665302,1366.5728,-179.30995,8.9075327,1083.9564,50.11665,-70.918884,1415.5463,-86.727608,-241.71342,1126.7274,-155.55019,-230.5282,911.56384,-79.975548,158.98317,1322.567,-91.86573,253.62083,995.88812,-103.52485,222.27002,785.86841,-4.61835
2145,21.44,44.19865,1366.6606,-179.26775,8.9035711,1084.0221,50.190289,-70.15731,1415.9792,-86.680382,-242.49773,1128.0588,-154.59631,-233.18892,912.87134,-79.392509,159.22514,1322.4137,-91.607986,253.58582,995.73627,-103.01586,221.94157,785.50226,-4.7421589
2146,21.45,44.63282,1366.7026,-179.14745,8.922246,1084.1101,50.276161,-69.510277,1416.3923,-86.481102,-243.22375,1129.1979,-153.79315,-235.50974,914.0199,-78.750145,159.51755,1322.2921,-91.511505,253.54538,995.61212,-102.58536,221.64224,785.16699,-4.8821454
2147,21.46,44.982552,1366.7123,-179.06485,8.9157963,1084.1929,50.248493,-68.937737,1416.7167,-86.184113,-243.97754,1130.2535,-153.33426,-237.52414,915.07098,-77.995155,159.82239,1322.2075,-91.444672,253.42592,995.49243,-102.23243,221.40366,784.85565,-5.0177822
2148,21.47,45.332806,1366.7303,-178.96121,8.9177923,1084.2661,50.30571,-68.471603,1416.9891,-85.926582,-244.71809,1131.1489,-152.96461,-239.05064,916.02386,-77.528542,160.10178,1322.1124,-91.44297,253.3541,995.36993,-102.0299,221.19307,784.55719,-5.2047014
2149,21.48,45.503132,1366.7046,-178.82846,8.9030905,1084.3304,50.31213,-68.096527,1417.1628,-85.659256,-245.29073,1131.9591,-152.76921,-240.35158,916.88605,-77.146149,160.3744,1322.0642,-91.499504,253.26732,995.22937,-101.95734,221.01855,784.31122,-5.282145
2150,21.49,45.603676,1366.6947,-178.6971,8.9263325,1084.376,50.345215,-67.873993,1417.2705,-85.317665,-245.77414,1132.5808,-152.73085,-241.29462,917.53937,-76.887764,160.5705,1321.9407,-91.537712,253.19922,995.0614,-101.96578,220.87628,784.07642,-5.3447084
2151,21.5,45.653008,1366.623,-178.54308,8.90693,1084.3375,50.425343,-67.819237,1417.267,-85.018349,-246.21983,1132.9556,-152.73395,-241.9964,918.02295,-76.671318,160.7621,1321.8264,-91.556808,253.14963,994.91919,-102.06592,220.76183,783.9632,-5.4259119
2152,21.51,45.598328,1366.5214,-178.32462,8.9368868,1084.3156,50.50626,-67.9562,1417.0879,-84.681519,-246.71715,1133.0857,-153.03806,-242.3992,918.26746,-76.538498,160.88771,1321.7284,-91.632141,253.03343,994.797,-102.26159,220.7542,783.94275,-5.5127521
2153,21.52,45.467136,1366.3932,-178.15509,8.9679575,1084.2543,50.676144,-68.229515,1416.8987,-84.384506,-247.20926,1132.9934,-153.56621,-242.49719,918.19702,-76.581337,160.94919,1321.6754,-91.754265,252.88347,994.81824,-102.56976,220.77817,784.04425,-5.5926752
2154,21.53,45.23695,1366.2247,-178.01682,9.0310154,1084.1356,50.88718,-68.598816,1416.5745,-84.247124,-247.55287,1132.5354,-154.07167,-242.30656,917.78058,-76.656731,160.95956,1321.6797,-91.870972,252.68817,994.83356,-102.9725,220.84991,784.16174,-5.696713
2155,21.54,44.990059,1366.0339,-177.82481,9.0957222,1083.9858,51.097313,-69.114273,1416.1199,-84.308945,-247.66734,1131.8066,-154.24153,-241.79872,917.08972,-76.756462,160.88853,1321.6918,-91.956276,252.52983,994.87506,-103.34618,220.84882,784.27252,-5.7991037
2156,21.55,44.668243,1365.7721,-177.5619,9.156538,1083.8572,51.201763,-69.722961,1415.6143,-84.324875,-247.58287,1130.8906,-154.38741,-241.00133,916.10498,-77.024986,160.77818,1321.736,-91.962044,252.41142,994.93213,-103.7021,220.78995,784.40704,-5.9576726
2157,21.56,44.31395,1365.412,-177.38739,9.1730347,1083.7174,51.277832,-70.503632,1414.9404,-84.401115,-247.38921,1129.7549,-154.58804,-240.09975,914.9137,-77.260811,160.70013,1321.804,-91.957664,252.32405,994.98438,-103.95035,220.70476,784.4743,-6.1431723
2158,21.57,43.929195,1365.038,-177.13258,9.1460762,1083.5481,51.366184,-71.387863,1414.1138,-84.497047,-247.28531,1128.3571,-154.92172,-238.94382,913.4209,-77.521782,160.64328,1321.9137,-91.92791,252.21574,995.07428,-104.13326,220.62148,784.6076,-6.3531919
2159,21.58,43.506123,1364.6532,-176.95998,9.1652994,1083.3405,51.404713,-72.485176,1413.0531,-84.540741,-247.09848,1126.59,-155.30699,-237.84366,911.71539,-77.577888,160.57748,1321.9926,-91.918236,252.13376,995.21466,-104.27512,220.43121,784.70966,-6.638083
2160,21.59,43.09761,1364.2523,-176.79865,9.1059904,1083.124,51.403843,-73.940475,1411.7542,-86.389763,-246.9442,1124.4698,-155.68645,-236.64056,909.76501,-77.655045,160.59586,1322.155,-92.003601,252.02457,995.40906,-104.32426,220.24632,784.91278,-6.8990297
2161,21.6,42.607136,1363.8315,-176.62804,9.0782633,1082.8909,51.493126,-75.446259,1410.4125,-86.390923,-246.67505,1121.9143,-156.30211,-235.42729,907.53973,-77.503677,160.65279,1322.3887,-92.174301,251.90929,995.73712,-104.32782,219.99115,785.17236,-7.2323308
2162,21.61,42.032543,1363.3921,-176.44231,9.1053352,1082.6365,51.631466,-77.126999,1408.9316,-85.951149,-246.34012,1119.0159,-157.20074,-234.30077,905.13867,-77.29364,160.78529,1322.7765,-92.429886,251.73975,996.25629,-104.24718,219.80142,785.56061,-7.5341725
2163,21.62,41.381096,1362.9846,-176.21968,9.0919561,1082.3345,51.804325,-78.92627,1407.2762,-85.3965,-245.72116,1115.9467,-158.24626,-233.09789,902.58643,-77.07856,160.89554,1323.3602,-92.790405,251.53226,996.91779,-104.16955,219.66771,786.12415,-7.7750678
2164,21.63,40.695072,1362.5177,-176.12352,9.165081,1082.0321,52.038483,-80.788795,1405.4126,-85.023537,-244.93907,1112.6587,-159.2415,-231.81615,899.88519,-76.891365,160.99341,1324.0687,-93.251984,251.30109,997.65601,-104.14109,219.57048,786.83057,-8.0493546
2165,21.64,39.92701,1361.9435,-176.05707,9.3052721,1081.7006,52.256771,-82.710251,1403.2861,-86.100258,-243.98311,1109.2428,-160.54585,-230.58232,896.96552,-76.564285,161.03528,1324.9088,-93.754845,251.00854,998.53992,-104.1588,219.47479,787.63776,-8.2109175
2166,21.65,39.177292,1361.2844,-176.07158,9.4890356,1081.4557,52.493458,-84.692139,1400.6543,-87.314804,-243.03339,1105.5688,-161.83414,-229.30838,893.66553,-76.201752,161.0562,1325.7974,-94.134872,250.76556,999.45068,-104.3278,219.46211,788.50513,-8.3448544
2167,21.66,38.447311,1360.5638,-175.99744,9.7239189,1081.1511,52.810993,-86.659241,1397.8315,-88.035446,-242.04224,1101.457,-162.95319,-228.02763,890.00061,-75.788017,161.01735,1326.6578,-94.480827,250.59602,1000.2275,-104.51891,219.42879,789.35358,-8.3723087
2168,21.67,37.759445,1359.761,-176.19699,9.962904,1080.813,53.145306,-88.625305,1394.5529,-88.410065,-241.13351,1096.8821,-163.91464,-226.72998,885.82996,-75.369659,161.02629,1327.546,-94.729309,250.45186,1001.0446,-104.83513,219.34563,790.27429,-8.3266821
2169,21.68,37.099953,1358.8328,-176.30434,10.158647,1080.4917,53.418949,-90.853638,1390.9319,-89.555359,-240.39734,1091.8185,-164.80484,-225.32634,881.12115,-74.882629,161.05518,1328.3457,-94.927895,250.35587,1001.7481,-105.14782,219.31277,791.1532,-8.2553511
2170,21.69,36.407909,1357.9382,-176.43341,10.326635,1080.123,53.641125,-93.276764,1387.0184,-90.60759,-239.76086,1086.1298,-165.55469,-224.18491,875.96942,-74.430038,160.96349,1329.0583,-95.043419,250.30214,1002.4531,-105.49113,219.26926,792.03754,-8.1305475
2171,21.7,35.607269,1357.0436,-176.58914,10.531976,1079.7207,53.82991,-95.897133,1382.6567,-91.798775,-239.12827,1079.8501,-166.20349,-223.3712,870.17053,-73.887573,160.86456,1329.8,-95.108826,250.28432,1003.0334,-105.94,219.30257,792.95612,-7.9174366
2172,21.71,34.713432,1356.1351,-176.84543,10.759254,1079.2159,53.997559,-98.772339,1377.8785,-92.940109,-238.60556,1072.9402,-166.64099,-222.50822,863.83276,-72.881805,160.66455,1330.4528,-95.137619,250.23436,1003.5511,-106.33509,219.27135,793.73077,-7.6713858
2173,21.72,33.726563,1355.2257,-177.12189,10.969542,1078.6304,54.028568,-101.74577,1372.7434,-94.205368,-238.14088,1065.4214,-166.964,-221.78329,857.04474,-71.819382,160.45071,1331.0614,-95.143494,250.24063,1003.9838,-106.78212,219.2975,794.49084,-7.2895808
2174,21.73,32.706051,1354.3536,-177.48073,11.163331,1077.9314,54.167828,-104.85755,1367.2919,-95.281143,-237.24597,1057.4984,-167.48468,-221.76665,849.96869,-69.870537,160.25563,1331.6528,-95.189079,250.23114,1004.2788,-107.21598,219.30307,795.12708,-6.9885421
2175,21.74,31.562052,1353.5186,-177.96815,11.369169,1077.2104,54.194347,-108.21614,1361.4156,-94.92778,-236.81615,1048.9976,-167.52292,-221.5434,841.98969,-66.406891,159.9774,1332.1313,-95.119545,250.22337,1004.4681,-107.63942,219.27654,795.67719,-6.6287427
2176,21.75,30.461489,1352.6267,-178.41408,11.668116,1076.3898,54.326305,-111.21804,1355.9309,-96.325699,-236.40811,1040.2148,-167.46219,-221.11235,833.82532,-67.53524,159.52605,1332.5247,-94.977646,250.26366,1004.5256,-108.07101,219.19823,796.11334,-6.2162776
2177,21.76,29.185593,1351.8231,-178.9319,11.931783,1075.5691,54.469093,-114.16055,1350.1157,-96.511551,-235.86032,1031.2875,-167.12648,-221.23268,825.45166,-65.400543,158.95612,1332.7896,-94.796349,250.34416,1004.5125,-108.39738,219.06725,796.47955,-5.8651996
2178,21.77,27.767622,1351.0138,-179.31517,12.088088,1074.8265,54.643356,-116.92219,1344.4795,-97.100304,-235.13727,1022.3474,-166.49149,-221.4075,817.2417,-63.548306,158.36861,1333.0326,-94.594872,250.43144,1004.485,-108.6456,218.8557,796.74371,-5.5186253
2179,21.78,25.991573,1349.8994,-178.95497,12.108372,1074.0907,54.790295,-119.69154,1339.3425,-97.867226,-234.43814,1013.769,-165.40231,-221.57866,809.28064,-61.890087,157.52046,1333.2715,-94.363304,250.5517,1004.5035,-108.80738,218.68117,796.98785,-5.164958
2180,21.79,24.471628,1349.2402,-179.58806,12.244566,1073.4717,54.862644,-122.37304,1334.6105,-99.036537,-233.35999,1005.8311,-164.0312,-221.65692,801.88428,-60.233524,156.50713,1333.5822,-94.138382,250.59691,1004.5885,-108.89919,218.54495,797.23749,-4.8503137
2181,21.8,22.823675,1348.6831,-180.35013,12.376868,1072.9213,54.875957,-124.47602,1330.5414,-100.17221,-232.02673,998.66107,-161.87721,-221.68167,795.48383,-58.433197,155.30074,1334.0454,-93.826675,250.61378,1004.7824,-108.89144,218.38927,797.55096,-4.6505752
2182,21.81,21.245308,1348.1093,-180.92856,12.415815,1072.519,55.010696,-126.39667,1327.4701,-101.23133,-230.47278,993.54877,-159.76862,-221.48372,790.19507,-56.87986,153.97734,1334.6318,-93.531479,250.59325,1005.2789,-108.85077,218.22067,798.08466,-4.3948927
2183,21.82,19.740471,1347.6759,-181.57465,12.344072,1072.2169,55.364868,-127.97334,1325.4725,-102.14107,-228.40746,989.55988,-157.00841,-221.07326,786.49976,-55.415012,152.43503,1335.3842,-93.330429,250.41855,1006.0577,-108.64014,218.06818,798.75537,-4.3383398
2184,21.83,18.436447,1347.5112,-182.23074,12.267933,1072.2001,55.411236,-129.07101,1324.4857,-103.02956,-225.94597,987.55786,-154.4769,-220.3445,784.46771,-53.923542,150.96054,1336.228,-93.203972,250.15938,1007.1973,-108.24984,217.89645,799.67078,-4.2659473
2185,21.84,17.329502,1347.4906,-182.87651,12.079165,1072.3519,55.363758,-129.96843,1324.3279,-103.73032,-223.36984,987.10913,-152.18282,-219.47711,783.63611,-52.355984,149.44139,1337.0981,-93.27594,249.83568,1008.5172,-107.73693,217.76515,800.66589,-4.2911472
2186,21.85,16.586605,1347.8582,-183.84285,11.800551,1072.6301,55.129509,-130.6862,1324.7886,-104.42851,-221.19283,987.75952,-149.79312,-218.35855,783.88837,-50.89772,148.06712,1337.9143,-93.36557,249.40321,1009.9813,-107.14388,217.509,801.75598,-4.3384709
2187,21.86,15.813206,1347.9504,-184.23586,11.473438,1073.0555,54.795074,-131.2758,1325.729,-105.26118,-219.57626,989.03595,-147.48866,-217.13451,784.79742,-49.307171,146.79146,1338.5935,-93.559258,248.99573,1011.3154,-106.39809,217.29317,802.61511,-4.363389
2188,21.87,15.173247,1348.1616,-184.60901,11.041218,1073.5687,54.331024,-131.72125,1326.8143,-105.77501,-218.53392,990.44916,-145.6292,-215.82594,786.12579,-47.516434,145.70103,1339.088,-93.742012,248.71089,1012.4052,-105.65595,217.09792,803.29462,-4.2932086
2189,21.88,14.432922,1348.0365,-184.43561,10.617174,1074.101,53.856674,-132.06026,1327.9851,-105.99945,-218.282,991.68652,-144.46768,-214.65471,787.5448,-45.646229,144.80177,1339.4016,-94.04953,248.46144,1013.157,-104.94617,216.9048,803.68652,-4.201201
2190,21.89,14.152588,1348.5153,-185.19318,10.131858,1074.6219,53.163223,-132.36011,1329.0892,-105.98468,-218.83214,992.73279,-143.88847,-213.68845,789.01294,-43.680923,144.18242,1339.5394,-94.365044,248.36935,1013.5487,-104.34979,216.77361,803.7951,-3.9596758
2191,21.9,13.656219,1348.3792,-184.97556,9.6575022,1075.0776,52.656746,-132.52545,1330.051,-105.53224,-220.13403,993.6922,-143.81227,-212.84898,790.47571,-41.82299,143.80232,1339.4508,-94.688324,248.34157,1013.5632,-103.7276,216.74362,803.61786,-3.6967461
2192,21.91,13.50685,1348.6962,-185.45132,9.1231108,1075.3126,52.268223,-132.59601,1330.7988,-104.87402,-222.22487,994.56738,-143.70454,-212.34027,791.77661,-39.923801,143.5932,1339.1512,-95.018059,248.40132,1013.2711,-103.09669,216.73093,803.21521,-3.3499835
2193,21.92,13.008945,1348.2855,-184.92975,8.7486029,1075.3719,51.910442,-132.63449,1331.3571,-104.12711,-224.98189,995.54108,-143.58772,-212.03601,793.05811,-37.935703,143.47725,1338.7041,-95.351013,248.43004,1012.7267,-102.72449,216.82329,802.67828,-2.8464277
2194,21.93,12.696126,1348.1467,-184.95972,8.4755602,1075.2446,51.724583,-132.63428,1331.6876,-103.35571,-227.89064,996.54614,-143.37633,-211.97365,794.23187,-36.379807,143.40158,1338.1732,-95.698967,248.44193,1012.0453,-102.41095,216.91554,802.12537,-2.3209784
2195,21.94,12.381631,1347.9138,-185.05051,8.3224211,1074.9723,51.593697,-132.67145,1331.835,-102.74191,-231.06551,997.29956,-142.81938,-212.10385,795.26538,-34.693764,143.39813,1337.6234,-96.000198,248.40015,1011.3002,-102.12656,217.08958,801.56787,-1.7637122
2196,21.95,12.254619,1347.944,-185.55951,8.2498913,1074.5114,51.605774,-132.79187,1331.8036,-102.12749,-233.19247,997.75317,-142.43997,-212.39696,795.98291,-32.97226,143.38708,1337.1753,-96.226288,248.33324,1010.6038,-101.87962,217.18938,801.02094,-1.2277987
2197,21.96,11.915744,1347.6495,-185.59416,8.2578878,1074.0524,51.650448,-133.0433,1331.6809,-101.75999,-235.51492,997.68549,-141.19603,-212.85057,796.49561,-31.472069,143.40474,1336.9026,-96.366539,248.21187,1010.0247,-101.65774,217.27289,800.63214,-0.64094603
2198,21.97,11.638314,1347.4773,-185.65086,8.3732529,1073.5703,51.742702,-133.34569,1331.4984,-101.33864,-237.15695,997.53693,-140.01364,-213.63036,796.77588,-30.043446,143.47083,1336.8799,-96.399925,248.09425,1009.6185,-101.47237,217.20691,800.47162,-0.1511755
2199,21.98,11.372972,1347.3503,-185.5899,8.5696049,1073.1249,51.929241,-133.68474,1331.3622,-101.0602,-238.51378,997.2912,-138.79132,-214.58502,797.00769,-28.88205,143.50891,1337.1185,-96.369202,247.91978,1009.5682,-101.27091,217.05424,800.62378,0.27248222
2200,21.99,11.152511,1347.3607,-185.4655,8.8159161,1072.7708,52.127796,-133.95717,1331.2266,-100.76672,-239.67325,997.07098,-137.65335,-216.01398,797.1391,-27.822266,143.45998,1337.6707,-96.220894,247.67929,1009.9578,-101.18017,216.82811,801.23425,0.66236573
2201,22.0,10.693614,1347.1935,-184.81592,9.1539364,1072.5586,52.297119,-134.12578,1331.158,-100.5322,-240.59843,996.9798,-136.45172,-217.67128,797.26642,-27.053633,143.33505,1338.5319,-96.029587,247.38016,1010.7867,-101.01653,216.47237,802.24005,0.87991381
2202,22.01,10.461548,1347.4543,-184.67174,9.5012274,1072.4113,52.466774,-134.22598,1331.1401,-100.24468,-241.46574,997.21777,-135.19032,-219.60728,797.42047,-26.276699,143.11993,1339.7832,-95.860924,247.05695,1012.1777,-100.94468,216.076,803.69348,0.99928504
2203,22.02,10.147801,1347.8328,-184.50609,9.8378391,1072.3904,52.556892,-134.19226,1331.2528,-100.06001,-242.22641,997.63702,-133.85486,-221.7451,797.63873,-25.611593,142.82843,1341.2949,-95.595726,246.68074,1013.9296,-100.88216,215.48965,805.4494,0.95375848
2204,22.03,9.8995857,1348.2704,-184.25542,10.191297,1072.4583,52.491848,-134.13176,1331.464,-99.700027,-242.88399,998.22107,-132.84953,-224.00356,797.88379,-24.884741,142.43265,1343.188,-95.313744,246.2606,1016.1141,-100.83969,214.86263,807.7218,0.87267464
2205,22.04,9.5804453,1348.9056,-183.99481,10.550209,1072.6469,52.385681,-134.04588,1331.8235,-99.357803,-243.37903,998.98932,-131.96239,-226.26984,798.37946,-24.321997,141.97595,1345.3925,-95.001373,245.85687,1018.6611,-100.94429,214.15256,810.37781,0.69853824
2206,22.05,9.1940432,1349.5334,-183.60597,10.887323,1072.8965,52.284924,-133.9626,1332.2689,-98.817459,-243.43831,999.89227,-131.45573,-228.56937,799.13342,-23.747173,141.36305,1347.9136,-94.664162,245.45926,1021.7092,-101.11224,213.37927,813.44806,0.45230553
2207,22.06,8.6501293,1350.3358,-183.17812,11.324034,1073.2184,52.128502,-133.89622,1332.8572,-98.331421,-244.15353,1000.832,-130.51247,-230.76317,800.01563,-23.240767,140.51741,1350.7246,-94.422295,245.04257,1025.149,-101.35301,212.54155,816.98871,0.067969531
2208,22.07,8.0210428,1351.3705,-182.95987,11.765143,1073.5927,52.017334,-133.71753,1333.5135,-97.704758,-244.49504,1002.0851,-130.06053,-232.87926,801.11969,-22.732481,139.42139,1353.8424,-94.231789,244.6694,1029.0366,-101.71489,211.55786,820.92688,-0.34605628
2209,22.08,7.2669926,1352.2634,-182.53839,12.164685,1074.0027,51.98407,-133.53049,1334.192,-97.250153,-244.78368,1003.3989,-129.61859,-234.85384,802.34131,-22.281473,138.03842,1357.2197,-94.15004,244.2979,1033.2925,-102.18813,210.43748,825.39728,-0.89531082
2210,22.09,6.3488522,1353.2609,-182.18646,12.557048,1074.452,51.822765,-133.27599,1334.9565,-96.864967,-245.1666,1004.807,-129.1915,-236.56641,803.70264,-21.934515,136.42929,1360.9235,-94.124741,243.91394,1037.8987,-102.88056,209.22289,830.33447,-1.5287521
2211,22.1,5.413034,1354.2134,-181.81113,12.965463,1074.922,51.7924,-133.03299,1335.6241,-96.20311,-245.55963,1006.2462,-128.91162,-238.13336,805.1051,-21.611206,134.70026,1364.9534,-94.111221,243.39665,1042.8735,-104.02388,207.87276,835.73022,-2.2167747
2212,22.11,4.4391222,1355.2025,-181.52516,13.392734,1075.3983,51.697273,-132.74187,1336.2534,-95.655594,-245.92558,1007.5092,-128.55988,-239.53055,806.39459,-21.191988,132.72479,1369.1454,-94.043427,242.81381,1048.136,-105.71357,206.46045,841.59082,-3.0791836
2213,22.12,3.3204622,1356.2866,-181.23587,13.803804,1076.0175,51.716545,-132.45731,1336.8442,-95.168312,-246.40175,1008.7711,-128.38391,-240.70741,807.61646,-20.928621,130.44569,1373.5155,-93.90229,242.33502,1053.6335,-107.96367,205.01361,847.73895,-4.06251
2214,22.13,2.0088255,1357.4102,-180.76135,14.274327,1076.7443,51.848759,-132.29347,1337.3597,-94.700195,-246.91164,1009.78,-128.22543,-241.81145,808.75403,-20.452642,127.83656,1377.9711,-93.707718,242.16235,1059.2682,-110.4604,203.379,854.31793,-5.097744
2215,22.14,0.5289762,1358.7849,-180.4052,14.806846,1077.6041,52.014908,-132.16646,1337.7501,-94.18808,-247.35628,1010.7065,-128.18657,-242.77318,809.82813,-20.135532,124.9671,1382.488,-93.442154,242.07243,1065.058,-113.22881,201.64577,861.01013,-6.2776799
2216,22.15,-1.1724308,1360.1841,-179.83736,15.271804,1078.5101,52.116951,-132.16319,1338.0798,-93.441544,-247.75288,1011.428,-128.11899,-243.8315,810.84863,-19.932793,121.69884,1386.9423,-93.128845,242.092,1070.8442,-115.96302,199.90547,867.86835,-7.5388279
2217,22.16,-3.0236173,1361.5688,-179.31245,15.919173,1079.4607,52.267124,-132.28015,1338.3691,-92.664528,-248.03174,1012.1899,-128.23965,-244.722,811.77985,-19.834066,118.28074,1391.1693,-92.697197,241.98401,1076.6676,-118.61582,198.12804,874.78516,-8.8755131
2218,22.17,-4.7245426,1363.0153,-178.87138,16.50827,1080.4158,52.563622,-132.43898,1338.6833,-91.943939,-248.17668,1012.9112,-128.3425,-245.64911,812.64825,-19.873524,114.6458,1395.1985,-92.289444,241.96295,1082.6377,-121.14314,196.34457,881.70258,-10.467557
2219,22.18,-6.3354402,1364.353,-178.49155,17.064379,1081.4087,52.773216,-132.56665,1338.9897,-91.433701,-248.15512,1013.5752,-128.42583,-246.43706,813.2655,-19.957287,111.06164,1398.9381,-91.906807,242.18959,1088.5988,-123.7933,194.62032,888.65143,-12.177459
2220,22.19,-7.9866071,1365.6219,-178.1142,17.504976,1082.3186,53.127903,-132.75174,1339.2126,-90.938499,-247.64217,1014.1872,-128.57799,-247.16858,813.49725,-20.818739,107.47262,1402.472,-91.544952,242.83784,1094.4618,-126.22961,193.00232,895.26434,-14.050254
2221,22.2,-9.5819216,1366.8806,-177.88676,17.968361,1083.1021,53.287857,-133.04941,1339.3641,-90.389038,-247.87997,1014.5811,-128.23285,-247.87257,813.78088,-20.639025,103.8498,1405.6703,-91.282913,243.89616,1100.199,-128.38849,191.62668,901.68671,-15.842258
2222,22.21,-11.272949,1367.9436,-177.69511,18.300129,1083.8348,53.45348,-133.45372,1339.376,-89.848,-247.81009,1014.8292,-128.17125,-248.4782,813.64508,-21.220102,100.33681,1408.5226,-91.095558,245.05124,1105.6584,-129.95903,190.50778,907.62555,-17.580204
2223,22.22,-12.929807,1368.9,-177.55922,18.535549,1084.5746,53.382645,-133.9837,1339.2017,-89.147713,-247.75934,1014.8323,-128.10564,-248.97942,813.29028,-21.782591,96.608093,1411.1005,-91.465378,246.2571,1110.6549,-131.09216,189.90706,913.12335,-18.93914
2224,22.23,-14.547,1369.5961,-177.4449,18.773182,1085.2046,53.264915,-134.64323,1338.8459,-88.348701,-247.75365,1014.575,-128.07628,-249.34546,812.67877,-22.463839,93.486267,1413.3066,-91.562927,247.36565,1115.2147,-131.90234,189.90158,918.034,-20.010273
2225,22.24,-16.076391,1370.1566,-177.40021,18.979885,1085.6418,52.877125,-135.2861,1338.3524,-87.853706,-247.35184,1014.2627,-128.21803,-249.62016,811.89838,-23.318439,90.689911,1415.1815,-91.70472,248.43602,1119.2906,-132.62746,190.3969,922.4104,-20.715754
2226,22.25,-17.616709,1370.5778,-177.31494,19.057886,1085.9705,52.522236,-135.94444,1337.7013,-87.099815,-247.6976,1013.726,-127.87164,-249.7925,810.91071,-24.054251,88.088432,1416.6785,-91.947922,249.4686,1122.8942,-133.22229,191.3222,926.17505,-21.155628
2227,22.26,-19.016479,1370.908,-177.32991,19.047153,1086.2642,52.03149,-136.66354,1337.0612,-86.572746,-247.80569,1013.1323,-127.6227,-249.75363,809.81396,-24.926138,85.835434,1417.8568,-92.34436,250.59915,1126.0717,-133.39983,192.49385,929.28156,-21.387486
2228,22.27,-20.473524,1371.1011,-177.27354,19.016363,1086.4396,51.636417,-137.25089,1336.3358,-85.337158,-247.51169,1012.5289,-127.42204,-249.49945,808.77179,-25.860964,84.110313,1418.7374,-92.75235,251.42914,1128.7145,-133.40018,193.93106,931.74927,-21.251734
2229,22.28,-21.639736,1371.2463,-177.4072,19.012102,1086.527,51.272095,-138.00786,1335.8201,-84.952744,-247.91882,1011.8676,-126.91106,-249.10594,807.63879,-26.900959,82.756493,1419.5338,-93.189949,252.00165,1130.7773,-133.04883,195.60789,933.56091,-20.802139
2230,22.29,-22.881952,1371.262,-177.34808,18.987442,1086.538,50.976307,-138.68686,1335.319,-84.404182,-247.98502,1011.3264,-126.57372,-248.49042,806.633,-27.871078,81.621216,1419.9774,-93.570702,252.34634,1132.2117,-132.41066,197.61176,934.80347,-19.861502
2231,22.3,-23.831152,1371.2644,-177.45453,18.989552,1086.48,50.73056,-139.21884,1334.7555,-83.461235,-247.59392,1010.8713,-126.5057,-247.80978,805.60754,-28.817244,80.77726,1420.2554,-93.974251,252.50528,1133.1945,-131.72047,199.85233,935.57141,-18.740154
2232,22.31,-24.777422,1371.1877,-177.4686,19.00156,1086.3492,50.45142,-139.77654,1334.3275,-82.975578,-247.48703,1010.3831,-126.29218,-246.95299,804.68396,-29.86725,80.142303,1420.4003,-94.378815,252.60693,1133.6688,-130.82942,202.35164,935.91132,-17.304913
2233,22.32,-25.536455,1371.0618,-177.44707,19.001942,1086.2379,50.2626,-140.28703,1334.0204,-82.521744,-247.69913,1009.9535,-125.94798,-246.11127,803.87109,-30.919035,79.77195,1420.3687,-94.765747,252.53311,1133.7148,-129.93201,204.98737,935.98792,-15.803095
2234,22.33,-26.013609,1370.9152,-177.3932,18.980715,1086.0863,50.144531,-140.72726,1333.895,-82.390739,-247.44481,1009.6584,-125.78622,-245.26352,803.22925,-31.777494,79.635109,1420.2438,-95.055794,252.3576,1133.4647,-129.17877,207.74443,935.97162,-14.150404
2235,22.34,-26.337152,1370.8361,-177.3867,18.96027,1085.8961,50.003078,-141.05345,1333.8907,-82.160057,-247.118,1009.5159,-125.76797,-244.45958,802.75189,-32.736355,79.684845,1420.0613,-95.28376,252.20639,1132.9825,-128.59352,210.5098,935.94135,-12.407852
2236,22.35,-26.487226,1370.7666,-177.31245,18.906868,1085.7916,49.841976,-141.32144,1334.0243,-82.236549,-246.66704,1009.6218,-125.93199,-243.62956,802.44861,-33.565426,79.897812,1419.8271,-95.33271,252.20164,1132.3721,-128.20572,213.06799,935.94629,-10.854422
2237,22.36,-26.513798,1370.7506,-177.33018,18.813629,1085.6335,49.709415,-141.52536,1334.2257,-82.251312,-246.35132,1009.7971,-126.11322,-242.89307,802.29895,-34.414875,80.102837,1419.5692,-95.450401,252.30154,1131.8206,-127.94315,215.51157,935.979,-9.3892345
2238,22.37,-26.459574,1370.7162,-177.2603,18.729599,1085.5039,49.592216,-141.75529,1334.5587,-82.412247,-245.93127,1009.912,-126.40877,-242.09747,802.2395,-35.150356,80.383339,1419.3505,-95.453819,252.4062,1131.2524,-127.69518,217.59981,936.05206,-8.1453371
2239,22.38,-26.364189,1370.7123,-177.22429,18.571096,1085.4495,49.480007,-141.87251,1334.8534,-82.333954,-245.5974,1010.0442,-126.88285,-241.26358,802.20953,-35.90572,80.715652,1419.0905,-95.487457,252.60028,1130.7213,-127.4184,219.31398,936.03986,-7.0920115
2240,22.39,-26.254002,1370.6681,-177.12303,18.437012,1085.3552,49.390476,-141.98775,1335.178,-82.258766,-245.27025,1010.1695,-127.2494,-240.46164,802.23566,-36.439594,81.003677,1418.8685,-95.459175,252.72858,1130.1954,-127.14985,220.55299,935.79462,-6.5482888
2241,22.4,-26.187357,1370.6355,-177.0322,18.26819,1085.3011,49.41671,-142.16646,1335.5618,-82.341179,-244.66823,1010.35,-127.84778,-239.59631,802.36523,-36.945614,81.326385,1418.609,-95.439339,252.86227,1129.7188,-126.94138,221.26387,935.52557,-6.07268
2242,22.41,-26.093325,1370.5972,-176.93814,18.125345,1085.2382,49.42746,-142.29478,1335.9125,-82.292831,-244.78444,1010.5106,-128.04919,-238.78448,802.50043,-37.583237,81.647484,1418.3174,-95.375244,252.9014,1129.2831,-126.87331,221.59967,935.09778,-5.8653498
2243,22.42,-25.996595,1370.526,-176.75612,17.942076,1085.193,49.412434,-142.42947,1336.2057,-82.161354,-244.48497,1010.7236,-128.48129,-237.94991,802.66803,-38.136086,81.995689,1417.9672,-95.375114,252.88498,1128.7196,-126.87492,221.56197,934.45081,-5.8443832
2244,22.43,-25.876432,1370.4415,-176.66742,17.795588,1085.0909,49.412533,-142.51546,1336.5132,-82.006287,-244.21613,1010.9673,-128.89629,-237.21999,802.83429,-38.611469,82.450073,1417.5325,-95.405884,252.83778,1127.9878,-126.85463,221.24872,933.57654,-5.9029541
2245,22.44,-25.712849,1370.2585,-176.55475,17.624487,1084.9767,49.452442,-142.67291,1336.8562,-82.042702,-243.95549,1011.1655,-129.28181,-236.46243,803.00232,-39.182713,82.99118,1416.8746,-95.509689,252.74054,1127.0236,-126.66335,220.74641,932.51794,-5.9573622
2246,22.45,-25.620373,1369.9597,-176.38025,17.402752,1084.8181,49.491699,-142.85544,1337.1013,-82.012947,-243.77391,1011.3294,-129.67268,-235.8508,803.10651,-39.71949,83.58802,1416.1252,-95.686821,252.39462,1125.7811,-126.71664,220.22951,931.18256,-6.0201001
2247,22.46,-25.497,1369.6047,-176.2027,17.155243,1084.6127,49.498833,-142.9888,1337.2523,-81.857475,-243.56526,1011.3708,-130.04135,-235.18509,803.09503,-40.147175,84.44738,1415.2494,-95.920631,252.40707,1124.2418,-126.48798,219.58618,929.57471,-6.0838709
2248,22.47,-25.38059,1369.2794,-176.20053,16.900181,1084.3381,49.536591,-143.15936,1337.3586,-81.7901,-242.99161,1011.3851,-130.63194,-234.50388,803.04883,-40.664642,85.499725,1414.1852,-96.067268,252.15477,1122.4098,-126.52551,218.9745,927.73981,-6.0376067
2249,22.48,-25.142038,1368.9242,-176.13576,16.587608,1084.0769,49.503773,-143.3098,1337.4219,-81.883354,-243.17735,1011.2708,-130.74687,-233.843,802.97217,-41.104908,86.884155,1412.8987,-96.184746,251.87138,1120.1727,-126.69604,218.48587,925.70807,-5.9100642
2250,22.49,-24.824526,1368.5083,-176.02864,16.251545,1083.7443,49.525036,-143.4926,1337.4404,-82.032715,-243.01794,1011.1705,-131.13995,-233.13123,802.78595,-41.566395,88.585159,1411.3542,-96.335968,251.52951,1117.5662,-127.11944,218.05035,923.40582,-5.5452232
2251,22.5,-24.46529,1368.0022,-176.08904,15.910012,1083.3889,49.441566,-143.73088,1337.4213,-82.308395,-242.43408,1011.0215,-131.70937,-232.4628,802.51959,-41.998131,90.449402,1409.4778,-96.553734,251.21164,1114.5812,-127.74138,217.75015,920.7677,-5.1461568
2252,22.51,-24.01989,1367.411,-176.13614,15.528938,1082.9919,49.477375,-144.02859,1337.34,-82.582031,-242.64163,1010.6572,-131.86264,-231.84929,802.18311,-42.323769,92.599274,1407.2101,-96.880821,250.8356,1111.0686,-128.40738,217.55861,917.92212,-4.431603
2253,22.52,-23.585938,1366.6659,-176.14558,15.175138,1082.5259,49.470749,-144.40273,1337.1425,-82.854202,-242.37764,1010.2049,-132.33693,-231.26466,801.71869,-42.669956,94.913307,1404.4337,-97.396408,250.61902,1106.9926,-129.01085,217.57373,913.92065,-4.9852638
2254,22.53,-23.127748,1365.8363,-176.18166,14.765899,1081.9484,49.526489,-144.88539,1336.8727,-83.285301,-242.18851,1009.6052,-132.78932,-230.63437,801.1485,-42.938652,97.329414,1401.202,-98.062935,250.42311,1102.4148,-129.73621,217.62512,909.82794,-4.4571195
2255,22.54,-22.61731,1364.9333,-176.20103,14.386226,1081.3717,49.503304,-145.36241,1336.4639,-83.606789,-241.59782,1008.8486,-133.59984,-230.04974,800.43109,-43.07888,100.18204,1397.4183,-98.433998,250.37909,1097.2133,-130.4104,217.83672,905.21722,-3.8480825
2256,22.55,-21.977888,1363.9198,-176.40303,13.948872,1080.682,49.465431,-145.84871,1335.9253,-83.914139,-241.86078,1007.7728,-133.88373,-229.3857,799.52673,-43.201927,102.87326,1393.326,-99.441284,250.366,1091.3864,-131.18297,218.09491,900.0318,-3.1035507
2257,22.56,-21.261593,1362.8101,-176.48109,13.516819,1079.876,49.407127,-146.35255,1335.1735,-83.849571,-241.71228,1006.5957,-134.35298,-228.63171,798.46051,-43.439304,105.73241,1388.683,-100.34531,250.36156,1084.9611,-131.88913,218.39696,894.30243,-2.2125061
2258,22.57,-20.452946,1361.4851,-176.54329,13.056369,1079.0973,49.382999,-146.79941,1334.2904,-83.941032,-241.63033,1005.2236,-134.83992,-227.96461,797.17792,-43.336964,108.72728,1383.6492,-101.19344,250.33856,1077.9888,-132.59836,218.72278,887.99927,-1.3009528
2259,22.58,-19.515253,1360.1023,-176.96066,12.627938,1078.257,49.24696,-147.13545,1333.3715,-84.79351,-241.53313,1003.7669,-135.24698,-227.19022,795.85974,-43.402271,111.80095,1378.2634,-102.13393,250.38853,1070.4547,-133.05865,219.17039,881.2724,-0.24854468
2260,22.59,-18.45985,1358.5521,-177.42828,12.235173,1077.3737,49.238873,-147.35059,1332.2577,-85.053879,-241.06955,1002.2469,-135.80872,-226.46196,794.33246,-43.49305,115.05718,1372.6394,-102.93708,250.55345,1062.4501,-133.4948,219.54831,873.97302,0.7806716
2261,22.6,-17.372864,1357.0295,-178.11826,11.935765,1076.525,49.249092,-147.51378,1331.0242,-85.485367,-240.92188,1000.5233,-135.93636,-225.63167,792.71008,-43.484627,118.29936,1366.8054,-103.55904,250.67973,1054.0179,-133.67545,219.94695,866.29578,1.8462117
2262,22.61,-16.270985,1355.4845,-178.68506,11.658084,1075.5872,49.306313,-147.68071,1329.787,-85.759834,-240.74283,998.76831,-135.9816,-224.80708,790.93579,-43.304527,121.30533,1360.6115,-104.27418,250.79465,1045.3538,-133.76746,220.35251,858.16742,2.8063362
2263,22.62,-15.110327,1354.0073,-179.41765,11.397121,1074.6498,49.377476,-147.84439,1328.5802,-86.243713,-240.57208,996.99475,-135.79846,-223.89073,789.09131,-43.22142,124.10649,1354.4121,-104.87901,250.90042,1036.4736,-133.60869,220.64622,849.75525,3.7148061
2264,22.63,-13.973765,1352.6262,-180.15282,11.15751,1073.6863,49.496197,-148.07475,1327.4803,-86.742981,-240.31558,995.22852,-135.45682,-223.00162,787.26611,-43.147232,126.74141,1348.5415,-105.33259,250.93919,1027.6436,-133.26164,221.01863,841.11438,4.4198551
2265,22.64,-12.710006,1351.171,-180.77113,10.944746,1072.7236,49.718056,-148.10254,1326.4708,-87.086037,-240.2861,993.50769,-134.76566,-222.00249,785.5285,-43.040432,129.4046,1343.2222,-105.74637,250.85831,1019.2193,-132.41411,221.29305,832.48718,4.8263464
2266,22.65,-11.244427,1349.9526,-181.68796,10.777749,1071.8285,49.937305,-147.88763,1325.6743,-87.500641,-239.64296,992.1604,-134.3718,-220.9324,784.10126,-42.984192,131.7424,1338.5778,-106.09843,250.61771,1011.6768,-130.91959,221.48767,824.05811,4.889761
2267,22.66,-9.7611465,1348.7698,-182.60097,10.804843,1071.1404,50.070858,-147.4328,1325.1461,-87.99025,-239.01599,991.0965,-133.81784,-219.84509,782.95038,-42.805237,133.71901,1335.0056,-106.2242,250.08977,1005.4711,-128.61467,221.50557,816.16095,4.3804188
2268,22.67,-8.3939648,1348.0228,-183.62669,10.686198,1070.5704,50.208832,-146.75414,1325.0137,-88.503685,-238.34311,990.54028,-133.23108,-218.81317,782.33899,-42.59454,135.06534,1332.4819,-106.26826,249.02621,1001.1941,-125.32158,221.41721,809.28046,3.3680286
2269,22.68,-7.3315501,1347.3433,-184.41425,10.547216,1070.1683,50.333462,-145.9662,1325.208,-88.991188,-237.50903,990.56079,-132.57526,-217.77924,782.15619,-42.371712,135.64537,1330.9789,-106.19431,247.44989,999.04285,-121.2434,221.15189,803.54907,1.6313468
2270,22.69,-6.5591526,1346.9906,-185.18542,10.387589,1069.9727,50.231491,-145.1138,1325.6342,-89.247971,-236.60002,991.09937,-131.90222,-216.81017,782.49701,-42.018158,135.79269,1330.3361,-106.2272,245.21619,998.73456,-116.88424,220.67526,799.19092,-0.67089796
2271,22.7,-5.9523306,1346.9303,-186.03035,10.197829,1070.0135,50.170906,-144.33815,1326.3151,-89.750801,-235.64763,992.07416,-131.3309,-215.83638,783.15063,-41.715096,135.7634,1330.2837,-106.4109,242.47241,999.67169,-112.40657,219.95515,795.98132,-3.2666504
2272,22.71,-5.4576731,1346.972,-186.64267,10.028093,1070.2272,50.150837,-143.61993,1327.0938,-90.314598,-234.86771,993.16498,-130.5741,-215.065,783.9826,-41.308949,135.66106,1330.6034,-106.62582,239.78568,1001.0745,-108.24117,219.02734,793.74451,-5.9813943
2273,22.72,-5.0262232,1347.0341,-187.21443,9.8182421,1070.6987,49.953289,-143.01122,1327.9031,-90.983841,-234.18559,994.27252,-130.14514,-214.25294,784.86865,-40.774837,135.58737,1331.1945,-106.77271,237.54301,1002.6159,-104.67101,217.96767,792.14075,-8.6595602
2274,22.73,-4.5030575,1347.1943,-187.77637,9.6920557,1071.2866,49.904079,-142.54492,1328.625,-91.472931,-233.79663,995.09558,-129.5208,-213.60559,785.6662,-40.269482,135.54166,1331.8441,-106.82315,235.74829,1004.1344,-101.76757,216.88499,791.1322,-11.133972
2275,22.74,-4.0495625,1347.3124,-188.29515,9.5923777,1071.9409,49.958435,-142.15404,1329.2217,-92.209343,-233.86801,995.70337,-129.01591,-213.08456,786.30432,-39.622433,135.46458,1332.5304,-106.6985,234.4641,1005.3622,-99.669823,215.92982,790.49896,-13.292731
2276,22.75,-3.5875092,1347.3683,-188.67079,9.5282202,1072.6594,49.864689,-141.92413,1329.6327,-92.760757,-233.79558,996.20978,-128.99046,-212.6418,786.80231,-38.91811,135.46089,1333.0989,-106.41226,233.65561,1006.1086,-98.500137,215.27119,790.1123,-14.735904
2277,22.76,-3.1454194,1347.2579,-188.84433,9.4721994,1073.2661,49.851364,-141.82074,1329.911,-93.614037,-233.94484,996.11212,-128.68652,-212.32596,787.09723,-38.292263,135.51591,1333.5093,-105.87525,233.34691,1006.4064,-98.337143,214.6797,789.75177,-15.724536
2278,22.77,-2.6442888,1347.1704,-189.05048,9.4161987,1073.7236,49.892189,-141.8437,1330.0323,-94.343063,-233.74612,996.03052,-128.93217,-212.1908,787.3573,-37.736649,135.60019,1333.7419,-105.2087,233.6049,1006.3616,-99.164635,214.27263,789.60626,-16.018461
2279,22.78,-2.1335535,1346.9905,-189.14848,9.3064623,1073.9274,49.992519,-141.83392,1329.9735,-95.036186,-234.25163,995.76636,-128.82683,-212.25246,787.51324,-37.174824,135.68112,1333.765,-104.44289,234.31937,1006.0744,-100.6181,213.87566,789.61548,-15.930262
2280,22.79,-1.6188287,1346.7841,-189.19746,9.1522303,1073.9103,50.117615,-141.8378,1329.7821,-95.568596,-234.3493,995.5274,-128.9846,-212.50768,787.62103,-36.744961,135.8131,1333.6382,-103.69909,235.40973,1005.6334,-102.34879,213.5864,789.84064,-15.45149
2281,22.8,-1.138929,1346.5907,-189.20154,9.0323944,1073.6519,50.346344,-141.76645,1329.5995,-96.172112,-234.33014,995.23804,-129.37575,-212.93906,787.62921,-36.410019,135.96687,1333.4253,-102.9308,236.82516,1005.1651,-104.02765,213.35876,790.35583,-14.655777
2282,22.81,-0.73920763,1346.3934,-189.10831,8.8937969,1073.2803,50.565266,-141.67703,1329.3748,-96.541893,-234.27222,994.92053,-129.79707,-213.53726,787.59186,-36.087715,136.16656,1333.1683,-102.38837,238.3255,1004.7767,-105.37357,213.26216,791.0069,-13.765207
2283,22.82,-0.29730168,1346.2578,-189.05798,8.7404776,1072.8579,50.870262,-141.49875,1329.1461,-96.831573,-234.18883,994.59955,-130.23056,-214.26671,787.51721,-35.920727,136.37854,1332.8693,-102.05272,239.78821,1004.5411,-106.5557,213.39967,791.66052,-12.830357
2284,22.83,0.039420512,1346.1632,-189.02234,8.6209259,1072.475,51.132046,-141.3112,1328.9667,-96.953461,-234.07353,994.33099,-130.64041,-214.95731,787.50946,-35.983749,136.58002,1332.5623,-101.90423,240.97574,1004.2764,-107.35418,213.76878,792.29828,-11.851548
2285,22.84,0.22657363,1345.9695,-188.80673,8.5423374,1072.0757,51.533146,-141.08995,1328.8405,-96.917595,-233.89804,994.17847,-131.13043,-215.66527,787.49347,-36.197498,136.86604,1332.3096,-101.95042,242.04344,1004.014,-107.82686,214.44,792.75653,-11.003327
2286,22.85,0.35513002,1345.8634,-188.66676,8.4795465,1071.8875,51.819595,-140.93794,1328.8351,-96.807968,-233.64285,994.16016,-131.64229,-216.31926,787.46967,-36.451279,137.09732,1332.1196,-102.21104,242.90135,1003.8442,-108.03791,215.37798,793.01807,-10.139613
2287,22.86,0.38647094,1345.8245,-188.77292,8.4614611,1071.8572,52.140308,-140.83102,1328.8955,-96.607109,-233.50243,994.23126,-131.98083,-216.85674,787.54083,-36.958111,137.34174,1331.9977,-102.69283,243.43475,1003.7593,-107.89401,216.56799,793.14587,-9.3463144
2288,22.87,0.31580046,1345.7856,-188.83846,8.4596186,1071.932,52.550373,-140.75638,1329.1035,-96.361542,-233.35504,994.51306,-132.28352,-217.27084,787.70911,-37.541763,137.53847,1332.0054,-103.26375,243.68428,1003.8826,-107.58591,217.95177,793.242,-8.7345982
2289,22.88,0.19442831,1345.8091,-189.02386,8.4797449,1072.146,53.005138,-140.74141,1329.4923,-96.210312,-233.21304,995.00903,-132.58336,-217.67009,788.03827,-38.27504,137.64903,1332.0625,-103.95097,243.70258,1004.1605,-107.13062,219.55754,793.35272,-8.2233944
2290,22.89,-0.014139716,1345.7698,-188.99881,8.5395336,1072.3876,53.328835,-140.72479,1329.936,-95.999557,-232.73627,995.78436,-133.02264,-217.91798,788.42474,-39.186729,137.76122,1332.2147,-104.5845,243.71776,1004.5596,-106.67059,221.16512,793.55182,-7.7125878
2291,22.9,-0.18429323,1345.824,-189.11143,8.6228533,1072.7407,53.567745,-140.69179,1330.5099,-95.791351,-232.5771,996.6698,-133.19199,-218.13258,788.90887,-40.064365,137.84688,1332.4645,-105.15334,243.78598,1005.0025,-106.19704,222.76192,793.8302,-7.28543
2292,22.91,-0.31366071,1345.8719,-189.101,8.7487068,1073.1271,53.622932,-140.7027,1331.1697,-95.580055,-232.41835,997.6377,-133.20322,-218.26077,789.513,-41.000801,137.90303,1332.8351,-105.67464,243.94597,1005.5109,-105.63798,224.32562,794.27722,-6.8617501
2293,22.92,-0.44116199,1345.9559,-189.10364,8.8737602,1073.5231,53.718739,-140.69084,1332.0371,-95.491554,-232.20329,998.77551,-133.41931,-218.31302,790.32843,-42.132355,137.93752,1333.2959,-106.04514,244.14784,1006.1262,-105.20709,225.69164,794.8822,-6.5441847
2294,22.93,-0.49381435,1346.103,-189.03746,9.0475807,1073.8396,53.619511,-140.63292,1332.9578,-95.419044,-231.99852,1000.0952,-133.51176,-218.34102,791.23395,-43.019646,137.98369,1333.8679,-106.16879,244.48247,1006.8893,-104.79273,226.90921,795.74066,-6.2831559
2295,22.94,-0.48289227,1346.3264,-188.95418,9.1639891,1074.1355,53.506218,-140.52831,1334.0206,-95.280403,-231.78445,1001.5211,-133.64589,-218.36385,792.38544,-43.944584,137.9991,1334.5754,-106.12455,244.90178,1007.9177,-104.38932,227.79025,796.81506,-6.078474
2296,22.95,-0.36457273,1346.6199,-188.78702,9.2925234,1074.3785,53.283829,-140.30167,1335.1835,-95.342827,-231.54652,1003.0501,-133.87555,-218.29468,793.71912,-44.979633,137.98198,1335.4423,-105.97924,245.36993,1009.1412,-104.07166,228.43233,798.04236,-5.9890585
2297,22.96,-0.16218729,1346.9762,-188.57407,9.3540668,1074.559,53.161381,-140.03134,1336.4153,-95.274948,-231.34705,1004.6309,-134.19557,-218.30338,795.19269,-45.677547,137.89522,1336.4517,-105.677,245.84903,1010.6216,-103.67583,228.79106,799.52173,-5.9092388
2298,22.97,0.051308308,1347.4281,-188.23683,9.401679,1074.6979,53.139526,-139.67215,1337.7144,-95.077217,-231.12019,1006.3282,-134.69028,-218.36028,796.79492,-46.468689,137.76492,1337.625,-105.43156,246.32669,1012.3377,-103.33665,228.9182,801.21954,-5.9678464
2299,22.98,0.23053081,1347.9652,-187.9187,9.4174805,1074.8441,53.066929,-139.30367,1339.1938,-95.047394,-230.91832,1007.9891,-135.1044,-218.4325,798.61212,-47.107521,137.60614,1339.0509,-105.09158,246.71579,1014.2666,-103.13004,228.78752,803.20447,-6.0252447
2300,22.99,0.40926018,1348.6268,-187.39548,9.3735313,1074.9747,53.024761,-138.83534,1340.8788,-94.736572,-230.74236,1009.9466,-135.72052,-218.57042,800.68524,-47.744663,137.34795,1340.7023,-104.78517,247.12704,1016.4564,-102.92094,228.591,805.49805,-6.1354508
2301,23.0,0.59214365,1349.5566,-186.96465,9.3313007,1075.1365,53.021664,-138.1998,1342.7869,-94.518539,-230.54051,1012.162,-136.31432,-218.54799,803.12939,-48.372822,136.98785,1342.6266,-104.44659,247.44493,1018.9775,-102.92116,228.37201,808.2019,-6.321382
2302,23.01,0.83809501,1350.4165,-186.45937,9.2813807,1075.3572,52.983387,-137.32036,1344.8582,-94.186188,-230.27495,1014.7665,-136.96379,-218.52596,805.95685,-48.713131,136.46051,1344.8162,-104.09975,247.52725,1021.8492,-103.10207,228.18413,811.28577,-6.4822259
2303,23.02,1.0546983,1351.4373,-186.04959,9.2206001,1075.5625,53.027756,-136.19223,1347.1653,-94.018745,-230.04892,1017.7803,-137.68303,-218.45294,809.15472,-49.278854,135.77246,1347.2596,-103.73328,247.4095,1025.0675,-103.5887,228.2921,814.74957,-6.7157555
2304,23.03,1.3423344,1352.5435,-185.58148,9.1494961,1075.8896,53.099724,-134.87985,1349.5992,-93.624657,-229.6573,1021.0465,-138.53398,-218.46693,812.55078,-49.982151,134.86609,1349.9591,-103.44132,247.06105,1028.6298,-104.40798,228.50832,818.55493,-6.9585719
2305,23.04,1.6595459,1353.6704,-185.03749,9.0414896,1076.3291,53.185543,-133.43602,1352.3179,-93.344482,-229.25867,1024.5441,-139.52518,-218.47691,816.25568,-50.539932,133.80435,1352.9235,-103.1841,246.62483,1032.3606,-105.31107,228.82666,822.70148,-7.1301351
2306,23.05,1.8809383,1354.9127,-184.58377,8.97334,1076.8743,53.255985,-131.98996,1355.2659,-93.11557,-228.97292,1028.167,-140.44054,-218.40416,820.11591,-51.095329,132.56352,1356.2308,-102.93598,246.18982,1036.4148,-106.35842,229.10355,827.21545,-7.3100743
2307,23.06,2.140053,1356.2982,-184.16364,9.0739145,1077.5887,53.426826,-130.43822,1358.5046,-92.598434,-228.71547,1032.1238,-141.4263,-218.08971,824.26312,-51.670322,131.20485,1359.8271,-102.57269,245.69118,1040.7531,-107.32643,229.17615,832.10242,-7.5571995
2308,23.07,2.3745148,1357.9365,-183.9678,9.193778,1078.4318,53.62698,-128.73624,1362.0479,-92.279594,-228.40376,1036.4329,-142.27773,-217.68915,828.77484,-52.424,129.50105,1363.7451,-102.22105,245.17694,1045.5872,-108.38649,229.1395,837.3288,-7.9626608
2309,23.08,2.6168761,1359.5851,-183.76715,9.4199905,1079.4779,53.828476,-126.86494,1365.9642,-92.217278,-228.09094,1041.1635,-143.0193,-217.08829,833.7561,-53.055275,127.59961,1367.9473,-101.76357,244.60262,1050.8552,-109.48191,228.77823,842.89606,-8.4374895
2310,23.09,2.8187168,1361.4146,-184.0733,9.6587391,1080.5433,54.031532,-124.74213,1370.0944,-91.711388,-227.72942,1046.3282,-143.85318,-216.45088,839.15326,-54.1758,125.38058,1372.4468,-101.36797,244.03,1056.4437,-110.54274,228.17972,848.72815,-9.1250391
2311,23.1,3.0831835,1362.9877,-185.18272,9.9691229,1081.8138,54.177425,-122.39059,1374.3617,-91.031982,-227.33516,1051.8876,-144.77876,-215.38266,844.81964,-55.842922,122.78539,1377.1348,-100.90558,243.4603,1062.2983,-111.24151,227.33589,854.7077,-10.000428
2312,23.11,3.4010289,1364.6348,-187.4496,10.251024,1083.1313,54.416531,-119.42336,1379.0538,-91.718163,-227.03555,1057.8019,-145.84619,-214.56721,850.54761,-57.128117,119.78179,1381.9047,-100.44149,242.77995,1068.491,-111.82011,226.27406,860.7627,-10.91343
2313,23.12,3.9176624,1366.896,-189.50702,10.578262,1084.2742,54.70509,-116.28004,1383.3604,-91.146019,-227.03331,1063.7289,-146.366,-213.89005,856.42096,-57.675037,116.41738,1386.6522,-99.851814,241.83614,1074.7937,-112.24496,225.05865,866.84863,-12.055713
2314,23.13,4.5463123,1369.72,-190.72711,10.906998,1085.499,54.908173,-112.95612,1387.6521,-90.949081,-226.53607,1069.9386,-147.10976,-212.49748,861.84888,-59.196945,112.99397,1391.3171,-99.118904,240.74057,1081.2218,-112.76828,223.78229,872.83087,-13.488273
2315,23.14,4.5120163,1372.2958,-191.58904,11.099071,1086.6787,55.009644,-109.49321,1391.7025,-90.64537,-226.66946,1076.0638,-147.35764,-211.142,867.41583,-60.577271,109.46069,1395.7999,-98.323212,239.86879,1087.6328,-113.16737,222.60112,878.60168,-14.974732
2316,23.15,4.2763057,1374.394,-191.97549,11.371583,1087.8815,54.976639,-106.07879,1395.3871,-90.014069,-227.15698,1082.0276,-147.63429,-209.72279,872.8761,-61.997623,105.92619,1400.0249,-97.411339,239.41016,1093.7729,-113.35225,221.46259,884.05878,-16.707937
2317,23.16,4.2364244,1376.6047,-192.22858,11.432125,1088.9894,54.697521,-102.79813,1398.8962,-89.77774,-228.50296,1087.6594,-147.77449,-208.27264,878.08032,-63.2812,102.51814,1403.7987,-96.361649,239.27875,1099.5768,-113.23103,220.40878,889.08228,-18.360209
2318,23.17,4.224834,1378.8342,-192.33691,11.556571,1089.9503,54.224274,-99.829262,1402.1027,-89.281082,-230.27626,1092.8856,-148.41512,-206.9037,883.06201,-64.307777,99.480537,1407.1123,-95.258606,239.57336,1104.8822,-112.89773,219.28578,893.66992,-19.884687
2319,23.18,4.2583842,1380.9646,-192.18001,11.564726,1090.7806,53.914436,-97.298965,1404.7924,-89.023529,-232.46362,1097.4983,-149.1781,-205.73723,887.52057,-65.393234,97.036118,1409.8375,-93.895752,240.06287,1109.4714,-112.39002,218.26257,897.42096,-21.501331
2320,23.19,4.3622274,1382.8466,-191.85364,11.531986,1091.4344,53.724613,-94.985558,1407.1637,-87.450226,-234.72235,1101.4972,-149.72389,-205.1304,891.53229,-66.103706,95.199081,1412.0199,-92.742943,241.09474,1113.2659,-112.10877,217.58588,900.48975,-22.949472
2321,23.2,4.6832089,1384.3622,-191.43669,11.364153,1091.9042,53.492832,-93.233101,1408.9406,-86.61087,-236.7438,1104.9535,-150.3159,-205.06032,895.01416,-66.843224,93.880264,1413.7554,-91.506912,242.59576,1116.3281,-112.10694,217.47337,903.35437,-24.129059
2322,23.21,5.0731649,1385.6105,-191.0381,11.252039,1092.1666,53.187092,-91.878372,1410.3054,-85.510414,-238.49828,1107.8768,-150.7832,-205.57603,897.96722,-67.317284,92.980728,1415.0076,-90.35289,244.23703,1118.6003,-112.19331,217.84833,905.38916,-25.175926
2323,23.22,5.5606194,1386.4386,-190.68851,11.079661,1092.2018,52.860519,-90.682137,1411.2766,-83.745834,-240.10344,1110.3684,-151.10236,-206.86011,900.54852,-67.603264,92.274925,1415.8759,-89.470047,245.90274,1120.1702,-112.21073,218.94913,906.74902,-26.050571
2324,23.23,5.9485574,1386.8584,-190.42432,10.898829,1092.1393,52.535061,-89.698853,1412.0675,-83.405289,-241.6741,1112.3931,-151.45923,-208.61508,902.43658,-67.585533,92.017654,1416.3016,-88.735901,247.28548,1121.2666,-112.22079,220.71674,907.64758,-26.634424
2325,23.24,6.3201303,1386.9698,-190.19067,10.740132,1091.958,52.275932,-88.855812,1412.6107,-83.169601,-243.07884,1113.9387,-151.49673,-210.77528,903.77814,-67.255409,92.017189,1416.406,-88.308502,248.40053,1121.8898,-112.20872,223.05351,908.07214,-27.012035
2326,23.25,6.6758699,1386.855,-190.00497,10.484481,1091.6617,52.19656,-88.225174,1412.9238,-82.973801,-244.24684,1115.0713,-151.42577,-213.25121,904.78674,-66.748184,92.278076,1416.2397,-87.869926,249.16585,1122.0688,-112.12578,225.86597,908.14935,-27.162745
2327,23.26,6.9477549,1386.5841,-189.81689,10.262529,1091.2611,52.219105,-87.800911,1413.0834,-82.789886,-245.29906,1115.9896,-151.47392,-215.88573,905.65619,-66.075821,92.721054,1415.9252,-87.733192,249.76137,1121.8973,-112.03745,228.84236,907.76215,-27.325928
2328,23.27,7.2042108,1386.2397,-189.62462,10.036438,1090.8453,52.374741,-87.522896,1413.1022,-82.51062,-246.23486,1116.5231,-151.27544,-218.44687,906.44238,-65.50264,93.404831,1415.5051,-87.628067,250.29689,1121.4241,-111.90359,231.86807,907.17377,-27.290768
2329,23.28,7.3548951,1385.8826,-189.40536,9.8832369,1090.3893,52.553078,-87.397598,1412.9763,-82.235748,-247.15021,1116.8787,-151.33841,-220.71516,907.00116,-65.06057,94.143005,1414.9624,-87.663383,250.71007,1120.7858,-111.65585,234.74556,906.30811,-27.40756
2330,23.29,7.4725657,1385.5653,-189.23953,9.819931,1089.9447,52.73798,-87.378578,1412.7797,-81.958282,-247.91579,1116.9921,-151.31117,-222.64081,907.38446,-64.733894,94.865974,1414.3782,-87.702194,251.03116,1120.0193,-111.23358,237.28882,905.23199,-27.475086
2331,23.3,7.5047464,1385.2476,-189.08411,9.7409945,1089.5496,52.973969,-87.45504,1412.5771,-81.650787,-248.57605,1117.0267,-151.32236,-224.20789,907.53284,-64.418556,95.478737,1413.8805,-87.885582,251.29196,1119.2321,-110.80985,239.41464,904.20416,-27.509295
2332,23.31,7.4563141,1384.9845,-188.95732,9.7863798,1089.3435,53.068359,-87.590134,1412.3594,-81.308464,-249.12495,1116.9534,-151.19801,-225.42195,907.45087,-64.293541,96.118973,1413.4309,-87.976601,251.4232,1118.517,-110.30711,241.05611,903.22748,-27.700895
2333,23.32,7.460165,1384.821,-188.85858,9.8803377,1089.1962,53.256458,-87.75843,1412.1918,-81.092964,-249.49484,1116.8635,-151.10379,-226.29269,907.25098,-64.347099,96.719856,1413.0889,-88.09977,251.45537,1117.9786,-109.87153,242.22713,902.38788,-27.961769
2334,23.33,7.5319247,1384.7158,-188.7455,10.079989,1089.1492,53.319855,-87.917938,1411.9812,-80.932449,-249.70166,1116.6682,-150.89771,-226.8165,906.92889,-64.512306,97.265648,1412.84,-88.097008,251.44008,1117.4993,-109.49191,243.19878,901.91003,-28.243521
2335,23.34,7.6257882,1384.6689,-188.5683,10.277193,1089.1862,53.328434,-88.114044,1411.7889,-80.948662,-249.71117,1116.457,-150.84402,-227.03352,906.57379,-64.928558,97.698433,1412.6921,-88.091827,251.39264,1117.2103,-109.39545,243.6283,901.42383,-28.536583
2336,23.35,7.6660314,1384.5842,-188.34845,10.53038,1089.2739,53.325016,-88.360977,1411.5831,-80.854149,-249.61513,1116.2349,-151.02266,-226.98547,906.17078,-65.197266,98.130333,1412.5341,-88.046921,251.41322,1116.9918,-109.5603,243.66203,901.06274,-28.895405
2337,23.36,7.7267838,1384.4805,-187.94798,10.802003,1089.3652,53.247875,-88.673653,1411.3069,-80.686241,-249.58278,1115.9075,-151.41324,-226.63385,905.76019,-65.630066,98.564331,1412.3652,-87.993027,251.54611,1116.7623,-110.00323,243.41301,900.77234,-29.211172
2338,23.37,7.7669153,1384.3398,-187.60497,11.043721,1089.4109,53.102829,-89.202194,1411.0127,-80.615616,-249.53677,1115.3505,-151.90598,-226.08868,905.21448,-66.046562,99.126205,1412.0972,-87.877602,251.73703,1116.3633,-110.58237,242.86108,900.40155,-29.449434
2339,23.38,7.8177786,1384.1705,-187.21118,11.262796,1089.4509,52.982471,-89.781761,1410.5994,-80.48101,-249.36382,1114.5905,-152.38335,-225.46379,904.42896,-66.464478,99.794632,1411.7568,-87.785118,251.98001,1115.7649,-111.20338,242.11707,899.88867,-29.608105
2340,23.39,7.9870586,1383.9451,-186.84087,11.473985,1089.3959,52.788441,-90.41008,1410.1305,-80.417152,-249.16617,1113.6572,-152.84462,-224.61014,903.48553,-66.948105,100.61521,1411.2992,-87.66452,252.33015,1114.9984,-112.13933,241.26588,899.21161,-29.683243
2341,23.4,8.196414,1383.6599,-186.55286,11.632744,1089.3375,52.556908,-91.063599,1409.5105,-80.260948,-248.78004,1112.5044,-153.21783,-223.69014,902.44391,-67.430901,101.61343,1410.7603,-87.527573,252.71384,1113.9019,-113.01939,240.32741,898.41913,-29.649725
2342,23.41,8.5278244,1383.2621,-186.19618,11.745494,1089.1924,52.329506,-91.72702,1408.7314,-80.269897,-248.23907,1111.2909,-153.69774,-222.81303,901.271,-67.7005,102.65391,1410.0795,-87.48806,253.06165,1112.7021,-113.98441,239.33847,897.46564,-29.519867
2343,23.42,8.8149776,1382.7717,-185.8959,11.79916,1088.9561,52.218185,-92.439117,1408.0573,-80.477982,-247.54976,1109.9561,-154.44289,-221.88155,900.15417,-68.010132,103.72639,1409.2881,-87.455696,253.3949,1111.2722,-115.03067,238.34518,896.44867,-29.341261
2344,23.43,9.0449944,1382.2023,-185.62727,11.851249,1088.6841,52.137779,-93.167534,1407.2511,-80.965134,-246.84297,1108.481,-155.2791,-220.89769,898.85999,-68.435211,104.80415,1408.4279,-87.521553,253.53813,1109.7622,-115.84935,237.36523,895.37073,-29.012825
2345,23.44,9.2449617,1381.5582,-185.4704,11.890724,1088.3087,52.117199,-93.771233,1405.8708,-81.393692,-246.0634,1106.8798,-156.12752,-219.9659,897.44379,-68.620659,105.95943,1407.4979,-87.612175,253.47716,1108.0262,-116.33079,236.28955,894.1488,-28.762659
2346,23.45,9.4374084,1380.7986,-185.26228,11.928578,1087.9286,52.036816,-94.485802,1404.811,-80.636078,-245.20186,1105.0465,-156.68329,-218.95483,895.81409,-68.787102,107.12597,1406.3678,-87.842384,253.64354,1106.2426,-117.022,235.18843,892.74347,-28.367407
2347,23.46,9.6519213,1380.0236,-185.04941,11.998999,1087.5255,51.92701,-95.414581,1403.4144,-81.804489,-244.37949,1103.0067,-157.25229,-217.9169,894.0777,-68.96862,108.3892,1405.0674,-88.1007,253.6223,1104.2614,-117.34628,234.01038,891.14874,-27.967653
2348,23.47,9.8663826,1379.1726,-184.87221,12.067908,1087.1622,51.861248,-96.495789,1401.8342,-82.070213,-243.63101,1100.7042,-157.79199,-216.81876,892.15314,-69.237206,109.78846,1403.6036,-88.486137,253.58623,1102.0225,-117.50795,232.66571,889.18488,-27.520412
2349,23.48,10.089157,1378.2445,-184.70389,12.154164,1086.7627,51.786518,-97.757324,1400.0721,-82.384186,-242.9819,1098.1025,-158.45998,-215.58336,889.76678,-69.371437,111.4154,1401.9777,-88.848892,253.56906,1099.4611,-117.50791,231.19441,886.9577,-27.026369
2350,23.49,10.383824,1377.2853,-184.48285,12.271091,1086.4276,51.737988,-99.290802,1398.1567,-82.852409,-242.28372,1095.1083,-159.03288,-214.25858,886.77277,-69.295952,113.31923,1400.1761,-89.178825,253.60611,1096.5551,-117.46849,229.64656,884.37543,-26.503143
2351,23.5,10.689741,1376.3947,-184.17363,12.391929,1086.0634,51.739971,-101.06431,1396.0647,-83.33075,-241.55928,1091.8854,-159.91493,-213.09879,883.99695,-69.083466,115.40072,1398.1444,-89.492355,253.72159,1093.3428,-117.38522,228.01746,881.49731,-25.812284
2352,23.51,11.054293,1375.4449,-183.67755,12.49754,1085.653,51.751057,-102.98029,1393.7203,-83.804581,-240.91766,1088.2864,-160.9469,-212.10588,880.98285,-68.732735,117.68056,1395.8198,-89.735931,253.88271,1089.7217,-117.3336,226.45464,878.33514,-25.010687
2353,23.52,11.26922,1374.5375,-182.91934,12.61797,1085.2136,51.730427,-105.17895,1390.97,-84.119102,-240.24214,1084.3318,-162.19682,-211.24425,877.73505,-68.356964,120.11385,1393.1088,-89.935516,254.02567,1085.7795,-117.44019,224.87628,874.86639,-24.127558
2354,23.53,11.345853,1373.7059,-181.76547,12.716363,1084.6692,51.691345,-107.42217,1387.9003,-84.822311,-239.54617,1080.0502,-163.54199,-210.56561,874.07947,-67.934967,122.69341,1390.0427,-90.13974,254.18121,1081.3137,-117.51943,223.38812,871.06689,-23.240355
2355,23.54,11.400223,1372.7777,-180.30205,12.849028,1084.0841,51.545044,-109.82276,1384.3553,-85.277046,-238.5479,1075.3142,-165.02769,-210.00931,869.9577,-67.470795,125.51122,1386.5713,-90.311401,254.33499,1076.4471,-117.75515,221.97162,866.84045,-22.185944
2356,23.55,11.291787,1371.8175,-178.46588,12.915853,1083.4736,51.408607,-112.31046,1380.4586,-86.310921,-238.29492,1070.0457,-165.96988,-209.49362,865.33716,-67.039055,128.41667,1382.7223,-90.553955,254.45769,1071.0635,-117.86064,220.6517,862.13525,-21.06813
2357,23.56,11.035506,1370.4038,-176.06165,12.930255,1082.6556,51.198112,-114.87852,1376.1191,-87.025162,-237.71805,1064.3342,-166.95747,-209.07661,860.31378,-66.662155,131.46043,1378.4644,-90.905746,254.84053,1065.2372,-118.2881,219.39288,857.01349,-19.969662
2358,23.57,10.699995,1368.5544,-174.36768,12.929317,1081.7386,50.987751,-117.50492,1371.4581,-87.902695,-237.31398,1058.2162,-167.84706,-208.1962,854.09985,-67.094162,134.53401,1373.8635,-91.163223,254.99886,1058.9672,-118.52532,218.23013,851.30164,-18.985157
2359,23.58,11.200311,1366.1658,-174.37514,12.903432,1080.7761,50.773373,-120.20731,1366.4255,-88.194115,-236.56789,1051.7234,-168.64658,-208.00121,848.11053,-66.766113,137.41193,1368.9904,-91.446968,255.07143,1052.2756,-118.47701,217.27161,845.01917,-18.159861
2360,23.59,11.820868,1364.2792,-174.69333,12.771733,1079.688,50.523521,-122.65059,1361.5067,-89.989258,-236.31055,1044.7196,-168.73769,-208.44316,841.13568,-65.224159,140.02695,1363.7416,-91.753166,254.91849,1045.2666,-118.06829,216.4285,838.07928,-17.594542
2361,23.6,12.059514,1361.7601,-175.24026,12.744952,1078.4429,50.48193,-125.07562,1356.3533,-90.838432,-236.38185,1037.3135,-168.25098,-208.60878,834.17004,-65.207794,142.15889,1358.1631,-92.153511,254.57138,1038.0474,-117.18443,215.896,830.56512,-17.294294
2362,23.61,12.250244,1359.4346,-176.04071,12.726299,1077.1886,50.529621,-127.35532,1351.1847,-91.878815,-235.93555,1029.8801,-167.91998,-209.11679,826.67175,-64.92675,143.9198,1352.4384,-92.770966,254.0332,1030.7794,-115.89954,215.487,822.51331,-17.128859
2363,23.62,12.386127,1357.136,-177.12779,12.589801,1075.8762,50.621334,-129.3941,1346.0773,-92.982697,-235.72337,1022.3968,-166.98524,-209.7191,819.00458,-64.617256,145.35428,1346.8955,-93.468048,253.3651,1023.4692,-114.04416,215.14679,814.14069,-17.056583
2364,23.63,12.65861,1355.2283,-178.65382,12.377393,1074.6853,50.643368,-131.13693,1341.0455,-93.84404,-235.55592,1015.0454,-165.6813,-210.47806,811.19055,-64.520721,146.76913,1341.7831,-94.168114,252.58536,1016.298,-111.89599,214.70757,805.65424,-17.117699
2365,23.64,12.56667,1352.8804,-178.99849,12.201499,1073.551,50.617798,-132.70253,1336.41,-94.8451,-235.36278,1007.9622,-163.94543,-211.19878,803.55817,-64.289383,148.03142,1337.1736,-94.742867,251.71223,1009.6427,-109.36547,214.19907,797.50342,-17.369518
2366,23.65,13.021429,1351.5684,-180.7216,12.012436,1072.5259,50.657322,-133.82162,1332.1826,-95.926079,-234.94301,1001.5156,-161.80856,-211.83711,796.35602,-64.068405,148.95963,1333.3605,-95.181885,250.62173,1003.7888,-106.55538,213.49472,790.10919,-17.831776
2367,23.66,13.149396,1350.2556,-181.76175,11.774931,1071.6433,50.727928,-134.70416,1329.2147,-97.242203,-234.45049,996.03168,-159.11833,-212.17368,790.36163,-63.984142,149.60828,1330.4927,-95.198524,249.41014,999.26715,-103.49751,212.62086,784.03827,-18.6448
2368,23.67,12.871562,1348.9778,-182.25581,11.56721,1070.9952,50.848976,-135.43684,1327.4363,-97.672951,-233.63783,992.17371,-156.2205,-212.10458,786.05188,-64.047943,149.69482,1328.7596,-94.802803,247.89655,996.48743,-100.06528,211.72995,779.78833,-19.53344
2369,23.68,13.026707,1348.7466,-183.67625,11.326603,1070.603,50.971035,-135.49908,1326.826,-98.000069,-232.82021,990.72858,-152.92841,-211.69727,783.78326,-64.492104,149.09258,1328.1774,-94.361794,246.00717,995.90204,-96.510056,210.7467,777.71997,-20.483103
2370,23.69,12.642976,1348.308,-183.7141,11.082757,1070.6157,51.009174,-135.2816,1327.2776,-98.168739,-231.00301,991.60138,-150.14351,-211.17218,783.35779,-64.701187,148.13646,1328.5447,-93.965828,243.59059,997.10889,-93.360092,209.74469,777.47638,-21.259506
2371,23.7,12.493767,1348.4875,-184.11395,10.855484,1070.9113,50.825352,-134.84085,1328.3069,-98.263443,-228.91365,993.9743,-147.81073,-210.49123,784.08649,-64.961082,147.16321,1329.6339,-93.781052,240.98845,999.13403,-90.555328,209.02275,778.39069,-21.449116
2372,23.71,12.363593,1348.9283,-184.48918,10.604228,1071.4172,50.601566,-134.29442,1329.7399,-98.400803,-227.00356,996.77972,-145.69153,-209.80727,785.54358,-64.882652,146.06131,1331.0215,-93.698891,239.12685,1001.5118,-88.594856,208.54166,779.99878,-21.079659
2373,23.72,12.496245,1349.7166,-185.05878,10.28349,1072.1039,50.082863,-133.71881,1331.2985,-98.478813,-225.57536,999.41583,-144.2384,-208.99797,787.33392,-64.623634,144.98143,1332.5739,-93.76532,238.18005,1003.9714,-87.444016,208.05913,782.1076,-20.282635
2374,23.73,12.328875,1350.3318,-185.16795,10.003454,1072.8534,49.474407,-133.16367,1332.8254,-98.322647,-224.864,1001.6165,-143.52255,-207.99106,789.18311,-64.258034,144.03981,1334.0354,-93.880524,238.18823,1006.4941,-86.81382,207.36986,784.57477,-19.581839
2375,23.74,11.844553,1350.6042,-184.55652,9.8372383,1073.5887,49.053474,-132.69975,1334.2172,-98.151825,-224.82721,1003.4385,-143.38554,-206.89809,790.80591,-63.698002,143.26674,1335.3799,-94.105904,238.8484,1008.8607,-86.745667,206.45546,787.13361,-18.748796
2376,23.75,11.865829,1351.5546,-184.95982,9.7365713,1074.2371,48.70348,-132.34961,1335.3251,-97.827095,-225.43552,1004.8245,-143.64679,-205.75684,792.11639,-63.070038,142.71648,1336.6086,-94.340721,240.011,1010.9513,-87.156738,205.61746,789.45642,-17.902227
2377,23.76,11.400055,1351.7424,-184.13715,9.6650038,1074.7781,48.314392,-132.17708,1336.0802,-97.576416,-226.55614,1005.6859,-144.06177,-204.90141,793.04889,-62.644051,142.40619,1337.5465,-94.59079,241.60394,1012.7225,-87.687622,204.79036,791.38214,-16.964672
2378,23.77,11.138717,1352.0514,-183.91913,9.6739826,1075.2417,48.1618,-132.17767,1336.4465,-97.281982,-227.90871,1005.9387,-144.45676,-204.43257,793.56604,-62.17939,142.28636,1338.1882,-94.900604,243.33191,1013.8815,-88.043182,204.20166,792.80292,-16.098118
2379,23.78,10.916624,1352.1425,-183.72127,9.7318401,1075.5179,48.08923,-132.34457,1336.4498,-97.052902,-228.99675,1005.9012,-145.13239,-204.41451,793.72241,-61.932091,142.34251,1338.4849,-95.242073,245.02658,1014.4066,-87.964142,204.0491,793.75769,-15.132839
2380,23.79,10.987993,1352.3007,-184.20711,9.8153982,1075.5839,48.222752,-132.57959,1336.1461,-96.974838,-230.21278,1005.3847,-145.31824,-204.82478,793.60645,-61.740814,142.54854,1338.4894,-95.672188,246.54938,1014.4526,-87.523933,204.32645,793.96289,-15.075868
2381,23.8,10.594149,1351.5526,-183.55354,10.016067,1075.3607,48.417442,-132.85275,1335.59,-97.139244,-231.43079,1004.6486,-144.91696,-205.61365,793.14691,-61.58807,142.75626,1338.2611,-96.10508,247.7384,1014.2922,-86.960335,205.23146,794.03412,-14.2654
2382,23.81,10.498769,1350.9637,-183.56659,10.139574,1074.9063,48.694683,-133.00079,1334.8112,-97.383354,-232.0918,1003.8706,-144.77493,-206.72977,792.4101,-61.491547,142.97754,1337.8075,-96.614235,248.60257,1014.0842,-86.424141,206.5726,794.13416,-12.511429
2383,23.82,10.463373,1350.3293,-183.82281,10.308276,1074.4231,48.906738,-133.12706,1333.9539,-97.712425,-232.46674,1003.0455,-144.5896,-207.82773,791.46631,-61.418079,143.12061,1337.2119,-97.051048,248.8632,1013.7973,-86.003456,208.3186,793.71405,-11.612352
2384,23.83,10.417504,1349.7546,-184.07896,10.458051,1073.7556,49.352894,-133.17047,1333.0167,-98.172058,-232.69524,1002.1682,-144.18379,-208.88159,790.44574,-61.34343,143.20602,1336.4725,-97.460457,248.73651,1013.3667,-85.596161,210.19708,792.85455,-11.438032
2385,23.84,10.481492,1349.181,-184.34285,10.634652,1073.0841,49.83551,-133.20619,1332.1764,-98.528946,-232.82315,1001.279,-143.74005,-209.85081,789.30566,-61.210495,143.26628,1335.7292,-97.737831,248.44266,1012.8201,-85.184601,212.09564,792.25507,-10.068324
2386,23.85,10.463582,1348.7076,-184.64297,10.779602,1072.4983,50.364014,-133.21471,1331.4261,-98.803696,-232.87114,1000.4214,-143.27908,-210.5589,788.2934,-60.942989,143.31375,1335.0641,-97.893532,247.99727,1012.1603,-84.586906,213.70386,791.4624,-9.3674383
2387,23.86,10.522003,1348.3536,-184.86835,10.926229,1072.0186,50.96841,-133.26328,1330.7802,-98.874039,-232.83755,999.56262,-142.71478,-211.14664,787.39508,-60.588139,143.34593,1334.4678,-97.950882,247.64978,1011.5181,-84.068207,214.90666,790.70935,-8.8100109
2388,23.87,10.541163,1348.1628,-185.13786,11.016598,1071.778,51.349277,-133.31979,1330.3141,-98.949318,-232.83733,998.83533,-142.25102,-211.541,786.74603,-60.056297,143.33998,1333.986,-97.854134,247.31129,1010.9353,-83.590889,215.55452,790.12177,-8.3406191
2389,23.88,10.796465,1348.3555,-185.84145,11.067607,1071.6705,51.630768,-133.38017,1330.0798,-99.02179,-232.87538,998.34192,-141.80305,-211.78506,786.33771,-59.377274,143.3362,1333.7031,-97.698685,247.00668,1010.5515,-83.241058,215.73659,789.74475,-7.9405923
2390,23.89,10.794312,1348.2928,-185.97708,11.103687,1071.7448,51.741745,-133.41594,1330.0233,-99.108498,-232.93248,998.08246,-141.22954,-211.82399,786.31274,-58.536102,143.272,1333.5817,-97.587479,246.75247,1010.3793,-82.835579,215.47997,789.53455,-7.5965252
2391,23.9,10.766241,1348.2383,-186.06905,11.092064,1071.9375,51.681248,-133.46317,1330.1302,-99.246361,-233.03961,998.09558,-140.57358,-211.72661,786.48468,-57.585537,143.19789,1333.6353,-97.590919,246.51617,1010.3956,-82.272552,214.88297,789.59009,-7.2356563
2392,23.91,10.732126,1348.2489,-186.23639,11.013269,1072.255,51.514053,-133.49583,1330.4009,-99.436058,-233.237,998.33722,-139.89334,-211.56613,786.89362,-56.419968,143.10519,1333.8871,-97.674423,246.35764,1010.6256,-81.703209,214.05379,789.78479,-6.930984
2393,23.92,10.700607,1348.3328,-186.42334,10.895163,1072.5812,51.290112,-133.46794,1330.7073,-99.681877,-233.32594,998.66565,-139.26448,-211.19237,787.40527,-55.033104,143.0038,1334.1945,-97.819695,246.18523,1010.9896,-81.074791,213.15468,790.15326,-6.6342101
2394,23.93,10.416483,1348.0248,-185.8862,10.8389,1072.9149,50.974873,-133.40068,1331.0472,-99.856468,-233.71973,999.10364,-138.66356,-210.83417,788.00037,-53.334316,142.905,1334.5469,-98.025703,246.02867,1011.4756,-80.439796,212.16206,790.58502,-6.3425803
2395,23.94,10.398333,1348.1124,-185.99409,10.828231,1073.2445,50.629364,-133.34544,1331.3666,-100.20277,-234.19423,999.53149,-137.96498,-210.35136,788.6366,-51.595768,142.79536,1334.8512,-98.253517,245.94733,1012.0124,-79.964668,211.2525,791.03204,-6.0002174
2396,23.95,10.358985,1348.1853,-186.1013,10.723597,1073.5322,50.429523,-133.25591,1331.6304,-100.51085,-234.44116,999.92303,-137.28223,-209.88928,789.31354,-49.630283,142.63722,1335.0327,-98.496597,245.94804,1012.4537,-79.578094,210.43993,791.33337,-6.1504383
2397,23.96,10.347885,1348.1543,-186.11476,10.667158,1073.7095,50.288898,-133.17133,1331.8252,-100.84086,-235.51907,1000.1475,-136.08421,-209.59962,789.84247,-47.208561,142.48032,1335.1343,-98.747017,246.04408,1012.7523,-79.153099,209.85706,791.82544,-4.7727923
2398,23.97,10.500957,1348.4189,-186.63063,10.627378,1073.8633,50.16832,-133.153,1331.8799,-101.12493,-236.32228,1000.3024,-135.00079,-209.41246,790.38904,-44.517567,142.36342,1335.1138,-98.944313,246.20193,1012.8683,-78.741852,209.42365,792.17303,-3.7417436
2399,23.98,10.169697,1347.9932,-186.21837,10.558669,1073.8688,50.312599,-133.18698,1331.7979,-101.36324,-237.36099,1000.2884,-133.78809,-209.63812,790.99506,-41.3596,142.27577,1334.9934,-99.200829,246.48137,1012.8519,-78.240631,209.21484,792.39386,-2.3644319
2400,23.99,10.090696,1347.8522,-186.31734,10.515651,1073.8068,50.415531,-133.18492,1331.5912,-101.5264,-238.25302,1000.1173,-132.60272,-210.34221,791.83386,-37.68029,142.18236,1334.7551,-99.381935,246.95831,1012.778,-77.800133,209.28653,792.40558,-1.3953863
2401,24.0,10.021558,1347.7075,-186.39133,10.430842,1073.658,50.613907,-133.2196,1331.2709,-101.68404,-239.75395,999.83893,-131.03546,-211.70872,792.75616,-33.003765,142.1144,1334.4341,-99.554085,247.65936,1012.6517,-77.011269,209.64319,792.70782,0.95106512
2402,24.01,10.169362,1347.7876,-186.8817,10.33354,1073.4838,50.719311,-133.22037,1330.9508,-101.97089,-241.93442,999.65894,-129.31152,-213.64143,794.17078,-27.657843,142.028,1334.0458,-99.638458,248.7966,1012.4907,-76.118095,210.2773,793.32147,4.1019187
2403,24.02,10.165002,1347.6251,-186.97452,10.24091,1073.2815,50.812031,-133.19464,1330.6021,-102.21511,-243.73366,999.62683,-127.59599,-216.31439,796.09686,-21.464876,141.95364,1333.6565,-99.786133,250.39226,1012.3787,-75.212479,211.2742,794.3764,8.1120129
2404,24.03,10.181683,1347.5469,-187.14447,10.107959,1073.0537,50.743477,-133.10715,1330.3625,-102.56996,-246.58633,999.81311,-125.43918,-219.60028,798.85815,-14.553357,141.90988,1333.3535,-99.91185,252.47711,1012.5303,-74.212738,212.99149,796.1825,13.362531
2405,24.04,10.21648,1347.4916,-187.30118,10.017559,1072.8448,50.708046,-132.90703,1330.2391,-103.01859,-249.49275,1000.4072,-123.64198,-223.56882,802.5343,-6.5814872,141.81477,1333.1604,-100.0575,255.00266,1012.9504,-73.210968,215.56917,799.24976,20.819012
2406,24.05,10.113479,1347.241,-187.12874,9.9126959,1072.675,50.490799,-132.63907,1330.2899,-103.46184,-252.39316,1001.2816,-122.05178,-228.0659,807.29803,2.2166994,141.6893,1333.115,-100.30782,257.8927,1013.6907,-72.199768,219.31802,802.69244,27.915241
2407,24.06,10.130836,1347.2628,-187.34508,9.8289185,1072.5669,50.207516,-132.28595,1330.4865,-104.08531,-256.05173,1002.4991,-120.42056,-233.1348,813.33533,11.924423,141.46414,1333.1769,-100.66516,261.09964,1014.8004,-71.058395,224.02686,807.97174,38.043514
2408,24.07,10.138901,1347.3608,-187.68811,9.7767153,1072.5632,49.833786,-131.81837,1330.8043,-104.82715,-260.14993,1004.0062,-118.59665,-238.8127,820.74109,22.520563,141.17116,1333.3665,-101.20629,264.57248,1016.1931,-70.089813,229.54684,814.37811,49.245003
2409,24.08,10.144858,1347.4655,-187.99763,9.7535076,1072.6064,49.447556,-131.24174,1331.266,-105.76709,-264.50128,1005.9315,-116.53859,-245.04524,829.59967,33.761559,140.82668,1333.6827,-101.78448,268.26764,1017.777,-68.879234,235.66214,821.98505,60.620918
2410,24.09,10.194878,1347.6024,-188.42065,9.7621727,1072.7288,49.117134,-130.56984,1331.7886,-106.65786,-269.20148,1008.3606,-114.36105,-251.83278,840.12354,45.501331,140.47884,1334.0566,-102.47137,272.06143,1019.662,-67.436249,241.9951,831.2655,73.506233
2411,24.1,10.254681,1347.7463,-188.98543,9.7889795,1072.8781,48.793377,-129.82898,1332.4331,-107.75814,-274.07977,1011.3001,-112.04699,-258.98309,852.32745,57.514458,140.05632,1334.4817,-103.36227,275.97858,1021.9363,-65.380104,248.53339,842.35577,87.308571
2412,24.11,10.339257,1347.7634,-189.60457,9.9053173,1073.2179,48.39101,-129.08333,1333.1121,-109.06039,-279.15805,1014.6666,-109.52418,-266.37332,866.08875,69.818031,139.71518,1334.9183,-104.35644,280.19925,1024.7039,-62.634422,255.23138,855.31769,101.46349
2413,24.12,10.476141,1347.7288,-190.35689,9.9782963,1073.6646,47.9384,-128.30171,1333.8309,-110.30283,-284.2543,1018.5565,-106.90491,-273.90189,881.39386,82.031136,139.31203,1335.3721,-105.45287,284.67249,1028.0969,-59.330254,262.23834,870.31775,115.85863
2414,24.13,10.798878,1347.8944,-191.69366,10.064394,1074.0973,47.523869,-127.44796,1334.5986,-111.81329,-289.43689,1022.8566,-104.21267,-281.21527,898.61542,93.939362,139.02393,1335.8625,-106.67902,289.28729,1032.1017,-55.663528,269.29437,887.35449,130.33516
2415,24.14,10.8089,1347.4059,-192.11543,10.127831,1074.5101,47.097031,-126.59081,1335.3419,-113.077,-294.47095,1027.5658,-101.31794,-288.55664,917.70245,105.38879,138.71031,1336.328,-107.86708,293.88968,1036.4744,-51.665958,276.46716,906.50934,144.37701
2416,24.15,10.977139,1347.1432,-193.10728,10.162208,1074.9677,46.732372,-125.76921,1336.0804,-114.48621,-299.42172,1032.6263,-98.205917,-295.79016,938.61469,116.36122,138.40891,1336.7531,-109.22192,298.29303,1041.1447,-47.678547,283.29556,927.52094,157.89725
2417,24.16,11.239946,1346.8079,-194.30037,10.235693,1075.4331,46.406242,-124.91399,1336.8534,-115.92849,-304.72586,1038.2135,-94.992157,-302.85849,961.28174,126.38484,138.05962,1337.2192,-110.56037,302.62131,1046.6661,-43.577892,289.73981,950.31921,170.13542
2418,24.17,11.618067,1346.6198,-195.57901,10.260764,1075.851,46.100758,-124.0517,1337.6594,-117.59708,-310.10452,1044.2811,-91.727753,-309.69791,985.43591,135.32245,137.77599,1337.7294,-111.83652,307.28494,1053.2191,-39.334805,295.60449,974.62811,181.40744
2419,24.18,11.76552,1345.9994,-196.60562,10.30917,1076.2311,45.893131,-123.18716,1338.3309,-118.85354,-315.31967,1050.7552,-88.231483,-315.84561,1011.058,143.12859,137.42227,1338.2021,-113.0234,311.92078,1060.4664,-34.899136,300.97229,1000.6049,191.10382
2420,24.19,11.981233,1345.4105,-197.56932,10.372185,1076.6617,45.641911,-122.38286,1339.074,-120.40309,-320.53754,1057.597,-84.63221,-321.47992,1037.4718,149.51625,137.05185,1338.5973,-114.26126,316.5679,1068.3495,-30.487619,305.60205,1027.1388,199.69786
2421,24.2,12.235899,1344.8589,-198.64372,10.401279,1077.0699,45.440308,-121.54502,1339.787,-121.7923,-325.66245,1064.9083,-80.93045,-326.17966,1064.739,154.20006,136.64374,1338.9789,-115.31212,321.00427,1076.8069,-26.109894,310.01218,1055.5166,205.86891
2422,24.21,12.476713,1344.413,-199.81404,10.41007,1077.4014,45.293278,-120.82544,1340.5206,-123.19981,-330.63593,1072.6017,-77.044655,-330.19751,1092.7098,156.65509,136.18237,1339.3987,-116.25356,325.41086,1085.9225,-22.047569,313.81409,1083.4031,209.74579
2423,24.22,12.558327,1343.739,-200.59125,10.376631,1077.7257,45.195904,-120.03499,1341.1727,-124.11792,-335.36923,1080.7997,-73.38063,-333.77264,1120.1534,158.02534,135.64864,1339.8528,-117.12727,329.56412,1095.1456,-18.132673,316.76575,1111.7451,212.00381
2424,24.23,12.766683,1343.2267,-201.58258,10.318423,1078.0776,45.185181,-119.23299,1341.8809,-125.41121,-339.90448,1089.3979,-69.629562,-336.28665,1148.337,157.54654,135.08951,1340.2673,-117.87837,332.99194,1104.1599,-14.06007,318.99777,1140.0508,212.49268
2425,24.24,12.891132,1342.5498,-202.26451,10.23513,1078.4083,45.293091,-118.4447,1342.5106,-126.4019,-344.37891,1098.2694,-65.295174,-338.086,1176.2906,155.39563,134.54889,1340.7347,-118.3984,335.76382,1113.4591,-10.485653,320.60046,1168.2772,211.00742
2426,24.25,13.034044,1341.9026,-202.95673,9.9203606,1079.0015,46.185413,-117.57743,1343.1062,-127.0461,-348.57346,1107.886,-62.217209,-339.24637,1203.7793,151.61565,133.88515,1341.2034,-118.88065,338.19202,1122.9569,-7.4406567,321.84079,1196.0602,207.48016
2427,24.26,13.129771,1341.2201,-203.56203,9.8828392,1079.1246,46.460106,-116.66764,1343.7721,-127.75767,-352.67715,1117.72,-58.646042,-339.72852,1230.4873,146.49358,133.2634,1341.7358,-119.22126,340.68027,1132.6084,-4.8993201,322.64371,1223.1947,202.09447
2428,24.27,13.238212,1340.6093,-204.25951,9.6894188,1079.4622,46.735023,-115.74744,1344.4138,-128.50249,-356.54803,1127.7146,-55.294796,-339.59116,1256.2471,139.68805,132.63062,1342.2344,-119.48587,343.24124,1142.406,-2.6458054,322.11911,1248.9738,195.98808
2429,24.28,13.376335,1339.9856,-204.73714,9.4894648,1079.8433,47.111042,-114.80098,1345.0742,-129.00893,-360.14597,1137.9445,-52.199211,-338.87955,1280.9948,131.60664,131.95731,1342.7284,-119.73428,345.90833,1152.4683,-0.51320261,321.57425,1273.7634,188.02269
2430,24.29,13.506903,1339.1981,-205.0473,9.2758665,1080.1792,47.549404,-113.97393,1345.7684,-129.6187,-363.60022,1148.2577,-49.529675,-337.55695,1304.2222,122.30153,131.2769,1343.2052,-119.92746,348.46637,1162.7544,1.5777693,320.6412,1296.9496,179.21109
2431,24.3,13.656279,1338.4836,-205.39598,8.9851446,1080.2113,47.691536,-112.94441,1346.3956,-129.68446,-366.82428,1158.4783,-47.150322,-335.7652,1326.1942,112.05385,130.59238,1343.7031,-120.09765,350.74561,1173.098,3.4336572,319.37909,1318.813,169.46393
2432,24.31,13.700474,1337.8279,-205.63266,8.8582907,1080.9476,48.043526,-112.01708,1347.0774,-130.06618,-369.71246,1168.7904,-45.313145,-333.55759,1346.7478,100.9939,129.73274,1343.9919,-120.13024,352.91998,1183.4584,4.9873614,317.8154,1338.7725,160.11104
2433,24.32,13.740869,1337.2098,-205.92921,8.6293907,1081.2921,48.767963,-111.06902,1347.671,-130.15993,-372.61807,1178.9092,-43.64769,-330.9487,1365.7899,89.044327,129.05981,1344.4894,-120.3543,354.82266,1193.6049,5.8857818,315.91895,1357.8243,149.32375
2434,24.33,13.803378,1336.5891,-206.29816,8.4499168,1081.7012,49.522125,-110.22078,1348.2428,-130.38002,-375.11536,1188.9451,-42.600044,-328.04968,1383.3075,76.496262,128.29459,1344.8118,-120.5247,356.41229,1203.338,6.1228337,314.16348,1375.6654,137.25377
2435,24.34,13.837433,1335.9658,-206.53954,8.2630939,1082.0841,50.30479,-109.3628,1348.7948,-130.39951,-377.49353,1198.7411,-41.883099,-324.86752,1399.1975,63.318165,127.13254,1345.204,-119.98917,357.75363,1212.5027,5.6906261,311.41241,1391.4266,127.20974
2436,24.35,13.935112,1335.1725,-206.70561,8.0984793,1082.4674,51.175282,-108.47323,1349.3334,-130.41151,-379.65955,1208.1577,-41.55328,-321.34073,1413.4655,49.885025,126.24997,1345.5388,-119.88704,358.91809,1221.1093,4.5523396,309.30042,1406.1919,113.8771
2437,24.36,14.030648,1334.3477,-206.79048,8.0236454,1082.6537,52.077534,-107.68508,1349.9063,-130.38513,-381.70175,1217.1721,-41.799881,-317.65311,1426.0723,36.202492,125.4333,1345.8636,-119.6936,360.20493,1229.1962,3.0439262,307.09781,1418.8964,101.13448
2438,24.37,14.100454,1333.6559,-206.81419,7.909256,1083.047,53.220924,-106.86156,1350.4725,-130.18831,-383.50061,1225.7662,-42.582504,-313.86792,1437.0479,22.396635,124.631,1346.1882,-119.44049,361.57901,1236.7711,1.2435373,304.5415,1430.4498,88.21833
2439,24.38,14.121432,1333.13,-206.65729,7.7842822,1083.313,54.239281,-106.03156,1351.0541,-129.83765,-385.22186,1233.8785,-43.702778,-310.05328,1446.4956,8.1634417,123.77462,1346.4489,-119.16151,362.85864,1243.7777,-0.92570043,302.1918,1440.4803,74.234444
2440,24.39,14.189769,1332.6503,-206.4267,7.6951022,1083.5742,55.278671,-105.31887,1351.615,-129.74786,-386.82074,1241.3008,-45.115532,-306.13312,1454.3971,-5.7578735,122.89241,1346.6884,-118.92171,364.13412,1249.9838,-3.3897977,299.75317,1448.903,60.814156
2441,24.4,14.263147,1332.1968,-206.15405,7.6622086,1083.818,56.224957,-104.61816,1352.0134,-129.13876,-388.33893,1248.2826,-47.114342,-302.18008,1460.7632,-19.431761,122.05772,1346.8905,-118.59456,365.3595,1255.4518,-6.1876917,297.22394,1455.7662,47.634678
2442,24.41,14.310361,1331.7133,-205.77396,7.5944567,1084.0046,57.346855,-104.01936,1352.4368,-128.55702,-389.79645,1254.5698,-49.333736,-298.27805,1465.7047,-32.829689,121.32204,1347.0714,-118.25983,366.54767,1260.1661,-9.2668734,294.73972,1461.0858,34.729153
2443,24.42,14.386536,1331.3511,-205.3434,7.5180287,1084.1245,58.358776,-103.43375,1352.8088,-127.84772,-391.16107,1260.1649,-51.944649,-294.27274,1469.2128,-45.693771,120.66557,1347.1504,-117.91292,367.75461,1264.1631,-12.594079,292.25095,1464.9832,21.921761
2444,24.43,14.441639,1331.0076,-204.71454,7.4626703,1084.2754,59.390511,-102.87715,1353.1418,-127.14882,-392.41455,1265.0173,-54.857925,-290.37576,1471.3922,-58.24041,120.11268,1347.1917,-117.50266,369.008,1267.4365,-16.165159,289.83026,1467.5616,9.3819237
2445,24.44,14.540257,1330.7765,-204.20822,7.4186592,1084.3639,60.524273,-102.41545,1353.3956,-126.44532,-393.55905,1269.2242,-58.353168,-286.61819,1472.3237,-70.418716,119.66203,1347.1566,-117.10429,370.11768,1269.8934,-19.930191,287.36996,1468.7501,-1.8034071
2446,24.45,14.589528,1330.5311,-203.69699,7.3767967,1084.4225,61.544365,-101.99457,1353.6677,-125.92824,-394.68204,1272.4819,-61.69397,-283.01556,1472.0621,-82.118698,119.31561,1347.1191,-116.79288,371.25052,1271.3676,-23.988352,284.87418,1468.593,-13.838594
2447,24.46,14.675235,1330.2411,-203.19299,7.3179965,1084.5258,62.572941,-101.70395,1353.843,-125.39245,-395.65005,1274.9368,-65.248123,-279.55212,1470.6472,-93.366699,119.01553,1347.0374,-116.52875,372.2438,1271.8973,-28.145664,282.38577,1467.2494,-24.672497
2448,24.47,14.687666,1329.8602,-202.58983,7.2573857,1084.5527,63.655369,-101.49523,1353.967,-125.0623,-396.53384,1276.6553,-69.007851,-276.08786,1468.2036,-103.98608,118.81262,1346.9167,-116.3068,373.29144,1271.6318,-32.401226,279.95947,1464.8136,-35.574497
2449,24.48,14.672055,1329.5718,-202.26376,7.2438402,1084.7272,64.712082,-101.34586,1354.0134,-124.82921,-397.33408,1277.5111,-72.835777,-272.75049,1464.7839,-113.97581,118.72951,1346.7137,-116.18466,374.18494,1270.4319,-36.704468,277.79166,1461.408,-46.58305
2450,24.49,14.589742,1329.1404,-201.81558,7.2987409,1084.9182,65.694679,-101.22445,1354.0315,-124.67715,-398.11978,1277.5446,-76.650757,-269.50009,1460.5045,-123.36619,118.70619,1346.5004,-116.12615,375.06543,1268.4657,-40.982063,275.44675,1456.874,-56.46941
2451,24.5,14.58441,1328.6663,-201.49442,7.2534857,1085.0156,66.761246,-101.24197,1353.9537,-124.42546,-398.8616,1276.6976,-80.30954,-266.38861,1455.4594,-131.92441,118.82231,1346.2205,-116.20526,375.74454,1265.5682,-45.293526,273.07718,1451.3892,-65.660622
2452,24.51,14.439225,1328.1676,-201.19838,7.2529612,1085.1309,67.662209,-101.31525,1353.8695,-124.36021,-399.32513,1275.2478,-84.163368,-263.36871,1449.702,-139.92235,118.96508,1345.9109,-116.46049,376.29828,1261.8591,-49.708199,270.69388,1445.1573,-73.014168
2453,24.52,14.317329,1327.6434,-200.83719,7.332799,1085.3477,68.473808,-101.47407,1353.7137,-124.35228,-399.84998,1272.9656,-87.582664,-260.42276,1443.4119,-147.02176,119.19481,1345.5664,-116.83236,376.64084,1257.3051,-54.029037,268.62827,1438.3809,-79.847084
2454,24.53,14.15398,1327.1626,-200.67209,7.3391089,1085.4691,69.335091,-101.69301,1353.4801,-124.50309,-400.13547,1270.1919,-91.046883,-257.54651,1436.6068,-153.4026,119.46577,1345.1667,-117.3894,376.82321,1252.0206,-58.405151,266.33444,1430.8627,-86.326057
2455,24.54,13.907426,1326.5745,-200.39291,7.3662295,1085.5974,70.124268,-102.00851,1353.2118,-124.78396,-400.36612,1266.8595,-94.215446,-254.72153,1429.5308,-158.94118,119.80038,1344.7527,-118.02821,376.84259,1246.0774,-62.656746,263.96536,1423.1918,-91.849075
2456,24.55,13.687022,1326.0615,-200.34645,7.3665228,1085.7537,70.780876,-102.0631,1352.9839,-125.93743,-400.34494,1263.056,-97.44796,-251.98221,1422.4875,-163.54912,120.1739,1344.3558,-118.53019,376.55313,1239.5563,-66.92083,261.35287,1414.9674,-96.742943
2457,24.56,13.493626,1325.6228,-200.37744,7.4487519,1085.9296,71.249893,-102.34457,1352.6125,-126.44374,-400.24243,1258.7502,-100.36746,-249.34055,1415.4697,-167.36504,120.53315,1343.8562,-119.24114,375.95654,1232.5192,-71.063126,258.56531,1406.3716,-100.82784
2458,24.57,13.285284,1325.2073,-200.4877,7.4478946,1086.1146,71.8283,-102.65173,1352.2076,-126.90571,-399.89999,1254.1702,-103.21259,-246.62563,1408.1218,-171.18187,120.90384,1343.3538,-120.02834,375.00687,1225.1444,-75.159058,255.7019,1397.6968,-104.14125
2459,24.58,13.161949,1324.799,-200.71652,7.4901886,1086.2373,72.413307,-103.07667,1351.7471,-126.94498,-399.47983,1249.3474,-105.94498,-244.20639,1401.5083,-173.4324,121.35779,1342.822,-120.78635,373.7916,1217.6891,-79.067589,252.69199,1389.1168,-106.56388
2460,24.59,13.042583,1324.3738,-200.94452,7.5445509,1086.3916,72.860825,-103.35091,1351.3242,-127.67223,-398.88248,1244.5211,-108.57505,-241.81364,1395.0612,-175.12402,121.80282,1342.2948,-121.54633,372.30667,1210.2935,-82.938713,249.31084,1380.7677,-108.15688
2461,24.6,12.971211,1323.9894,-201.26445,7.6004272,1086.5035,73.194847,-103.59856,1350.922,-128.22977,-398.17111,1239.5034,-110.8399,-239.52321,1389.2356,-176.06387,122.33539,1341.772,-122.39059,370.66644,1203.0494,-86.572762,245.81439,1372.9167,-108.79634
2462,24.61,12.999412,1323.5283,-201.40048,7.6677999,1086.6105,73.497246,-103.86788,1350.5327,-128.89586,-397.31512,1234.767,-112.96181,-237.30302,1384.2065,-176.11288,122.98358,1341.2693,-123.2612,368.75638,1196.222,-89.984062,242.06813,1365.3687,-109.03799
2463,24.62,12.999965,1323.3778,-201.73035,7.7747602,1086.7178,73.654381,-104.05605,1350.1608,-129.79852,-396.34686,1230.3635,-114.84597,-235.29016,1379.9108,-175.62616,123.64638,1340.8804,-124.04736,366.78961,1189.9734,-93.114662,238.45868,1358.4655,-108.61414
2464,24.63,13.150952,1322.8772,-201.86002,7.8808918,1086.7399,73.671082,-104.08147,1349.8961,-131.06059,-395.38293,1226.4093,-116.34014,-233.44167,1376.3055,-174.72253,124.30264,1340.5468,-124.79417,364.74741,1184.437,-95.942902,234.89128,1352.1089,-108.01511
2465,24.64,13.364136,1322.4285,-201.91026,8.0086937,1086.6895,73.654892,-104.25736,1349.5442,-131.07954,-394.23126,1223.4637,-117.86779,-231.81989,1373.274,-173.66034,124.90542,1340.3091,-125.31075,362.89508,1179.6986,-98.329628,231.55183,1346.339,-107.50976
2466,24.65,13.568715,1322.1189,-201.99779,8.1257076,1086.6216,73.478302,-104.17484,1349.3551,-131.62912,-393.3649,1220.87,-118.71508,-230.27135,1370.8726,-172.5549,125.41402,1340.1354,-125.62965,361.17889,1175.7142,-100.22755,228.6183,1341.3359,-107.21017
2467,24.66,13.745663,1322.1376,-202.34015,8.2408094,1086.5197,73.222679,-104.04444,1349.2635,-132.09871,-392.95505,1218.5099,-118.77884,-229.32416,1368.9969,-171.60022,125.78474,1340.031,-125.78243,359.69885,1172.5176,-101.62753,226.40974,1337.4832,-106.95079
2468,24.67,13.92046,1322.1711,-202.25661,8.3906345,1086.3862,73.015999,-103.94547,1349.2091,-132.08513,-392.30579,1217.5172,-118.97286,-228.51337,1367.7903,-170.60785,126.03497,1339.9835,-125.81286,358.56259,1170.307,-102.43124,225.18994,1335.0724,-106.68911
2469,24.68,14.013527,1322.3624,-202.23448,8.5106831,1086.2095,72.756668,-103.98102,1349.236,-131.63942,-392.07083,1216.9111,-118.47082,-228.1012,1367.3285,-169.5282,126.19449,1340.0322,-125.66682,357.81656,1169.0433,-102.66663,225.01639,1334.1338,-106.34887
2470,24.69,14.056461,1322.668,-202.12096,8.585269,1086.0557,72.403557,-103.97382,1349.3779,-131.57312,-392.14505,1217.1715,-117.7097,-228.01474,1367.5507,-168.51675,126.28829,1340.1565,-125.46669,357.53113,1168.696,-102.33881,225.74837,1334.5476,-106.06844
2471,24.7,14.020113,1322.9434,-201.9527,8.6381931,1085.9305,72.045654,-103.98665,1349.5651,-131.19432,-392.45813,1218.2559,-116.71667,-228.2701,1368.5146,-167.57599,126.2781,1340.4198,-125.18226,357.76828,1169.3259,-101.60654,227.05428,1336.0121,-105.85986
2472,24.71,13.893609,1323.058,-201.44612,8.7076435,1085.8088,71.713303,-103.98022,1349.7811,-130.78053,-393.03543,1220.1031,-115.52999,-228.76369,1370.1414,-166.64478,126.13414,1340.8104,-124.8305,358.49222,1170.8663,-100.54661,228.63751,1338.3608,-105.7027
2473,24.72,13.646217,1323.3431,-201.17915,8.7794733,1085.6862,71.400055,-104.22969,1349.8527,-128.8768,-393.74863,1222.549,-114.02055,-229.46962,1372.426,-165.91277,125.93676,1341.262,-124.36096,359.62708,1173.2936,-99.375343,230.49689,1341.5359,-105.11758
2474,24.73,13.429081,1323.6384,-200.84235,8.8826895,1085.6029,71.078979,-104.10568,1350.157,-128.37521,-394.53308,1225.6071,-112.52448,-230.38812,1375.2573,-165.17178,125.59481,1341.7849,-123.8569,361.10059,1176.5699,-98.259987,232.39783,1345.3777,-104.18046
2475,24.74,13.335164,1323.8407,-201.15511,8.923871,1085.5417,70.718887,-103.95087,1350.4817,-127.84248,-395.47665,1228.8081,-110.62656,-231.5484,1378.7052,-164.43921,125.13593,1342.33,-123.27203,362.97009,1180.6395,-97.297279,234.23021,1349.9041,-102.67728
2476,24.75,13.226534,1324.0388,-201.19383,9.020277,1085.5018,70.300255,-103.69532,1350.8458,-127.41235,-396.28705,1232.6135,-109.22028,-232.84244,1382.6476,-163.69276,124.60883,1342.8923,-122.65121,365.18817,1185.3467,-96.466446,236.3857,1355.0587,-100.40713
2477,24.76,13.129527,1324.1487,-200.90686,9.1185293,1085.5094,69.945702,-103.41779,1351.1674,-126.75848,-397.23102,1236.4844,-107.51026,-234.4841,1387.1443,-162.81596,124.01927,1343.463,-122.00151,367.56903,1190.6938,-95.841324,238.7532,1361.0132,-97.47831
2478,24.77,13.067703,1324.2904,-200.66858,9.1445799,1085.4832,69.530273,-103.19675,1351.4512,-126.16904,-398.21829,1240.6978,-106.27097,-236.42767,1392.2386,-161.83034,123.43362,1344.0439,-121.35742,370.19403,1196.5399,-95.341309,241.52052,1367.5936,-93.916458
2479,24.78,13.01638,1324.4399,-200.42499,9.196784,1085.4194,69.081612,-102.97669,1351.7479,-125.662,-399.28192,1244.8883,-104.68552,-238.73308,1397.8813,-160.33731,122.84337,1344.5913,-120.80492,372.87778,1202.7721,-94.967598,244.75656,1374.8204,-89.762634
2480,24.79,12.929735,1324.5736,-200.1283,9.2372265,1085.3137,68.707253,-102.78865,1351.9933,-125.09562,-400.39667,1249.2648,-103.38113,-241.33607,1403.8398,-158.92812,122.24677,1345.1259,-120.2318,375.53827,1209.3729,-94.743706,248.54613,1382.5751,-85.093132
2481,24.8,12.822104,1324.766,-199.86119,9.2911863,1085.2032,68.375816,-102.64194,1352.2373,-124.42239,-401.52887,1253.6776,-102.05975,-244.58134,1410.8616,-155.8069,121.69355,1345.6158,-119.6205,378.22403,1216.2733,-94.629417,252.80225,1390.7373,-79.901512
2482,24.81,12.765192,1324.9341,-199.5331,9.3504047,1085.0409,67.983467,-102.49599,1352.4994,-123.82581,-402.60471,1258.0087,-100.86301,-248.01802,1418.1155,-153.33284,121.133,1346.011,-119.51228,380.78146,1223.3893,-94.676369,257.66229,1399.2295,-74.164444
2483,24.82,12.71876,1325.1826,-199.2953,9.3396416,1084.8236,67.720818,-102.34885,1352.7451,-123.38979,-403.62183,1262.1434,-99.689896,-251.88318,1425.8082,-150.19978,120.65791,1346.4631,-118.56015,383.29956,1230.6362,-94.854813,263.06918,1407.9355,-67.839874
2484,24.83,12.661482,1325.4758,-199.10718,9.3352318,1084.644,67.365143,-102.19574,1352.9452,-122.79762,-404.54764,1266.1965,-98.841278,-256.11627,1433.7811,-146.51201,120.17508,1346.8571,-117.99226,385.6127,1237.9252,-95.162056,269.08917,1416.7075,-60.396187
2485,24.84,12.619487,1325.8618,-198.81395,9.3051624,1084.4434,67.003838,-102.07787,1353.1943,-122.20884,-405.41373,1269.931,-97.981033,-260.6734,1441.8402,-142.12019,119.77238,1347.231,-117.49764,387.79541,1245.2919,-95.525826,275.75504,1425.2878,-51.965359
2486,24.85,12.555731,1326.3024,-198.66258,9.2134123,1084.3083,66.611824,-101.95592,1353.4272,-121.67126,-406.34357,1273.3293,-97.23822,-265.42081,1449.9685,-136.70894,119.32986,1347.5526,-117.10462,389.87479,1252.547,-95.930916,282.8161,1433.7584,-43.289631
2487,24.86,12.581952,1326.7843,-198.63663,9.1637487,1084.2233,66.107437,-101.84835,1353.6283,-121.23556,-407.22852,1276.476,-96.6409,-270.42828,1457.9908,-130.45233,118.90154,1347.8529,-116.69618,391.8699,1259.8154,-96.353096,290.37094,1441.1294,-32.392811
2488,24.87,12.576758,1327.181,-198.57367,9.0508108,1084.0883,65.579498,-101.7094,1353.8496,-120.81936,-408.07004,1279.533,-96.494629,-275.60638,1465.7366,-122.90616,118.49233,1348.1401,-116.38888,393.83432,1266.964,-96.783546,298.0762,1447.9297,-21.066261
2489,24.88,12.587981,1327.5724,-198.53517,8.9206991,1083.9591,64.989311,-101.60169,1354.016,-120.41648,-408.87869,1282.328,-96.548378,-280.78751,1473.0403,-114.21027,118.14272,1348.4506,-116.20045,395.77579,1274.0151,-97.271782,305.87958,1453.5835,-8.7446136
2490,24.89,12.618009,1327.978,-198.55583,8.7647448,1083.8967,64.351372,-101.46732,1354.1774,-120.19102,-409.69977,1284.993,-96.782753,-285.94791,1479.7524,-104.52914,117.80257,1348.7792,-116.1129,397.54477,1281.0117,-97.778351,313.71198,1458.1615,4.3793597
2491,24.9,12.582918,1328.3851,-198.63345,8.7141705,1083.8654,63.652061,-101.40673,1354.2882,-120.01733,-410.55502,1287.5924,-97.06295,-291.00562,1485.6271,-93.950523,117.41201,1349.1323,-116.12215,398.95441,1287.8201,-98.228394,321.52554,1460.9692,18.110983
2492,24.91,12.622478,1328.8757,-198.90665,8.6851387,1083.8672,62.815926,-101.34354,1354.3794,-120.02811,-411.38809,1290.0424,-97.415161,-295.92566,1490.5173,-82.543198,117.02691,1349.5032,-116.1459,400.04767,1294.4189,-98.482025,329.28772,1462.4302,32.527691
2493,24.92,12.585353,1329.225,-199.04762,8.7101135,1083.801,61.98436,-101.27608,1354.4735,-120.11868,-412.17542,1292.4021,-97.885628,-300.60532,1494.3766,-70.316742,116.54736,1349.8972,-116.2507,400.71454,1301.2932,-98.456917,336.95721,1462.2096,47.418266
2494,24.93,12.55761,1329.611,-199.32837,8.7188683,1083.8497,61.227543,-101.14813,1354.5648,-120.23692,-412.97342,1294.5793,-98.218964,-305.064,1497.049,-57.620174,115.94173,1350.3319,-116.44343,401.12756,1307.9104,-97.997498,344.35425,1460.1019,62.58057
2495,24.94,12.480783,1330.1266,-199.90875,8.7773237,1083.8962,60.403358,-101.04642,1354.6521,-120.39922,-413.78247,1296.6803,-98.712791,-309.24875,1498.4379,-44.359543,115.21288,1350.739,-116.77718,401.21683,1314.047,-97.070862,351.4321,1456.1655,77.446205
2496,24.95,12.37282,1330.6057,-200.40472,8.9058552,1083.9894,59.608776,-100.9726,1354.7709,-120.58865,-414.45764,1298.5906,-99.074211,-313.22046,1498.4462,-30.696293,114.44457,1351.1847,-117.04944,401.01666,1319.8617,-95.475227,358.09552,1450.4229,92.095642
2497,24.96,12.258903,1331.1427,-201.13934,8.9889917,1084.0698,58.694332,-100.87878,1354.8436,-120.87539,-414.88766,1300.6,-99.525818,-317.28168,1497.083,-16.995129,113.55766,1351.6542,-117.35205,400.89951,1326.0748,-92.497749,364.33228,1442.8228,106.17924
2498,24.97,12.155713,1331.6923,-201.7525,9.0241785,1084.1558,57.932007,-100.80727,1354.9841,-121.18175,-415.36783,1302.1161,-99.583893,-320.5694,1494.0223,-2.7155082,112.72797,1352.0652,-117.48428,402.0192,1332.9894,-88.27713,370.21939,1433.3884,119.63876
2499,24.98,12.068787,1332.1205,-202.04471,9.0601873,1084.1847,57.073139,-100.76566,1355.0576,-121.47582,-415.90073,1303.4596,-99.489769,-323.65344,1489.2961,11.569069,111.87119,1352.4218,-117.47206,402.85681,1339.3851,-84.041679,375.64099,1422.1455,132.42786
2500,24.99,11.999313,1332.6528,-202.31882,9.1181021,1084.1907,56.149761,-100.76163,1355.0994,-121.56385,-416.42606,1304.4478,-99.187897,-326.32791,1483.0405,25.715221,111.1413,1352.7556,-117.48031,403.05316,1345.0684,-79.247299,380.66568,1408.7029,144.42545
2501,25.0,12.018641,1333.2589,-202.74144,9.1333742,1084.1243,55.344196,-100.72231,1355.1328,-121.70546,-416.68506,1305.0934,-98.684532,-328.5787,1475.16,39.768932,110.49043,1353.1254,-117.46606,402.74817,1350.0487,-73.479752,385.48419,1393.3147,155.26956
2502,25.01,12.022861,1333.957,-203.11131,9.1448908,1084.099,54.49559,-100.72691,1355.1483,-121.72115,-417.02585,1305.434,-97.972633,-330.44849,1465.7583,53.310123,109.83025,1353.3824,-117.41232,402.29559,1353.6436,-66.816086,389.25024,1377.1178,164.97232
2503,25.02,11.981173,1334.705,-203.39046,9.1066732,1083.9705,53.577042,-100.71666,1355.1632,-121.64422,-417.27081,1305.3485,-96.870468,-331.99594,1454.7778,66.507156,109.34746,1353.6522,-117.37753,401.35895,1355.1,-60.102852,392.44604,1359.7937,173.53769
2504,25.03,12.013304,1335.4923,-203.41858,8.9911451,1083.7834,52.817379,-100.76125,1355.1212,-121.52431,-417.2421,1305.0927,-95.69413,-333.28616,1442.522,79.350044,108.96654,1353.8503,-117.09175,400.23993,1355.1161,-53.119286,395.02054,1341.418,180.66946
2505,25.04,11.983197,1336.3812,-203.46005,8.8770227,1083.575,52.071194,-100.84426,1355.051,-121.32258,-417.29572,1304.3196,-93.913635,-334.29367,1429.0558,91.421204,108.7389,1354.0275,-116.77446,398.82419,1353.97,-45.749725,397.20389,1322.4191,186.48116
2506,25.05,11.99915,1337.2852,-203.25047,8.7706366,1083.2994,51.327175,-100.93703,1354.9525,-121.02358,-417.29819,1303.0784,-91.61657,-334.8923,1414.5825,102.47608,108.76939,1354.2842,-116.35561,397.33398,1351.3911,-38.190327,397.89377,1303.5,193.10211
2507,25.06,12.011539,1338.1754,-203.05855,8.6129951,1083.0107,50.635918,-101.08398,1354.906,-120.72607,-417.26663,1301.2101,-89.065979,-335.09924,1398.9714,112.81113,108.73466,1354.1344,-115.86369,395.52585,1347.2588,-30.799448,398.88052,1283.5192,196.70978
2508,25.07,11.986356,1338.9761,-202.85478,8.4349976,1082.7256,49.886765,-101.25234,1354.8123,-120.32584,-417.27466,1298.5956,-85.999672,-334.96964,1382.4841,122.22243,108.786,1354.0806,-115.38425,393.97458,1341.7806,-23.333748,399.42923,1263.1877,199.2343
2509,25.08,11.921474,1339.8447,-202.9158,8.2482719,1082.3894,49.224781,-101.4621,1354.7681,-119.95198,-417.08783,1295.3368,-82.878235,-334.479,1364.9581,130.87178,108.86993,1354.0494,-114.89544,393.00748,1334.936,-16.195604,399.41397,1242.6089,200.84958
2510,25.09,11.841009,1340.5985,-202.83476,8.0104399,1082.063,48.704617,-101.68844,1354.6481,-119.55246,-416.89777,1291.3523,-79.332916,-333.71338,1346.5765,138.58302,108.99174,1354.0397,-114.38761,392.25909,1326.9272,-9.6405735,398.82074,1222.0944,201.57076
2511,25.1,11.677003,1341.1909,-202.67825,7.7880406,1081.7354,47.996494,-101.97834,1354.464,-119.0797,-416.5748,1286.7086,-75.720093,-332.64841,1327.4435,145.42525,109.1478,1354.0656,-113.82024,391.6796,1317.6104,-3.4479387,397.66986,1201.6992,201.76759
2512,25.11,11.538283,1341.7897,-202.49951,7.6183219,1081.4039,47.253658,-102.43375,1354.3389,-118.72515,-416.14908,1281.5078,-71.795845,-331.04337,1307.5632,151.67319,109.43536,1354.1095,-113.24756,391.30637,1307.2572,1.9149019,396.10074,1181.4819,200.93344
2513,25.12,11.371218,1342.2837,-202.13626,7.4521837,1081.0083,46.306847,-102.64843,1353.9128,-117.39378,-415.65616,1275.8799,-67.89193,-330.29022,1287.3324,156.62244,109.80524,1354.1654,-112.63924,391.1604,1295.8685,6.446363,394.06244,1161.5433,199.64302
2514,25.13,11.160492,1342.6389,-201.69405,7.1997137,1080.8048,45.924698,-103.39569,1353.7832,-117.72701,-414.64639,1269.2081,-63.518456,-325.33395,1267.0662,161.38586,110.27665,1354.215,-112.02242,391.25388,1283.4686,10.153233,391.61124,1141.7773,197.79974
2515,25.14,10.936265,1342.9159,-201.11137,7.0644488,1080.3954,45.425804,-103.98053,1353.579,-117.44153,-413.35458,1261.8329,-59.307758,-325.57568,1246.6224,164.40453,110.91911,1354.2892,-111.31585,391.3576,1269.9966,13.028307,389.36606,1121.3092,193.50401
2516,25.15,10.782765,1343.1542,-200.45023,6.8780904,1079.7985,44.580482,-104.56139,1353.3802,-116.84209,-411.90073,1253.5366,-55.259491,-324.39337,1225.129,166.81064,111.65618,1354.3035,-110.57031,391.2175,1255.7095,15.156915,385.99142,1102.1803,191.29007
2517,25.16,10.696276,1343.4502,-199.98053,6.8668094,1079.6396,45.515423,-105.05956,1353.157,-116.23293,-410.16272,1244.5166,-51.508186,-322.60382,1203.6334,168.42393,112.66158,1354.2595,-109.8351,390.72357,1240.9883,16.351536,382.0488,1083.4591,188.89795
2518,25.17,10.685901,1343.7621,-199.3837,6.8315697,1079.3608,45.288559,-105.54937,1352.826,-115.2,-408.17932,1234.884,-48.161751,-320.38919,1182.3358,169.13217,113.88576,1354.1459,-109.01904,389.74799,1225.948,16.927483,378.59677,1063.6699,183.56148
2519,25.18,10.731808,1344.1737,-198.79616,6.8373337,1079.0345,45.0443,-106.02307,1352.5861,-114.35607,-405.90759,1224.7056,-45.365433,-318.13126,1161.016,168.84064,115.32896,1353.928,-108.21456,387.90097,1210.7496,16.841625,374.40646,1044.6481,178.46396
2520,25.19,10.809572,1344.476,-197.87978,6.9011865,1078.7554,44.989265,-106.53587,1352.3237,-113.25298,-403.43579,1214.1707,-43.158276,-315.64615,1139.96,167.80606,116.83242,1353.5957,-107.50448,385.276,1195.67,16.18498,369.87564,1025.8965,172.6369
2521,25.2,10.905884,1344.7245,-196.93796,7.0039687,1078.4148,44.950245,-107.12043,1352.1052,-112.01522,-400.70532,1203.2141,-41.479919,-312.26563,1119.3757,166.27469,118.46875,1353.0837,-106.73743,382.08188,1180.8895,14.981489,364.89673,1007.7354,166.73874
2522,25.21,10.974002,1345.0308,-196.00194,7.2225456,1078.0563,45.08112,-107.79513,1351.91,-110.90511,-397.69513,1192.0629,-40.421665,-309.61203,1098.6671,163.37437,120.2654,1352.3657,-105.76471,378.38159,1166.5573,13.293745,359.90762,989.75116,159.12148
2523,25.22,11.185061,1345.2571,-195.03645,7.4940605,1077.8041,45.324936,-108.47758,1351.6399,-109.44859,-394.16025,1180.5881,-40.103638,-307.06528,1078.3893,159.72343,122.07927,1351.5073,-104.83444,374.14102,1152.7499,11.142799,354.28036,972.46368,151.77943
2524,25.23,11.336748,1345.426,-194.1077,7.9846878,1077.5245,45.658985,-109.20649,1351.3264,-108.08661,-390.44531,1169.1105,-40.001057,-304.29523,1058.4258,155.48044,123.87036,1350.6044,-103.71389,369.65707,1139.6368,8.6636324,348.62183,955.49762,143.05562
2525,25.24,11.465519,1345.6487,-193.13547,8.2305107,1076.8413,45.379089,-110.07242,1350.853,-106.47846,-386.42325,1157.8541,-40.372192,-301.47888,1038.8979,150.21733,125.63826,1349.6433,-102.59128,364.99011,1127.1528,5.5213771,342.38739,939.36322,134.40237
2526,25.25,11.640903,1345.7687,-192.01093,8.6275806,1076.4884,45.837357,-111.02963,1350.3767,-104.89836,-382.40906,1147.2161,-41.364548,-298.43811,1020.0449,143.97998,127.52068,1348.6512,-101.49476,360.1441,1115.2024,2.0939147,336.06201,923.77838,124.65211
2527,25.26,11.766716,1345.8635,-191.03421,9.1283379,1076.0587,46.336628,-111.99711,1349.8694,-103.19138,-378.38516,1137.0371,-43.227516,-295.24377,1001.9822,136.80457,129.34032,1347.6974,-100.29765,355.0654,1103.8444,-1.497435,329.56125,909.0434,114.31722
2528,25.27,11.918484,1345.9305,-189.8396,9.6741171,1075.5786,46.873375,-112.9819,1349.4913,-101.50379,-374.1889,1127.3186,-45.250305,-291.76929,984.95087,128.73511,130.98769,1346.7607,-99.212631,349.49173,1093.3682,-5.040524,322.90256,895.1748,103.43726
2529,25.28,11.931132,1346.0422,-188.72978,10.299785,1075.0756,47.381409,-113.9206,1349.1755,-99.833656,-369.7457,1118.2306,-47.456585,-288.26865,968.85016,119.79385,132.3374,1346.1588,-98.17907,343.72821,1084.0597,-8.5529442,316.06375,882.31793,92.00563
2530,25.29,11.998158,1346.1976,-187.57974,10.978238,1074.5157,47.89912,-114.73178,1348.7458,-97.806541,-365.45502,1109.9785,-50.480434,-284.56107,953.75427,110.30543,133.38292,1345.6248,-97.208778,337.8634,1075.7825,-12.271133,309.02539,870.729,79.974342
2531,25.3,11.960844,1346.4788,-186.40822,11.775777,1073.9152,48.410088,-115.24763,1348.3196,-96.070084,-360.86499,1102.2268,-53.361832,-280.69406,939.61719,100.30939,134.15622,1345.2123,-96.329674,332.05008,1068.3903,-16.122332,301.84418,860.32629,67.734062
2532,25.31,11.82216,1346.6771,-185.21912,12.582108,1073.3623,48.953678,-115.61966,1347.834,-94.213242,-356.36597,1095.0461,-56.396622,-276.75363,926.54126,89.962982,134.68594,1344.9324,-95.299927,326.26611,1061.9506,-20.305126,294.6438,851.1817,55.215637
2533,25.32,11.777269,1346.9541,-184.00674,13.313894,1072.9114,49.452103,-115.94688,1347.4205,-92.461464,-352.1684,1088.7241,-60.489315,-272.75644,914.56525,79.246559,135.08961,1344.6932,-94.232597,320.84708,1056.5127,-24.632685,287.57776,842.99164,42.715073
2534,25.33,11.701651,1347.2667,-182.98032,13.931195,1072.5023,50.107082,-116.38081,1347.1774,-90.670227,-347.91772,1082.9431,-64.378525,-268.6413,904.07172,69.788467,135.43263,1344.5149,-93.150414,315.77914,1051.5323,-29.047266,280.93384,835.87543,29.435642
2535,25.34,11.570735,1347.5607,-181.84164,14.477846,1072.1998,50.7701,-116.87674,1346.9314,-88.633064,-343.93765,1077.7777,-68.431473,-264.64059,894.06995,57.719742,135.79149,1344.422,-91.994392,311.15436,1046.787,-33.322708,274.31839,829.20349,17.906883
2536,25.35,11.454515,1347.7653,-180.61394,14.994692,1071.936,51.444439,-117.43715,1346.7296,-86.961716,-340.23032,1073.0859,-72.670166,-260.58243,885.15973,46.304161,136.13783,1344.3335,-90.951645,306.99222,1042.3788,-37.653923,268.18408,823.99768,5.5204411
2537,25.36,11.211695,1348.0793,-179.58041,15.498233,1071.7926,52.005604,-118.00475,1346.4435,-85.133812,-336.88077,1068.8448,-77.062057,-256.53589,877.17072,34.878536,136.61279,1344.2667,-89.822044,303.20462,1038.3901,-42.225212,261.76727,819.58472,-3.9664381
2538,25.37,11.022589,1348.317,-178.50208,15.862883,1071.6255,52.512688,-118.57352,1346.1101,-83.249588,-333.70813,1065.027,-81.550011,-252.49457,869.78802,23.127258,136.9874,1344.1725,-88.968391,299.70065,1034.8263,-47.120274,256.3472,815.64221,-15.074206
2539,25.38,10.819489,1348.521,-177.44753,16.138714,1071.4094,53.14846,-119.17105,1345.8605,-81.789093,-330.69559,1061.6176,-85.945496,-248.40575,863.53253,11.762146,137.3949,1344.0494,-88.083015,296.38245,1031.7473,-52.380131,251.92505,811.92969,-28.030367
2540,25.39,10.58814,1348.5894,-176.28691,16.380762,1071.2145,53.742298,-119.75404,1345.6199,-80.207375,-327.76324,1058.5575,-90.104057,-244.49442,857.8783,0.31773809,137.73863,1343.9294,-87.351959,293.21362,1029.1218,-57.661797,247.20818,809.05005,-38.599041
2541,25.4,10.383559,1348.7317,-175.55333,16.605194,1071.0864,54.349922,-120.38081,1345.397,-78.9104,-325.03455,1055.9637,-94.650108,-240.62779,852.97699,-10.809136,138.10175,1343.7806,-86.739433,290.2493,1026.8727,-62.816605,243.00798,806.63586,-48.485233
2542,25.41,10.113287,1348.708,-174.65872,16.766342,1071.0135,54.819088,-120.90339,1345.1541,-77.580521,-322.34274,1053.5443,-98.619682,-236.98393,848.73199,-21.583447,138.44148,1343.6254,-86.171898,287.54468,1024.79,-67.86013,239.14737,804.61377,-57.660583
2543,25.42,9.8283567,1348.7311,-173.84785,16.837074,1070.9584,55.295536,-121.45086,1344.933,-76.276306,-319.86298,1051.6255,-103.43312,-233.49828,845.12756,-31.883619,138.73862,1343.4332,-85.729134,285.19241,1022.9172,-72.784592,235.65804,802.92096,-66.1716
2544,25.43,9.4999733,1348.7922,-173.10555,16.853676,1070.8687,55.682278,-121.99715,1344.7441,-75.100632,-317.40231,1049.9375,-107.84547,-230.222,842.04492,-41.773682,138.95638,1343.2617,-85.424965,283.10837,1021.2944,-77.499344,231.99828,801.93262,-72.271774
2545,25.44,9.204215,1348.9349,-172.55733,16.795778,1070.7148,56.158154,-122.51202,1344.5424,-74.009491,-315.04837,1048.4797,-112.24902,-227.18562,839.39014,-51.164108,139.1254,1343.1244,-85.169235,281.19342,1019.9854,-81.976227,229.69565,800.63611,-81.57695
2546,25.45,8.8658762,1349.0614,-172.06284,16.71019,1070.6217,56.570732,-123.0305,1344.3156,-72.864906,-312.77478,1047.2205,-116.38467,-224.23499,837.10156,-60.101509,139.26311,1343.0343,-84.976715,279.4314,1019.0222,-86.30574,227.0287,800.00476,-88.364708
2547,25.46,8.4663363,1349.1257,-171.45012,16.599274,1070.5283,56.957062,-123.51978,1344.1001,-71.735222,-310.54108,1046.1793,-120.5451,-221.52228,835.12372,-68.441925,139.29921,1343.0015,-84.812225,277.77814,1018.3038,-90.307053,224.6008,799.60822,-94.433182
2548,25.47,8.0448942,1349.1838,-170.92909,16.48086,1070.4768,57.278091,-124.02338,1343.9104,-70.846695,-308.35406,1045.2561,-124.51791,-218.7038,833.26807,-76.546242,139.22807,1343.0162,-84.677734,276.33359,1017.8403,-94.179291,222.33867,799.32562,-99.98761
2549,25.48,7.5932322,1349.2832,-170.58855,16.433496,1070.3955,57.583626,-124.56646,1343.757,-70.209862,-306.32291,1044.4592,-128.24553,-216.31625,832.17999,-83.868065,139.09943,1343.0754,-84.653633,275.14584,1017.5576,-97.774094,219.77344,799.57068,-102.99353
2550,25.49,7.1398759,1349.3713,-170.46707,16.370678,1070.3778,57.812035,-125.08202,1343.6158,-69.700615,-304.44147,1043.8157,-131.98145,-213.87828,831.06396,-90.964569,138.90746,1343.1542,-84.671852,274.10498,1017.3651,-101.14955,218.19629,799.31665,-108.72464
2551,25.5,6.6540036,1349.3669,-170.25102,16.374041,1070.4186,57.9795,-125.60728,1343.4778,-69.175285,-302.60986,1043.2446,-135.52559,-211.61671,830.21173,-97.484032,138.66899,1343.272,-84.744225,273.2334,1017.3225,-104.19055,216.29868,799.44006,-111.45752
2552,25.51,6.1978979,1349.4329,-170.18143,16.417065,1070.4805,58.12962,-126.11206,1343.3591,-68.869072,-300.99796,1042.8175,-138.75444,-209.69044,829.42456,-104.46813,138.39963,1343.4047,-84.862846,272.47739,1017.3695,-106.83376,214.16763,799.58228,-119.63213
2553,25.52,5.7546177,1349.4425,-170.03183,16.416191,1070.5388,58.279732,-126.56617,1343.2063,-68.388931,-299.63284,1042.5492,-141.89842,-207.84918,828.89856,-109.82264,138.14427,1343.5396,-85.033104,271.86276,1017.4221,-109.13352,212.2773,799.94391,-122.00552
2554,25.53,5.3364954,1349.502,-170.06377,16.434557,1070.6395,58.362339,-127.02872,1343.0918,-68.216263,-298.37155,1042.2947,-144.61908,-206.11847,828.56982,-114.35152,137.86458,1343.6862,-85.272621,271.38229,1017.5226,-110.93059,210.63527,800.25574,-124.03957
2555,25.54,4.9041352,1349.4927,-170.05281,16.415714,1070.7327,58.520504,-127.46275,1342.9351,-68.088585,-297.28583,1042.1006,-146.97061,-204.59326,828.3197,-118.35982,137.61075,1343.8584,-85.525635,270.81894,1017.5415,-112.54076,209.17879,800.54181,-125.6244
2556,25.55,4.5805712,1349.5154,-170.17136,16.361282,1070.8018,58.601192,-127.82568,1342.7958,-68.051216,-296.431,1041.9736,-149.34221,-203.23268,828.10724,-121.95719,137.40425,1343.9913,-85.769493,270.21719,1017.6141,-113.82523,207.31041,800.68518,-122.8644
2557,25.56,4.3368859,1349.5358,-170.34642,16.297701,1070.9231,58.632225,-128.15581,1342.6532,-68.135208,-295.65536,1041.8231,-151.43449,-201.97997,827.98389,-125.23708,137.21004,1344.092,-85.991486,269.64606,1017.7112,-114.97698,206.33745,800.79858,-124.33112
2558,25.57,4.102798,1349.4594,-170.42886,16.219206,1070.9816,58.649559,-128.49826,1342.5337,-68.308784,-295.02405,1041.6768,-153.13283,-200.92015,827.92041,-128.01036,137.06619,1344.1633,-86.145607,269.02325,1017.8579,-115.80668,205.33472,800.84454,-124.93935
2559,25.58,4.0394969,1349.4189,-170.661,16.129623,1071.0769,58.634502,-128.74382,1342.4135,-68.572838,-294.47455,1041.5612,-154.6134,-200.00677,827.91022,-130.29492,136.94948,1344.2072,-86.309372,268.5069,1017.9005,-116.38856,204.40224,800.88544,-125.12778
2560,25.59,3.9610667,1349.3317,-170.90677,15.974084,1071.1306,58.62006,-128.94171,1342.3282,-68.898872,-294.0755,1041.4683,-155.98463,-199.26175,827.93213,-132.12808,136.83932,1344.1998,-86.463646,268.18839,1017.8948,-116.67545,203.49275,800.95801,-125.40072
2561,25.6,3.9351323,1349.2294,-171.1944,15.831826,1071.1821,58.544895,-129.08762,1342.2786,-69.300224,-293.78351,1041.4408,-157.29259,-198.71465,827.93237,-133.31136,136.73567,1344.151,-86.575073,267.99615,1017.7648,-116.6175,202.71858,801.05206,-125.33665
2562,25.61,3.9510386,1349.1787,-171.5524,15.648586,1071.2141,58.450802,-129.2314,1342.2864,-69.889069,-293.54553,1041.3734,-158.28084,-198.34166,827.95361,-133.97945,136.62022,1344.0741,-86.766777,267.96146,1017.543,-116.31151,202.10516,801.09167,-124.98302
2563,25.62,4.007163,1349.0784,-171.92509,15.474564,1071.2838,58.347336,-129.31558,1342.2721,-70.42083,-293.39001,1041.3097,-159.10301,-198.15665,828.00867,-134.2395,136.50558,1344.0239,-86.918152,267.92511,1017.3669,-115.82229,201.67412,801.04193,-124.29903
2564,25.63,4.1138973,1348.9982,-172.24858,15.277446,1071.3263,58.216698,-129.35445,1342.2593,-70.941589,-293.26208,1041.2004,-159.58698,-198.11275,827.97565,-134.15468,136.41656,1343.9594,-87.042625,267.84091,1017.2577,-115.23014,201.5164,800.96967,-123.22765
2565,25.64,4.2641692,1348.9087,-172.59714,15.032508,1071.3563,58.115009,-129.37704,1342.3008,-71.583282,-293.24225,1041.1471,-160.07672,-198.18729,827.92108,-133.71352,136.3396,1343.9083,-87.206215,267.7254,1017.3042,-114.56786,201.70099,800.672,-123.23064
2566,25.65,4.4202833,1348.8269,-172.97501,14.805352,1071.4008,57.990921,-129.35059,1342.3593,-72.328392,-293.25153,1041.0481,-160.32198,-198.39256,827.85553,-132.87631,136.26065,1343.8514,-87.350891,267.66019,1017.353,-113.79852,201.67549,800.69476,-120.59443
2567,25.66,4.6013393,1348.7311,-173.37373,14.571021,1071.4995,57.773151,-129.33836,1342.3756,-73.023277,-293.31415,1040.896,-160.41273,-198.69283,827.74402,-131.81044,136.21243,1343.8101,-87.519997,267.69833,1017.3806,-112.87177,201.8954,800.60925,-118.9609
2568,25.67,4.7409978,1348.6613,-173.80972,14.368339,1071.5482,57.566597,-129.31186,1342.3623,-73.645622,-293.4064,1040.6848,-160.26366,-199.12515,827.58575,-130.42276,136.15387,1343.771,-87.679756,267.88132,1017.3656,-111.69558,202.10768,800.59479,-117.24873
2569,25.68,4.9025631,1348.5924,-174.29813,14.120775,1071.6387,57.39983,-129.30997,1342.3724,-74.336983,-293.59689,1040.4338,-159.97853,-199.61261,827.33875,-128.8985,136.09776,1343.7225,-87.91832,268.20071,1017.2834,-110.33344,202.56032,800.38562,-116.70324
2570,25.69,5.0378633,1348.5558,-174.81073,13.926799,1071.7219,57.179741,-129.28716,1342.3174,-75.09182,-293.86203,1040.1326,-159.59087,-200.15511,827.09784,-127.07803,136.01595,1343.6614,-88.175362,268.64883,1017.244,-108.89198,202.70479,800.55121,-113.25906
2571,25.7,5.1928253,1348.4835,-175.37042,13.77895,1071.7991,56.936855,-129.26317,1342.2837,-75.978394,-294.12949,1039.7665,-158.9791,-200.81223,826.77075,-125.12103,136.01346,1343.6459,-88.446663,269.11249,1017.2078,-107.35211,203.5116,800.28088,-112.41351
2572,25.71,5.2776551,1348.2831,-175.63191,13.676666,1071.8562,56.656105,-129.23358,1342.1871,-76.761856,-294.41638,1039.3893,-158.20479,-201.44524,826.46613,-123.10538,135.97086,1343.5854,-88.789421,269.56,1017.2731,-105.84684,204.15968,800.198,-109.89236
2573,25.72,5.3576713,1348.092,-175.99773,13.571532,1071.8981,56.404884,-129.20351,1342.0664,-77.431091,-294.77484,1038.9758,-157.47514,-202.08446,826.14587,-120.95022,135.9052,1343.5377,-89.131538,270.0741,1017.3859,-104.34355,204.70096,800.35065,-105.82782
2574,25.73,5.4251714,1347.9741,-176.52043,13.48253,1071.9478,56.059608,-129.15678,1341.9368,-78.168716,-295.06299,1038.4678,-156.50401,-202.76628,825.84259,-118.75455,135.82907,1343.467,-89.518387,270.52283,1017.5024,-102.75306,205.78781,800.03259,-104.70961
2575,25.74,5.492537,1347.8542,-177.14061,13.418265,1071.9994,55.739845,-129.11433,1341.7789,-78.922173,-295.3067,1038.0045,-155.70732,-203.44576,825.52332,-116.45604,135.77563,1343.3954,-89.952217,271.10074,1017.6608,-101.19771,206.34941,800.16345,-100.50871
2576,25.75,5.5414295,1347.7179,-177.66463,13.402427,1072.0386,55.46133,-129.06535,1341.5833,-79.548218,-295.52115,1037.4629,-154.75868,-204.19691,825.18365,-114.08647,135.71675,1343.2904,-90.393204,271.58292,1017.6976,-99.522568,207.46072,799.80353,-99.535446
2577,25.76,5.6013961,1347.5475,-178.06523,13.367546,1072.0034,55.201298,-129.01581,1341.3461,-80.051941,-295.71924,1036.9424,-154.06807,-204.918,824.81696,-111.29765,135.67282,1343.1519,-90.872597,272.21661,1017.7747,-97.885818,208.77995,799.97241,-94.800568
2578,25.77,5.6797976,1347.4191,-178.50754,13.342221,1072.0139,54.989048,-128.99159,1341.1078,-80.617638,-295.7594,1036.3306,-153.2319,-205.53212,824.35107,-108.51846,135.66618,1342.9988,-91.313324,272.87149,1017.825,-96.29174,209.5638,799.91101,-92.416145
2579,25.78,5.7420483,1347.2808,-178.9128,13.334713,1071.9717,54.653561,-128.95178,1340.8655,-81.42688,-295.84409,1035.6683,-152.52899,-205.96323,824.0141,-103.56367,135.66713,1342.8367,-91.75573,273.52716,1017.8115,-94.692848,210.3387,799.73706,-90.002457
2580,25.79,5.7959251,1347.1752,-179.35826,13.364689,1071.8931,54.329887,-128.9425,1340.5939,-82.007965,-295.74072,1034.8876,-151.65923,-206.59926,823.48016,-100.43957,135.71678,1342.647,-92.224052,274.24945,1017.7355,-93.119713,211.12601,799.53961,-87.101555
2581,25.8,5.9209991,1347.1188,-179.81065,13.37094,1071.8773,53.883865,-128.9317,1340.3064,-82.618782,-295.54547,1034.0476,-150.92682,-207.11116,822.83252,-97.254265,135.79073,1342.4493,-92.674995,274.94028,1017.6507,-91.661507,212.00264,799.31689,-83.930283
2582,25.81,6.0330052,1347.0463,-180.20174,13.366476,1071.8363,53.428349,-128.93968,1339.9915,-83.25013,-295.25333,1033.0812,-150.12538,-207.66837,822.11542,-93.998283,135.87132,1342.1936,-93.186493,275.54755,1017.5449,-90.336899,212.88837,798.99957,-80.674393
2583,25.82,6.1727023,1347.0154,-180.63788,13.335912,1071.7943,52.816814,-128.97368,1339.663,-83.935051,-294.77853,1031.9456,-149.42119,-208.22119,821.29919,-90.420418,136.01489,1341.9396,-93.633049,276.08179,1017.3947,-89.124748,213.75642,798.58752,-77.456459
2584,25.83,6.308126,1347.0348,-181.12723,13.298148,1071.6729,52.294147,-129.00177,1339.3306,-84.755676,-294.04279,1030.6985,-148.85054,-208.81285,820.34845,-86.841423,136.13759,1341.6364,-94.072304,276.39923,1017.192,-88.107323,214.59344,798.19885,-74.054184
2585,25.84,6.4097939,1347.0222,-181.55333,13.188181,1071.5447,51.808353,-129.03889,1338.9336,-85.365692,-293.01419,1029.281,-148.32082,-209.43777,819.33075,-82.960892,136.293,1341.2683,-94.502716,276.73807,1016.8837,-87.042709,215.35378,797.77905,-70.452011
2586,25.85,6.5845609,1347.0071,-181.89714,13.172392,1071.3932,51.145947,-129.13611,1338.5317,-86.008606,-291.7608,1027.7115,-147.87624,-210.14709,818.16974,-78.881882,136.52345,1340.8333,-94.950134,276.98495,1016.5009,-86.165855,216.06363,797.28064,-66.813622
2587,25.86,6.7731547,1347.0034,-182.37328,13.062397,1071.2648,50.405457,-129.25447,1338.12,-86.677742,-290.15442,1026.0227,-147.43439,-211.40207,817.22894,-73.107323,136.76176,1340.333,-95.413986,277.15833,1016.0097,-85.358902,216.65878,796.88208,-62.939411
2588,25.87,7.0157561,1347.0924,-182.97554,12.966592,1071.1638,49.624065,-129.38792,1337.6683,-87.552551,-288.22183,1024.1606,-146.88333,-211.94209,815.66174,-69.819145,137.02386,1339.7952,-95.841995,277.24313,1015.4135,-84.683037,217.14825,796.45215,-58.821758
2589,25.88,7.2182579,1346.943,-183.2659,12.86813,1071.0498,48.899906,-129.53082,1337.2118,-88.331955,-286.05984,1022.2435,-146.48274,-212.89725,814.09137,-65.437401,137.30199,1339.2616,-96.243973,277.29828,1014.7401,-84.144035,217.3746,796.24945,-53.542274
2590,25.89,7.4585676,1346.8367,-183.65324,12.795416,1070.9302,48.259731,-129.64275,1336.6459,-88.978973,-283.88773,1020.2576,-146.73665,-213.94864,812.88593,-60.625614,137.56538,1338.6654,-96.634621,277.2403,1014.0232,-83.855179,217.80164,795.94025,-49.197704
2591,25.9,7.6934319,1346.7533,-184.15463,12.746135,1070.8848,47.571415,-129.80779,1336.1085,-89.85244,-281.35226,1018.0957,-146.2309,-214.99544,811.62067,-55.622032,137.85826,1338.0774,-97.001389,277.06189,1013.2292,-83.872452,218.15025,795.68518,-44.698936
2592,25.91,8.0094748,1346.8314,-184.89543,12.641112,1070.8896,46.855263,-129.97276,1335.5693,-90.656059,-278.6116,1015.8995,-145.64505,-216.29584,810.55518,-50.529449,138.12967,1337.49,-97.408127,276.82837,1012.4225,-83.998322,218.45029,795.59174,-39.684837
2593,25.92,8.2599659,1346.7529,-185.57733,12.534278,1070.9199,46.262268,-130.18381,1335.0188,-91.563934,-275.61917,1013.6963,-144.96956,-217.55515,809.63928,-45.344273,138.32925,1336.908,-97.881561,276.47708,1011.5694,-84.466263,218.76122,795.60492,-34.587708
2594,25.93,8.2749882,1346.3059,-185.82112,12.497047,1070.963,45.816959,-130.39227,1334.469,-92.464005,-272.49979,1011.4357,-144.22391,-218.78152,808.87872,-40.120827,138.59546,1336.3878,-98.416321,275.95773,1010.7181,-85.075768,219.08163,795.8197,-29.158878
2595,25.94,8.5278711,1346.3761,-186.7928,12.433726,1070.9886,45.549503,-130.6115,1334.0128,-93.519989,-268.65338,1009.3196,-143.61029,-220.17851,808.5238,-34.851131,138.81332,1335.9539,-99.001854,275.14694,1009.8243,-85.899048,219.49713,796.21735,-23.822222
2596,25.95,8.4884758,1345.9321,-187.1132,12.39988,1071.0649,45.349113,-130.83578,1333.5709,-94.477631,-265.01175,1007.2206,-142.70705,-221.18245,808.06677,-29.7686,139.02283,1335.5764,-99.586502,274.22653,1008.9742,-86.801117,219.97435,796.83276,-18.482733
2597,25.96,8.6405401,1345.8551,-188.10094,12.371092,1071.2124,45.181053,-131.09477,1333.2412,-95.368874,-261.68347,1005.2308,-141.45541,-222.14272,807.86896,-25.016104,139.19165,1335.2483,-100.29341,272.92673,1008.2066,-87.840279,220.55708,797.5954,-13.346118
2598,25.97,8.5822477,1345.4563,-188.69812,12.379652,1071.4392,45.085632,-131.29166,1332.9822,-96.373871,-258.22766,1003.5157,-140.18918,-222.95154,807.8244,-20.340368,139.29784,1335.0272,-101.14949,271.33475,1007.4524,-88.716034,221.45045,798.54401,-8.3973484
2599,25.98,8.5192366,1345.1649,-189.49025,12.352513,1071.6775,45.104671,-131.44705,1332.7949,-97.285797,-255.03903,1001.8123,-138.58099,-223.58398,808.00873,-15.718287,139.35298,1334.9192,-102.04615,269.32843,1006.7224,-89.586639,222.70782,799.6015,-3.703192
2600,25.99,8.5544195,1345.0144,-190.61864,12.377013,1071.9595,45.130054,-131.59187,1332.6659,-98.275162,-251.83258,1000.6869,-137.2603,-223.96481,808.38763,-11.435699,139.43147,1334.8658,-102.97224,267.15659,1005.9901,-90.425819,223.41551,801.07581,1.5119934
2601,26.0,8.4884653,1344.5947,-191.39651,12.406425,1072.2755,45.188374,-131.68147,1332.6185,-99.325912,-249.19641,999.77057,-135.5544,-224.22453,808.8576,-7.3201671,139.48981,1334.887,-103.9888,264.89087,1005.5023,-90.886772,224.23466,801.80945,4.8552899
2602,26.01,8.4255295,1344.3138,-192.38908,12.42651,1072.6266,45.241493,-131.72153,1332.5736,-100.32944,-247.13586,998.92627,-133.34203,-224.21109,809.46844,-3.4618893,139.54826,1334.9255,-105.11143,262.35809,1005.2621,-91.275818,224.739,802.73474,7.7977152
2603,26.02,8.3970423,1343.932,-193.36482,12.464158,1072.9709,45.292847,-131.73758,1332.5112,-101.18317,-244.78659,998.21375,-131.38991,-223.86519,810.06323,0.32644033,139.57167,1334.9908,-106.2483,259.85812,1005.0759,-91.572701,224.93004,803.63116,10.363212
2604,26.03,8.3712473,1343.6,-194.30141,12.571953,1073.3458,45.363426,-131.78357,1332.5409,-102.30208,-243.01802,997.67621,-129.24077,-223.13176,810.66687,3.8742809,139.62527,1335.0897,-107.29035,257.44144,1004.8849,-91.858955,224.74361,804.49335,12.690688
2605,26.04,8.2420874,1343.2727,-195.13107,12.603043,1073.6758,45.478428,-131.83919,1332.5364,-103.23678,-241.81308,997.22955,-127.02234,-221.96437,811.26324,7.210546,139.69327,1335.197,-108.3317,255.04034,1004.7116,-92.335197,224.14404,805.15283,14.591868
2606,26.05,8.1428747,1342.9811,-196.07709,12.649452,1073.9326,45.539753,-131.91812,1332.4966,-104.11014,-240.5567,996.90564,-125.0363,-220.4437,811.81989,10.47001,139.68285,1335.302,-109.35755,252.84758,1004.6882,-92.856522,223.01494,805.68231,16.122845
2607,26.06,8.0477057,1342.7238,-196.83363,12.654761,1074.1721,45.72636,-131.99428,1332.4623,-105.09766,-239.24376,996.52142,-123.21432,-218.42152,812.35376,13.36612,139.6458,1335.4031,-110.19594,251.03206,1004.5862,-93.240906,221.35641,806.03735,17.252686
2608,26.07,7.8694086,1342.4338,-197.58438,12.662566,1074.3568,45.784405,-132.16792,1332.4,-106.01845,-238.99942,996.297,-121.36996,-216.03621,812.84723,16.39505,139.63799,1335.5229,-110.94921,249.59804,1004.1838,-93.202927,219.18999,806.34589,18.186878
2609,26.08,7.6738772,1342.1146,-198.22427,12.637201,1074.5057,45.877312,-132.37372,1332.2271,-106.61337,-238.34181,995.83691,-119.49485,-213.31705,813.28302,19.041012,139.47986,1335.6301,-111.56864,248.46341,1003.7373,-92.985992,216.56328,806.45648,18.813774
2610,26.09,7.5625005,1341.9918,-199.00073,12.576523,1074.6157,45.889271,-132.58598,1332.0359,-107.33715,-238.71179,995.44641,-117.49471,-210.41756,813.72449,21.573965,139.26619,1335.7501,-112.00595,247.46492,1003.4297,-92.679077,213.41849,806.49438,19.215973
2611,26.1,7.2840118,1341.6422,-199.40779,12.480825,1074.7457,45.871979,-132.86778,1331.8,-108.00645,-238.89655,994.97784,-115.68838,-207.31291,814.04022,24.044968,139.03452,1335.842,-112.33377,246.65324,1003.1773,-92.408249,210.03835,806.4704,19.449249
2612,26.11,6.9971452,1341.4381,-199.96672,12.373449,1074.8119,45.733665,-133.20456,1331.5009,-108.60371,-239.29192,994.46405,-113.9704,-204.07208,814.36646,26.267855,138.70195,1335.8889,-112.49331,246.05914,1002.8748,-91.992859,206.45261,806.41345,19.422125
2613,26.12,6.7478538,1341.2412,-200.39655,12.202623,1074.8514,45.692791,-133.54405,1331.1566,-109.08739,-239.79715,993.89862,-112.40282,-200.79779,814.74316,28.187721,138.33385,1335.9698,-112.58256,245.68332,1002.4866,-91.351578,202.7677,806.28723,19.237532
2614,26.13,6.4591012,1341.0068,-200.88217,12.015511,1074.8937,45.530285,-133.92802,1330.793,-109.61646,-239.97366,993.35858,-111.2245,-197.58652,815.10297,30.015268,137.95352,1335.9995,-112.64011,245.51237,1002.1049,-90.78904,198.91751,806.19635,18.94342
2615,26.14,6.143033,1340.8079,-201.45692,11.868317,1074.9088,45.352112,-134.31747,1330.4694,-110.18349,-240.95572,992.7782,-109.93816,-194.52898,815.45001,31.606092,137.52333,1336.0221,-112.79043,245.40819,1001.708,-90.209892,195.15506,806.14087,18.4911
2616,26.15,5.8258667,1340.6208,-201.92734,11.606493,1074.9131,45.190342,-134.70822,1330.1407,-110.66007,-241.51918,992.20398,-109.06438,-191.58961,815.8974,33.045372,137.10341,1336.0426,-112.92335,245.57294,1001.4572,-89.807526,191.40459,805.99396,17.882242
2617,26.16,5.5061526,1340.3784,-202.40259,11.446917,1074.9883,45.02586,-135.12318,1329.8307,-111.26025,-242.04543,991.65607,-108.36285,-188.92769,816.32037,34.29047,136.70099,1336.0599,-113.15577,245.74754,1001.2415,-89.426689,187.82784,805.89478,17.277588
2618,26.17,5.1641135,1340.1664,-202.81032,11.24953,1075.0452,44.902836,-135.49754,1329.5526,-111.7342,-242.5466,991.22626,-107.90605,-186.50722,816.82611,35.365284,136.31581,1336.0703,-113.39336,246.09932,1001.1383,-89.128571,184.48834,805.8916,16.706043
2619,26.18,4.8072329,1340.009,-203.36044,11.127252,1075.0988,44.786499,-135.84293,1329.2883,-112.10575,-242.93285,990.82172,-107.51128,-184.2906,817.29926,36.287281,135.90645,1336.0575,-113.80519,246.52914,1000.9702,-88.742958,181.43202,806.02905,16.144552
2620,26.19,4.5084696,1339.7867,-203.7231,11.031862,1075.212,44.673557,-136.1544,1329.0857,-112.55104,-243.32335,990.4718,-107.2515,-182.36192,817.87036,37.034149,135.55811,1336.0658,-114.27621,246.95656,1000.7707,-88.420174,178.86467,806.15155,15.730858
2621,26.2,4.2254729,1339.6442,-204.27354,10.941525,1075.33,44.553978,-136.45251,1328.9272,-113.04419,-243.58432,990.20795,-107.11115,-180.71887,818.42596,37.574635,135.29503,1336.0388,-114.74398,247.42601,1000.5926,-88.079575,176.86694,806.25159,15.536146
2622,26.21,3.9308119,1339.4443,-204.62364,10.922479,1075.4828,44.48782,-136.71881,1328.8085,-113.41948,-243.7843,990.00433,-107.08566,-179.35143,819.01746,38.008144,135.05293,1335.9956,-115.21798,247.86533,1000.5373,-87.822075,175.53934,806.17487,14.99813
2623,26.22,3.742276,1339.3972,-205.11031,10.905911,1075.5901,44.457306,-136.96812,1328.7395,-113.7872,-243.99107,989.8631,-107.13467,-178.12347,819.60895,38.21386,134.85297,1335.9675,-115.76318,248.32057,1000.6578,-87.546272,174.90201,806.47351,15.171841
2624,26.23,3.3947616,1339.1281,-205.12538,10.930346,1075.7073,44.365833,-137.15625,1328.7084,-113.96539,-244.10793,989.81458,-107.37199,-177.15605,820.05859,38.349705,134.67514,1335.9359,-116.31091,248.73578,1000.7855,-87.524956,174.75211,807.23163,16.175037
2625,26.24,3.1922817,1339.0457,-205.32678,10.975304,1075.7781,44.33997,-137.28658,1328.7246,-114.1259,-244.20377,989.75958,-107.69095,-176.15228,820.62439,38.074097,134.58749,1335.8903,-116.81281,249.18076,1000.9318,-87.594345,175.02432,807.66644,16.563251
2626,26.25,2.9929039,1338.9402,-205.50238,11.096025,1075.8295,44.355564,-137.4005,1328.7153,-114.07298,-244.35986,989.78162,-108.18644,-175.59377,820.99646,37.799519,134.48923,1335.8596,-117.25933,249.63211,1001.0134,-87.782082,175.60173,808.15674,16.999344
2627,26.26,2.8681719,1338.8793,-205.65833,11.202292,1075.8444,44.275421,-137.44823,1328.7742,-114.11386,-244.43706,989.78577,-108.62675,-175.07135,821.25763,37.485992,134.44827,1335.8384,-117.6666,250.1721,1001.1603,-88.036018,176.45404,808.70551,17.462013
2628,26.27,2.6554978,1338.7557,-205.69304,11.334823,1075.8335,44.283615,-137.49695,1328.8075,-114.0901,-244.5209,989.87488,-109.26671,-174.78061,821.35126,36.952091,134.41245,1335.8253,-118.00173,250.64716,1001.4118,-88.405151,177.3501,809.24927,17.974936
2629,26.28,2.5512922,1338.708,-205.92795,11.442187,1075.8564,44.233963,-137.5083,1328.8502,-114.07599,-244.59323,989.93835,-109.73727,-174.57806,821.30688,36.380993,134.33496,1335.8142,-118.3394,251.14066,1001.6573,-88.74659,178.54408,809.27722,17.645493
2630,26.29,2.4267695,1338.652,-206.08673,11.597399,1075.8418,44.207516,-137.51068,1328.8883,-114.00565,-244.61327,990.047,-110.26968,-174.39897,821.24969,35.420563,134.2825,1335.8063,-118.70482,251.58009,1001.8802,-89.082802,179.73866,809.72968,18.108658
2631,26.3,2.2806108,1338.5492,-206.2406,11.680562,1075.8602,44.205242,-137.50255,1328.9526,-114.02834,-244.68114,990.13153,-110.78954,-174.44864,820.96191,34.399967,134.22397,1335.7872,-118.96581,251.94225,1002.019,-89.495499,180.97943,810.50464,19.225958
2632,26.31,2.1564341,1338.4841,-206.31947,11.77618,1075.8667,44.184414,-137.49748,1328.9944,-114.00872,-244.77109,990.25244,-111.16206,-174.65324,820.45953,33.383614,134.1568,1335.78,-119.21635,252.34651,1002.2185,-90.020493,182.29527,810.85034,19.566917
2633,26.32,2.0574079,1338.395,-206.45528,11.823431,1075.8848,44.139114,-137.52307,1329.0186,-114.0469,-244.86452,990.38232,-111.52919,-174.90906,819.82477,32.157394,134.07201,1335.7778,-119.45522,252.70424,1002.4483,-90.537865,183.58751,811.10352,19.765257
2634,26.33,1.9857122,1338.3478,-206.59882,11.799869,1075.8877,44.088066,-137.55389,1329.033,-114.09699,-245.00391,990.45282,-111.76316,-175.23724,819.01697,30.76906,133.99789,1335.7512,-119.65842,253.08344,1002.6714,-90.943069,184.80864,811.27637,19.842695
2635,26.34,1.9494642,1338.3066,-206.7818,11.763475,1075.8809,43.982456,-137.58002,1329.0426,-114.14762,-245.15247,990.57159,-111.9426,-175.65187,818.12451,29.184725,133.94354,1335.7498,-119.80688,253.25137,1002.8589,-91.47361,186.08942,811.03033,19.236206
2636,26.35,1.863726,1338.2585,-206.84959,11.719889,1075.8827,43.912807,-137.65982,1329.0627,-114.2439,-245.27548,990.64252,-112.14232,-176.12494,816.93915,27.715261,133.86278,1335.7084,-119.89257,253.86145,1003.0175,-91.49157,187.15695,811.0575,19.094669
2637,26.36,1.8218155,1338.192,-207.00134,11.63338,1075.9084,43.781788,-137.72612,1329.0864,-114.37845,-245.42509,990.7041,-112.3305,-176.66249,815.76654,25.920145,133.79721,1335.7129,-119.95585,254.21986,1003.1285,-91.679825,188.12582,811.414,19.505156
2638,26.37,1.749316,1338.1505,-207.14374,11.531111,1075.8816,43.666199,-137.79639,1329.0736,-114.5624,-245.52153,990.78772,-112.53581,-177.31998,814.40753,24.178782,133.70786,1335.7158,-119.98634,254.51109,1003.2394,-91.855019,189.10626,810.92596,18.536116
2639,26.38,1.6745715,1338.0625,-207.22464,11.444668,1075.8813,43.527695,-137.90173,1329.0476,-114.5819,-245.58601,990.80261,-112.68091,-178.05794,813.15222,22.20557,133.62653,1335.712,-120.03821,254.75552,1003.3867,-92.027458,189.89676,811.13068,18.617613
2640,26.39,1.6103698,1338.0419,-207.35374,11.357882,1075.8462,43.440598,-138.00911,1329.0267,-114.80159,-245.64075,990.84338,-112.93108,-178.90147,811.68347,20.31912,133.52174,1335.7329,-120.03835,255.00079,1003.5757,-92.172585,190.6535,810.91541,18.006519
2641,26.4,1.5095568,1338.0135,-207.47742,11.276482,1075.8348,43.346619,-138.11711,1328.9635,-114.89281,-245.75574,990.87775,-113.22492,-179.83449,810.34174,18.277796,133.38423,1335.7557,-120.02299,255.20488,1003.7435,-92.331352,191.34384,810.65289,17.400953
2642,26.41,1.4081317,1337.9113,-207.47609,11.166268,1075.8134,43.27113,-138.2457,1328.8871,-114.93305,-245.79669,990.9093,-113.57882,-180.90018,808.96564,16.139193,133.24606,1335.7827,-120.02991,255.36052,1003.9167,-92.50705,192.03185,809.92584,15.912963
2643,26.42,1.2832547,1337.891,-207.61267,11.132603,1075.7706,43.210308,-138.36855,1328.8328,-115.07183,-245.87077,990.93988,-114.03094,-182.09238,807.58289,14.140028,133.1021,1335.8174,-120.01127,255.46002,1004.0766,-92.617218,192.48778,809.96912,15.756951
2644,26.43,1.1787688,1337.8232,-207.57816,11.078669,1075.7449,43.178993,-138.45653,1328.759,-115.05194,-245.94325,990.97675,-114.49375,-183.38313,806.21912,11.950632,132.98409,1335.8231,-120.03407,255.56978,1004.2288,-92.785995,193.06448,809.1322,14.011951
2645,26.44,1.1144178,1337.8563,-207.69611,11.049113,1075.672,43.160252,-138.5706,1328.703,-115.13787,-245.96791,991.03137,-115.07896,-184.7365,805.02643,9.7786427,132.85181,1335.8591,-119.97301,255.58156,1004.3191,-92.986916,193.46381,809.11707,13.805204
2646,26.45,1.0317113,1337.8171,-207.62112,11.012458,1075.6438,43.133175,-138.62012,1328.6165,-115.09459,-246.02953,991.08472,-115.71156,-186.18456,803.80719,7.7160459,132.77216,1335.894,-119.93537,255.64063,1004.4235,-93.113342,193.94414,808.17169,11.92136
2647,26.46,0.9832685,1337.8131,-207.58832,10.994762,1075.6084,43.096607,-138.70207,1328.5699,-115.13464,-246.11115,991.14191,-116.48416,-187.73512,802.64587,5.5884714,132.72281,1335.9255,-119.87627,255.54976,1004.4422,-93.381165,194.31076,807.7265,10.844707
2648,26.47,0.98492646,1337.8197,-207.5368,10.969233,1075.5641,43.025494,-138.72534,1328.4802,-115.08875,-246.23457,991.25165,-117.34607,-189.20662,801.70593,3.2996879,132.73152,1335.9452,-119.78181,255.37888,1004.4552,-93.711525,194.58792,807.66107,10.56796
2649,26.48,1.0356033,1337.8602,-207.45963,10.96708,1075.5155,43.046619,-138.72711,1328.4106,-115.04214,-246.34055,991.37439,-118.25732,-190.78401,800.77545,1.3075266,132.74336,1335.9965,-119.69019,255.2056,1004.4134,-93.99469,194.90909,806.70776,8.5603857
2650,26.49,1.1298051,1337.8743,-207.31555,10.979941,1075.4741,42.940205,-138.70186,1328.3717,-115.08442,-246.52359,991.48279,-119.20779,-192.33237,799.83734,-0.73285007,132.80359,1336.0505,-119.51968,254.90805,1004.3552,-94.45517,195.05066,806.61914,8.2649775
2651,26.5,1.2191217,1337.9041,-207.13365,10.952677,1075.361,42.981106,-138.68231,1328.3138,-115.0083,-246.696,991.58142,-120.20618,-193.86621,799.11902,-2.9599473,132.89995,1336.0637,-119.33462,254.41948,1004.2813,-95.126358,195.26077,805.64923,6.1342745
2652,26.51,1.3385205,1337.9888,-206.96227,10.93111,1075.2954,42.928146,-138.63222,1328.2612,-114.99,-246.90332,991.75928,-121.38742,-195.39148,798.41809,-4.9532366,132.98772,1336.1088,-119.123,254.29788,1004.1698,-95.557198,195.36115,805.10065,4.9252481
2653,26.52,1.4813366,1338.0259,-206.65703,10.962967,1075.1747,42.914192,-138.55974,1328.204,-114.8438,-247.1208,991.85474,-122.45476,-196.90276,797.72821,-6.8674893,133.11293,1336.1725,-118.86832,253.89693,1004.0457,-96.207924,195.46957,804.81372,4.6120272
2654,26.53,1.6545247,1338.1393,-206.46124,10.969954,1075.0648,42.751427,-138.44826,1328.1591,-114.73389,-247.42291,991.96161,-123.55196,-198.32379,797.16644,-8.8537788,133.27884,1336.2095,-118.62219,253.79738,1003.9405,-96.565231,195.33057,804.15338,2.4340837
2655,26.54,1.8521942,1338.248,-206.20305,10.961484,1074.9547,42.661831,-138.31609,1328.1036,-114.586,-247.22176,992.1911,-125.05028,-199.76389,796.67249,-10.729115,133.43698,1336.2771,-118.29279,253.44551,1003.8606,-97.278664,195.24982,803.97809,2.1788838
2656,26.55,2.0995295,1338.4061,-205.989,10.980489,1074.778,42.54314,-138.13338,1328.0718,-114.42424,-247.53447,992.32709,-126.19039,-201.17212,796.19232,-12.498726,133.63879,1336.3114,-117.92694,253.43996,1003.7537,-97.819344,195.06201,803.2345,-0.054330312
2657,26.56,2.3665738,1338.5431,-205.68758,11.004645,1074.6447,42.418159,-137.98431,1328.056,-114.28104,-248.13814,992.47107,-127.21428,-202.48322,795.8717,-14.392702,133.8459,1336.3467,-117.5503,253.27126,1003.6461,-98.457191,194.78801,803.18201,-0.3174538
2658,26.57,2.6640868,1338.6533,-205.39323,11.002771,1074.514,42.314289,-137.82486,1328.0145,-114.14655,-248.38548,992.50922,-128.24367,-203.71606,795.54645,-16.033838,134.05632,1336.3434,-117.1454,253.16376,1003.4691,-98.914047,194.50229,802.42572,-2.4551506
2659,26.58,2.9181552,1338.8459,-205.2085,11.013945,1074.3534,42.148022,-137.64009,1328.03,-113.91129,-248.31255,992.89435,-129.74396,-204.9077,795.29901,-17.755941,134.25638,1336.3409,-116.70784,253.04991,1003.2784,-99.45182,194.16461,802.38824,-2.8294206
2660,26.59,3.1572549,1338.9438,-204.87195,11.021589,1074.1942,42.013062,-137.45619,1328.0127,-113.7155,-248.84724,993.02008,-130.72786,-206.05162,795.09485,-19.34021,134.46275,1336.3181,-116.30268,253.00589,1003.0927,-99.969231,193.85098,802.04498,-3.8109059
2661,26.6,3.428231,1339.1008,-204.63696,11.029597,1074.0392,41.89394,-137.31081,1328.0426,-113.60274,-249.08328,993.21887,-131.77466,-207.09154,794.88678,-20.833893,134.66318,1336.3275,-115.90574,252.96837,1002.9302,-100.5125,193.71039,801.36987,-5.4740458
2662,26.61,3.6672153,1339.2383,-204.37971,11.031274,1073.8975,41.722511,-137.12773,1328.0518,-113.43851,-249.24681,993.42712,-132.88782,-208.11501,794.71826,-22.22736,134.89183,1336.3242,-115.5771,252.9234,1002.7417,-101.0855,193.69785,801.4826,-5.4086499
2663,26.62,3.9667864,1339.3118,-204.12222,11.006827,1073.7753,41.605488,-136.99062,1328.0801,-113.36091,-249.42012,993.61102,-133.86858,-209.04668,794.59241,-23.529182,135.10994,1336.2817,-115.25872,252.84592,1002.6046,-101.72089,194.02675,801.25623,-5.9336104
2664,26.63,4.2082024,1339.4208,-203.88933,11.019288,1073.672,41.447269,-136.82655,1328.1519,-113.29794,-249.57265,993.85522,-134.94313,-209.92094,794.46271,-24.707172,135.29231,1336.2524,-115.02357,252.76178,1002.4982,-102.39564,194.47566,801.14783,-6.2365432
2665,26.64,4.3557277,1339.467,-203.69965,11.009635,1073.5442,41.332462,-136.7038,1328.1919,-113.25581,-249.67899,994.01703,-135.78772,-210.70711,794.4472,-26.142632,135.43089,1336.1964,-114.84626,252.71513,1002.4128,-103.12122,195.01633,801.02002,-6.4669518
2666,26.65,4.5575199,1339.5938,-203.64575,11.009281,1073.4662,41.219875,-136.55022,1328.2562,-113.19414,-249.73515,994.1767,-136.51772,-211.40285,794.32721,-27.052963,135.59717,1336.1559,-114.75945,252.61134,1002.3919,-103.8594,195.50891,800.96808,-6.7359271
2667,26.66,4.686121,1339.6791,-203.51443,10.995289,1073.403,41.094074,-136.4579,1328.3258,-113.08426,-249.78499,994.38354,-137.40067,-212.03763,794.31573,-28.172562,135.7382,1336.1133,-114.66943,252.59683,1002.3376,-104.26511,195.92169,800.94476,-6.9363494
2668,26.67,4.7759538,1339.7708,-203.40814,10.978608,1073.3174,40.895782,-136.35052,1328.3898,-113.08113,-249.83401,994.58069,-138.17978,-212.58594,794.23016,-29.052845,135.85542,1336.0524,-114.61268,252.63161,1002.2535,-104.54585,196.26248,800.9281,-7.0332103
2669,26.68,4.8102102,1339.8561,-203.37961,10.991004,1073.2655,40.751152,-136.29591,1328.4589,-112.95947,-249.87923,994.7428,-138.7937,-213.07695,794.14221,-29.963095,135.96364,1336.03,-114.64653,252.6994,1002.1709,-104.70536,196.49561,800.88727,-7.1318898
2670,26.69,4.8559208,1339.9276,-203.30849,10.953312,1073.1993,40.574223,-136.26381,1328.5223,-112.81944,-249.84074,994.90643,-139.43404,-213.45605,794.16107,-30.727333,136.03189,1336.004,-114.67021,252.78935,1002.1276,-104.71071,196.66985,800.90009,-7.1971335
2671,26.7,4.8560677,1340.0099,-203.29088,10.958656,1073.1382,40.424778,-136.24089,1328.5646,-112.6837,-249.82059,994.98669,-139.84019,-213.72398,794.13635,-31.395845,136.06107,1335.9735,-114.75092,252.94498,1002.1343,-104.7567,196.73291,800.92181,-7.1984429
2672,26.71,4.8433437,1340.0452,-203.13387,10.971842,1073.08,40.247074,-136.21397,1328.6521,-112.72484,-249.78085,995.13544,-140.295,-213.9095,794.14508,-32.107315,136.10104,1335.953,-114.82135,253.09697,1002.1248,-104.72719,196.77469,800.96185,-7.12009
2673,26.72,4.825264,1340.1494,-203.20453,10.955892,1073.035,40.11829,-136.22496,1328.7307,-112.61086,-249.70186,995.23193,-140.63739,-214.04846,794.065,-32.459759,136.10995,1335.9229,-114.90327,253.31181,1002.1389,-104.63776,196.73892,801.02527,-7.0601254
2674,26.73,4.8043017,1340.1921,-203.16867,10.957383,1072.9836,40.001842,-136.21494,1328.7762,-112.53617,-249.65462,995.29138,-140.8737,-214.09956,794.05786,-32.933342,136.12839,1335.9039,-114.95744,253.55011,1002.1362,-104.46247,196.67787,801.09058,-6.9250388
2675,26.74,4.7713847,1340.2509,-203.14986,10.910612,1072.9285,39.880386,-136.20976,1328.8267,-112.43262,-249.17693,995.4101,-141.31439,-214.05103,794.08044,-33.238483,136.13924,1335.885,-115.01155,253.67609,1002.1058,-104.25762,196.54216,801.17102,-6.7388902
2676,26.75,4.7409954,1340.313,-203.13231,10.91428,1072.8494,39.765984,-136.19141,1328.8832,-112.35433,-249.08737,995.49738,-141.47717,-213.93686,794.08136,-33.435745,136.16188,1335.8568,-115.07175,253.74731,1002.0847,-103.94218,196.2984,801.26575,-6.5226383
2677,26.76,4.7367954,1340.365,-203.06723,10.920724,1072.8234,39.612267,-136.17165,1328.9491,-112.34115,-249.25464,995.4375,-141.33936,-213.73692,794.08228,-33.578674,136.1638,1335.828,-115.07265,253.86134,1002.0493,-103.75026,195.97205,801.39453,-6.370554
2678,26.77,4.7410293,1340.4885,-203.14622,10.914837,1072.7681,39.509304,-136.16563,1328.9962,-112.27493,-249.25888,995.55975,-141.33936,-213.4857,794.09985,-33.539768,136.19643,1335.8193,-115.09384,253.92711,1002.0239,-103.50201,195.64557,801.48938,-6.1610885
2679,26.78,4.7754226,1340.5785,-203.1404,10.907555,1072.73,39.340645,-136.15779,1329.0398,-112.19294,-248.82849,995.55841,-141.40796,-213.14046,794.13647,-33.501778,136.21042,1335.8099,-115.11151,254.03514,1002.0124,-103.26182,195.25362,801.57428,-5.9959841
2680,26.79,4.797955,1340.6429,-203.12923,10.901197,1072.6901,39.26553,-136.10687,1329.1064,-112.21976,-248.71066,995.5686,-141.3051,-212.72478,794.19598,-33.276493,136.22209,1335.8022,-115.09798,254.13498,1001.9631,-103.03597,194.84373,801.67029,-5.8040953
2681,26.8,4.8266678,1340.7435,-203.16412,10.907643,1072.6422,39.102871,-136.03938,1329.166,-112.1832,-248.9427,995.54608,-140.96806,-212.32591,794.31079,-33.068748,136.28195,1335.7821,-115.08592,254.18523,1001.9444,-102.79461,194.49324,801.72723,-5.6478581
2682,26.81,4.9103351,1340.7697,-203.13359,10.905899,1072.6124,38.994545,-135.98125,1329.2051,-112.16071,-248.8027,995.52087,-140.731,-211.85286,794.41962,-32.642773,136.31656,1335.7749,-115.09673,254.28825,1001.909,-102.51298,194.0573,801.82013,-5.4491086
2683,26.82,4.9590783,1340.8195,-203.16083,10.90004,1072.5941,38.883396,-135.89941,1329.2953,-112.18481,-248.64542,995.55463,-140.56038,-211.29506,794.6579,-32.232639,136.39998,1335.7657,-115.09689,254.38857,1001.8426,-102.26773,193.58598,801.88367,-5.2116003
2684,26.83,5.051765,1340.8806,-203.17223,10.89739,1072.6123,38.785595,-135.82645,1329.347,-112.20204,-248.47058,995.51379,-140.34395,-210.76068,794.87463,-31.757296,136.50848,1335.7585,-115.1195,254.39485,1001.766,-102.08524,193.18568,801.52222,-5.8293839
2685,26.84,5.1629152,1340.9332,-203.16214,10.949227,1072.6063,38.697487,-135.71231,1329.4196,-112.32445,-248.36031,995.51373,-140.13251,-210.23146,795.07318,-31.022955,136.60078,1335.7148,-115.12221,254.41205,1001.6733,-101.93445,192.69713,801.93671,-4.9146028
2686,26.85,5.3039389,1341.0111,-203.20772,10.999623,1072.6309,38.643532,-135.60217,1329.4852,-112.32393,-248.17148,995.49756,-139.90379,-209.61534,795.35571,-30.368801,136.73543,1335.6935,-115.18277,254.22272,1001.6116,-101.99101,192.29784,801.97076,-4.7380571
2687,26.86,5.4347529,1341.0703,-203.27762,11.035678,1072.6307,38.570938,-135.48648,1329.5685,-112.37319,-247.96432,995.46057,-139.66713,-209.04266,795.67389,-29.542856,136.90765,1335.672,-115.2071,254.28763,1001.4701,-101.68607,191.86087,802.01422,-4.5088801
2688,26.87,5.5818443,1341.1565,-203.34521,11.114601,1072.6848,38.527538,-135.36938,1329.6262,-112.43965,-247.77896,995.39856,-139.37061,-208.37086,796.04132,-28.727892,137.05412,1335.6631,-115.26738,254.17966,1001.3597,-101.60516,191.38223,802.03998,-4.3212605
2689,26.88,5.6980171,1341.1326,-203.27405,11.192865,1072.7275,38.430931,-135.24248,1329.71,-112.46461,-247.58998,995.39087,-139.13438,-207.72311,796.41833,-27.801197,137.18848,1335.6554,-115.34425,254.09949,1001.2542,-101.54449,190.91489,802.0954,-4.1671281
2690,26.89,5.8325224,1341.1893,-203.2924,11.262554,1072.7981,38.422829,-135.11392,1329.7898,-112.53692,-246.97823,995.37695,-139.0106,-207.08467,796.81268,-26.836054,137.35469,1335.6422,-115.38889,253.84259,1001.1599,-101.58633,190.46417,802.11548,-3.9729536
2691,26.9,5.9538651,1341.2356,-203.37354,11.383285,1072.8521,38.393894,-134.98279,1329.8792,-112.63416,-246.79393,995.3844,-138.78842,-206.42952,797.23511,-25.86466,137.49593,1335.6232,-115.45818,253.70297,1001.0377,-101.57929,190.06657,801.70367,-4.6700044
2692,26.91,6.086729,1341.3254,-203.49121,11.46342,1072.9043,38.321468,-134.83873,1329.9335,-112.66512,-246.63431,995.38116,-138.47758,-205.70352,797.65021,-24.732954,137.63095,1335.6084,-115.53093,253.58644,1000.9286,-101.49892,189.5387,801.74213,-4.56426
2693,26.92,6.2007604,1341.3506,-203.45724,11.585844,1072.962,38.171242,-134.71733,1329.9911,-112.66128,-246.83398,995.25739,-137.89201,-205.0152,798.07709,-23.598234,137.77605,1335.6062,-115.64121,253.42792,1000.8104,-101.44849,189.07059,801.76416,-4.5109363
2694,26.93,6.2833257,1341.3864,-203.56717,11.690248,1073.0032,38.082886,-134.57808,1330.0702,-112.71286,-246.67389,995.2323,-137.50055,-204.27303,798.59448,-22.491703,137.91873,1335.5908,-115.73071,253.45799,1000.7363,-101.28439,188.67464,801.98431,-3.4393756
2695,26.94,6.3760052,1341.439,-203.58919,11.763397,1073.0483,37.929165,-134.44435,1330.1222,-112.74998,-246.19057,995.2204,-137.27446,-203.48735,799.08099,-21.352106,138.04405,1335.5956,-115.88719,253.30522,1000.6315,-101.27971,188.27011,802.00067,-3.4955332
2696,26.95,6.4506664,1341.463,-203.67032,11.875977,1073.093,37.885899,-134.32295,1330.1608,-112.74083,-246.42439,995.15521,-136.73543,-202.82323,799.54413,-20.242897,138.15501,1335.5739,-116.02556,253.20938,1000.5574,-101.33413,187.87228,801.96417,-3.5976908
2697,26.96,6.5402141,1341.5369,-203.87691,11.986048,1073.1306,37.722889,-134.20045,1330.2281,-112.80884,-246.32463,995.08905,-136.30443,-202.03543,800.05029,-19.065922,138.28178,1335.5619,-116.20975,253.11241,1000.4899,-101.35461,187.54745,801.94452,-3.74704
2698,26.97,6.5820117,1341.5636,-203.99611,12.057206,1073.1481,37.648804,-134.07599,1330.2867,-112.89487,-246.19989,995.05408,-135.87485,-201.28789,800.47168,-17.823334,138.37979,1335.5474,-116.38795,253.10698,1000.4031,-101.42205,187.24458,802.10303,-3.5895848
2699,26.98,6.6443825,1341.5825,-204.19205,12.164393,1073.1841,37.533726,-133.96835,1330.2921,-112.78358,-246.1409,995.03076,-135.40123,-200.5081,800.9953,-16.706602,138.45631,1335.5167,-116.60484,253.09628,1000.369,-101.52644,187.02005,801.83167,-4.8536353
2700,26.99,6.6653886,1341.6079,-204.36826,12.234253,1073.2377,37.440529,-133.88635,1330.3777,-112.92109,-246.08842,994.93451,-134.87703,-199.74542,801.4104,-15.500259,138.53876,1335.4901,-116.87282,253.09735,1000.2971,-101.65091,186.92168,802.16962,-3.8095841
